age,workclass,fnlwgt,education,education_num,marital_status,occupation,relationship,race,sex,capital_gain,capital_loss,hours_per_week,native_country,income
25,Private,120450,HS-grad,9,Never-married,Other-service,Not-in-family,White,Male,0,0,40,United-States,<=50K
57,Private,303986,5th-6th,3,Never-married,Other-service,Not-in-family,White,Male,0,0,40,Cuba,<=50K
45,Private,101320,HS-grad,9,Divorced,Adm-clerical,Unmarried,White,Female,0,0,40,United-States,<=50K
41,Private,183850,HS-grad,9,Divorced,Sales,Not-in-family,White,Male,0,0,50,United-States,<=50K
77,Private,253642,7th-8th,4,Married-civ-spouse,Machine-op-inspct,Husband,Other,Male,0,0,30,United-States,<=50K
45,Private,187581,Some-college,10,Married-civ-spouse,Craft-repair,Husband,White,Male,0,0,40,United-States,>50K
45,Private,155489,Some-college,10,Married-civ-spouse,Sales,Husband,White,Male,0,0,60,United-States,>50K
25,Private,108658,HS-grad,9,Never-married,Exec-managerial,Not-in-family,White,Male,0,0,45,United-States,<=50K
31,Local-gov,213307,HS-grad,9,Never-married,Adm-clerical,Own-child,White,Female,0,0,40,United-States,<=50K
35,Private,29145,Assoc-voc,11,Never-married,Transport-moving,Not-in-family,White,Male,0,0,40,United-States,<=50K
57,Private,71367,HS-grad,9,Divorced,Other-service,Unmarried,White,Female,0,0,40,United-States,<=50K
30,Private,207668,Bachelors,13,Never-married,Tech-support,Not-in-family,White,Male,0,0,60,Hungary,<=50K
36,Private,143774,Some-college,10,Married-civ-spouse,Adm-clerical,Wife,White,Female,0,0,12,United-States,>50K
24,Private,143436,Some-college,10,Never-married,Handlers-cleaners,Own-child,White,Male,0,0,24,United-States,<=50K
21,Private,222993,HS-grad,9,Never-married,Machine-op-inspct,Own-child,White,Male,0,0,40,United-States,<=50K
28,Private,124680,Bachelors,13,Never-married,Exec-managerial,Not-in-family,White,Female,6849,0,60,United-States,<=50K
26,Private,211265,Some-college,10,Married-spouse-absent,Craft-repair,Other-relative,Black,Female,0,0,35,Dominican-Republic,<=50K
30,Private,172304,Assoc-voc,11,Married-civ-spouse,Exec-managerial,Husband,White,Male,0,0,55,United-States,<=50K
37,Private,240837,HS-grad,9,Divorced,Other-service,Not-in-family,White,Female,0,0,30,United-States,<=50K
47,Local-gov,37672,Bachelors,13,Married-civ-spouse,Prof-specialty,Wife,White,Female,0,0,45,United-States,<=50K
42,Private,307638,HS-grad,9,Divorced,Adm-clerical,Own-child,White,Female,0,0,40,United-States,<=50K
19,Private,259352,HS-grad,9,Never-married,Sales,Not-in-family,White,Male,0,0,45,United-States,<=50K
41,Private,163174,HS-grad,9,Never-married,Adm-clerical,Not-in-family,White,Female,0,0,40,United-States,<=50K
38,Private,95654,HS-grad,9,Married-civ-spouse,Adm-clerical,Wife,White,Female,0,0,60,United-States,<=50K
40,Private,262872,Bachelors,13,Never-married,Adm-clerical,Not-in-family,White,Female,0,0,40,United-States,<=50K
62,Private,162825,HS-grad,9,Married-civ-spouse,Machine-op-inspct,Husband,White,Male,0,0,40,United-States,>50K
67,Self-emp-not-inc,141085,HS-grad,9,Divorced,Prof-specialty,Not-in-family,White,Female,0,0,20,United-States,<=50K
29,Self-emp-not-inc,245790,10th,6,Divorced,Craft-repair,Not-in-family,White,Male,0,0,80,United-States,<=50K
23,Private,214120,HS-grad,9,Never-married,Priv-house-serv,Own-child,White,Male,0,0,40,United-States,<=50K
35,Private,167990,9th,5,Married-civ-spouse,Machine-op-inspct,Husband,White,Male,0,0,40,Canada,<=50K
54,Private,124194,HS-grad,9,Widowed,Other-service,Unmarried,White,Female,0,0,40,United-States,<=50K
38,Private,275223,Some-college,10,Married-civ-spouse,Sales,Husband,White,Male,7298,0,40,United-States,>50K
36,Private,290409,Some-college,10,Married-civ-spouse,Transport-moving,Husband,White,Male,0,0,40,United-States,<=50K
43,Self-emp-inc,130126,Some-college,10,Married-civ-spouse,Exec-managerial,Husband,White,Male,15024,0,45,United-States,>50K
46,Private,165138,Some-college,10,Married-civ-spouse,Transport-moving,Husband,White,Male,0,0,45,United-States,>50K
39,Private,344743,Some-college,10,Married-civ-spouse,Adm-clerical,Own-child,Black,Female,0,0,50,United-States,>50K
34,Private,214288,HS-grad,9,Never-married,Craft-repair,Own-child,White,Male,0,0,40,United-States,<=50K
20,Private,112847,HS-grad,9,Never-married,Farming-fishing,Own-child,Asian-Pac-Islander,Male,0,0,40,United-States,<=50K
24,Private,234640,HS-grad,9,Married-spouse-absent,Sales,Own-child,White,Female,0,0,36,United-States,<=50K
39,Private,188503,Bachelors,13,Married-civ-spouse,Exec-managerial,Wife,White,Female,0,0,60,United-States,>50K
31,Private,34503,Assoc-voc,11,Married-civ-spouse,Craft-repair,Husband,White,Male,0,0,40,United-States,>50K
59,Private,100453,7th-8th,4,Separated,Other-service,Own-child,Black,Female,0,0,38,United-States,<=50K
65,Private,169047,HS-grad,9,Never-married,Machine-op-inspct,Not-in-family,White,Male,0,0,10,United-States,<=50K
23,Private,107190,Some-college,10,Never-married,Adm-clerical,Own-child,Black,Male,0,0,20,United-States,<=50K
53,Federal-gov,117847,Assoc-acdm,12,Married-civ-spouse,Adm-clerical,Husband,White,Male,0,0,40,United-States,<=50K
80,,281768,Assoc-acdm,12,Married-civ-spouse,,Husband,White,Male,0,0,4,United-States,<=50K
55,Private,31905,Masters,14,Married-civ-spouse,Exec-managerial,Husband,White,Male,0,1977,40,United-States,>50K
26,Private,190762,Some-college,10,Married-civ-spouse,Sales,Husband,White,Male,0,0,18,United-States,<=50K
36,Private,188571,HS-grad,9,Married-civ-spouse,Craft-repair,Husband,White,Male,0,0,40,United-States,<=50K
79,,76641,Masters,14,Married-civ-spouse,,Husband,White,Male,20051,0,40,Poland,>50K
35,Self-emp-not-inc,264627,11th,7,Divorced,Exec-managerial,Unmarried,White,Female,0,0,84,United-States,<=50K
18,Private,195372,11th,7,Never-married,Other-service,Own-child,White,Female,0,0,20,United-States,<=50K
49,Federal-gov,94754,Masters,14,Married-civ-spouse,Adm-clerical,Husband,White,Male,0,0,40,United-States,>50K
42,Self-emp-not-inc,217826,HS-grad,9,Married-civ-spouse,Craft-repair,Husband,Black,Male,0,0,25,Jamaica,<=50K
20,Private,386643,Some-college,10,Never-married,Other-service,Own-child,White,Female,0,0,40,United-States,<=50K
48,Private,177775,HS-grad,9,Divorced,Exec-managerial,Not-in-family,White,Female,0,0,40,United-States,<=50K
40,Private,327573,Assoc-voc,11,Married-civ-spouse,Craft-repair,Husband,White,Male,0,0,40,United-States,<=50K
26,Private,248990,Some-college,10,Never-married,Craft-repair,Own-child,White,Male,0,0,40,United-States,<=50K
42,Private,115511,Doctorate,16,Married-civ-spouse,Prof-specialty,Husband,White,Male,0,0,50,United-States,<=50K
30,Private,115040,HS-grad,9,Married-civ-spouse,Transport-moving,Husband,White,Male,0,0,40,United-States,<=50K
72,Self-emp-not-inc,473748,HS-grad,9,Married-civ-spouse,Sales,Husband,White,Male,0,0,30,United-States,<=50K
21,,123727,Some-college,10,Never-married,,Not-in-family,White,Female,0,0,28,United-States,<=50K
43,Local-gov,188280,Masters,14,Divorced,Prof-specialty,Unmarried,White,Female,914,0,40,United-States,<=50K
39,Private,186183,Masters,14,Married-civ-spouse,Prof-specialty,Husband,White,Male,0,0,40,United-States,>50K
31,Private,312667,9th,5,Married-civ-spouse,Craft-repair,Husband,White,Male,0,0,40,United-States,<=50K
79,Private,120707,Doctorate,16,Married-civ-spouse,Prof-specialty,Husband,White,Male,20051,0,35,El-Salvador,>50K
35,Private,92028,Masters,14,Married-civ-spouse,Exec-managerial,Husband,White,Male,0,0,50,United-States,>50K
25,Private,200408,Some-college,10,Never-married,Tech-support,Not-in-family,White,Male,2174,0,40,United-States,<=50K
39,Private,96452,Masters,14,Married-civ-spouse,Exec-managerial,Husband,White,Male,0,0,55,United-States,>50K
55,Local-gov,110490,Bachelors,13,Married-civ-spouse,Prof-specialty,Wife,White,Female,0,0,60,United-States,<=50K
20,,432376,Some-college,10,Never-married,,Own-child,White,Male,0,0,40,Germany,<=50K
34,Private,212064,HS-grad,9,Separated,Adm-clerical,Unmarried,White,Female,7443,0,35,United-States,<=50K
30,Private,221043,HS-grad,9,Married-civ-spouse,Craft-repair,Husband,White,Male,0,0,35,United-States,<=50K
39,Self-emp-inc,168355,HS-grad,9,Married-civ-spouse,Exec-managerial,Husband,White,Male,0,0,70,United-States,<=50K
35,Private,186183,HS-grad,9,Married-civ-spouse,Transport-moving,Husband,White,Male,15024,0,80,United-States,>50K
50,Private,138852,Some-college,10,Divorced,Craft-repair,Not-in-family,White,Male,4650,0,22,United-States,<=50K
26,Private,45869,Bachelors,13,Never-married,Handlers-cleaners,Own-child,White,Male,0,0,40,United-States,<=50K
31,Private,173495,HS-grad,9,Never-married,Other-service,Own-child,White,Male,0,0,35,United-States,<=50K
28,Local-gov,146949,HS-grad,9,Married-civ-spouse,Handlers-cleaners,Husband,White,Male,0,0,40,United-States,<=50K
60,Private,167670,Bachelors,13,Married-civ-spouse,Prof-specialty,Husband,White,Male,0,0,35,United-States,<=50K
46,Private,192779,Bachelors,13,Never-married,Sales,Not-in-family,White,Male,0,0,45,United-States,>50K
23,Private,140414,HS-grad,9,Married-civ-spouse,Craft-repair,Husband,White,Male,0,0,40,United-States,<=50K
17,Private,63734,10th,6,Never-married,Handlers-cleaners,Own-child,White,Male,0,0,20,United-States,<=50K
62,Local-gov,151369,HS-grad,9,Never-married,Craft-repair,Not-in-family,White,Male,0,0,40,United-States,<=50K
42,Local-gov,125155,HS-grad,9,Married-civ-spouse,Protective-serv,Husband,White,Male,0,0,90,United-States,<=50K
58,Private,72812,10th,6,Never-married,Other-service,Not-in-family,White,Male,0,0,40,United-States,<=50K
31,Private,209538,10th,6,Married-civ-spouse,Craft-repair,Husband,White,Male,0,0,40,United-States,<=50K
29,,350603,10th,6,Never-married,,Own-child,White,Female,0,0,38,United-States,<=50K
27,Private,181659,HS-grad,9,Married-civ-spouse,Machine-op-inspct,Husband,White,Male,0,0,40,United-States,<=50K
45,Private,165232,Some-college,10,Divorced,Tech-support,Not-in-family,Black,Female,0,0,40,Trinadad&Tobago,<=50K
23,Private,478994,Some-college,10,Never-married,Other-service,Own-child,White,Female,0,0,40,United-States,<=50K
27,Local-gov,138917,Bachelors,13,Never-married,Prof-specialty,Not-in-family,White,Male,0,0,35,United-States,<=50K
47,Local-gov,123681,Masters,14,Married-civ-spouse,Prof-specialty,Husband,White,Male,7688,0,60,United-States,>50K
63,,97823,11th,7,Married-civ-spouse,,Husband,White,Male,0,0,40,United-States,<=50K
48,Self-emp-inc,238966,Some-college,10,Divorced,Exec-managerial,Not-in-family,White,Male,0,0,40,United-States,<=50K
33,Private,223212,HS-grad,9,Divorced,Craft-repair,Unmarried,White,Male,0,0,40,United-States,<=50K
41,Local-gov,174575,HS-grad,9,Married-civ-spouse,Craft-repair,Husband,White,Male,0,0,40,United-States,<=50K
45,Private,102202,Assoc-voc,11,Divorced,Adm-clerical,Not-in-family,White,Female,0,0,40,United-States,<=50K
20,Private,176178,HS-grad,9,Never-married,Sales,Own-child,White,Female,0,0,35,United-States,<=50K
75,Self-emp-not-inc,231741,Doctorate,16,Married-civ-spouse,Prof-specialty,Husband,White,Male,4931,0,3,United-States,<=50K
46,Federal-gov,162187,Bachelors,13,Married-civ-spouse,Prof-specialty,Husband,White,Male,0,0,40,United-States,>50K
36,Private,188972,Some-college,10,Never-married,Prof-specialty,Not-in-family,White,Female,0,0,40,United-States,<=50K
36,Private,248010,HS-grad,9,Married-civ-spouse,Adm-clerical,Husband,White,Male,0,0,45,United-States,<=50K
48,Private,235646,Some-college,10,Married-civ-spouse,Sales,Husband,White,Male,3103,0,40,United-States,>50K
46,Self-emp-not-inc,176863,HS-grad,9,Married-civ-spouse,Exec-managerial,Husband,White,Male,0,0,40,United-States,<=50K
32,Private,127875,Bachelors,13,Married-civ-spouse,Tech-support,Wife,White,Female,0,0,40,United-States,>50K
42,Private,240628,Bachelors,13,Married-civ-spouse,Exec-managerial,Wife,White,Female,0,0,40,United-States,>50K
35,Private,206951,Some-college,10,Married-civ-spouse,Sales,Husband,White,Male,0,0,40,United-States,>50K
52,Federal-gov,37289,Masters,14,Never-married,Adm-clerical,Not-in-family,White,Female,0,0,40,United-States,>50K
55,Private,197114,Some-college,10,Married-civ-spouse,Transport-moving,Husband,White,Male,0,0,6,United-States,>50K
19,State-gov,144429,Some-college,10,Never-married,Prof-specialty,Own-child,White,Male,0,0,10,United-States,<=50K
19,Private,195985,HS-grad,9,Never-married,Other-service,Not-in-family,White,Female,0,0,50,United-States,<=50K
27,Private,187392,HS-grad,9,Never-married,Other-service,Not-in-family,White,Female,0,0,40,United-States,<=50K
34,Private,176469,Bachelors,13,Never-married,Sales,Not-in-family,White,Male,0,0,38,United-States,<=50K
59,,409842,Masters,14,Married-civ-spouse,,Husband,White,Male,0,0,20,United-States,<=50K
50,Private,155574,HS-grad,9,Married-civ-spouse,Prof-specialty,Husband,White,Male,0,0,40,United-States,>50K
21,Private,35424,Some-college,10,Never-married,Sales,Own-child,White,Female,0,0,25,United-States,<=50K
20,Private,161092,Some-college,10,Never-married,Handlers-cleaners,Own-child,White,Male,0,0,40,United-States,<=50K
30,Private,151773,Some-college,10,Married-civ-spouse,Machine-op-inspct,Husband,White,Male,0,0,40,United-States,>50K
78,Self-emp-inc,212660,11th,7,Married-civ-spouse,Exec-managerial,Husband,White,Male,0,0,10,United-States,<=50K
33,Self-emp-not-inc,176185,HS-grad,9,Married-civ-spouse,Craft-repair,Husband,White,Male,0,0,40,United-States,<=50K
31,Private,295697,HS-grad,9,Separated,Other-service,Unmarried,Black,Female,0,0,40,United-States,<=50K
22,Private,216134,Some-college,10,Never-married,Sales,Own-child,Black,Female,0,0,40,United-States,<=50K
31,Private,189461,Assoc-acdm,12,Divorced,Adm-clerical,Unmarried,White,Female,0,0,41,United-States,<=50K
70,Private,304570,Bachelors,13,Widowed,Machine-op-inspct,Other-relative,Asian-Pac-Islander,Male,0,0,32,Philippines,<=50K
34,Private,185063,Some-college,10,Married-civ-spouse,Machine-op-inspct,Husband,White,Male,0,0,45,United-States,>50K
52,Private,113094,Bachelors,13,Separated,Adm-clerical,Unmarried,White,Female,0,1092,40,United-States,<=50K
33,Federal-gov,137059,Some-college,10,Never-married,Other-service,Not-in-family,White,Female,0,0,10,United-States,<=50K
27,Self-emp-not-inc,208406,Bachelors,13,Married-civ-spouse,Exec-managerial,Husband,White,Male,0,0,60,United-States,>50K
46,Local-gov,375675,12th,8,Married-civ-spouse,Other-service,Husband,White,Male,0,0,35,United-States,>50K
66,Self-emp-inc,249043,Bachelors,13,Married-civ-spouse,Sales,Husband,White,Male,5556,0,26,United-States,>50K
45,Private,116163,HS-grad,9,Separated,Exec-managerial,Not-in-family,White,Female,0,0,40,United-States,<=50K
52,Private,124993,HS-grad,9,Never-married,Craft-repair,Own-child,White,Male,0,0,55,United-States,<=50K
46,Private,52291,Bachelors,13,Married-civ-spouse,Prof-specialty,Husband,White,Male,7688,0,45,United-States,>50K
23,Private,190273,Bachelors,13,Never-married,Prof-specialty,Own-child,White,Male,0,0,40,United-States,<=50K
26,Private,244372,HS-grad,9,Married-civ-spouse,Adm-clerical,Wife,White,Female,0,0,52,United-States,>50K
17,Private,132636,11th,7,Never-married,Transport-moving,Own-child,White,Female,0,0,16,United-States,<=50K
35,Private,331831,Bachelors,13,Married-civ-spouse,Sales,Husband,White,Male,0,0,40,United-States,<=50K
40,Private,558944,7th-8th,4,Never-married,Farming-fishing,Own-child,White,Male,0,0,40,United-States,<=50K
59,Private,183606,11th,7,Married-civ-spouse,Machine-op-inspct,Husband,White,Male,0,0,40,United-States,<=50K
20,Private,211968,Some-college,10,Never-married,Prof-specialty,Own-child,White,Female,0,0,15,United-States,<=50K
34,Private,182218,Assoc-voc,11,Divorced,Prof-specialty,Unmarried,White,Female,0,0,40,United-States,<=50K
45,Private,123283,HS-grad,9,Separated,Machine-op-inspct,Unmarried,Black,Female,0,0,15,United-States,<=50K
62,Private,252668,Masters,14,Never-married,Prof-specialty,Not-in-family,White,Male,0,0,70,United-States,<=50K
31,Local-gov,151726,Assoc-acdm,12,Never-married,Adm-clerical,Own-child,Amer-Indian-Eskimo,Female,0,0,40,United-States,<=50K
38,Private,63509,HS-grad,9,Married-civ-spouse,Craft-repair,Husband,White,Male,0,0,40,United-States,>50K
20,Private,378546,HS-grad,9,Never-married,Craft-repair,Own-child,White,Male,0,0,25,United-States,<=50K
35,Private,298635,Bachelors,13,Never-married,Sales,Not-in-family,Asian-Pac-Islander,Male,0,0,50,United-States,<=50K
38,Local-gov,172855,Bachelors,13,Married-civ-spouse,Prof-specialty,Wife,Black,Female,0,1887,40,United-States,>50K
48,Private,171807,Bachelors,13,Divorced,Other-service,Unmarried,White,Female,0,0,56,United-States,>50K
61,Private,34632,12th,8,Married-spouse-absent,Prof-specialty,Not-in-family,White,Male,0,0,40,United-States,<=50K
49,Self-emp-not-inc,349986,Bachelors,13,Married-civ-spouse,Prof-specialty,Husband,White,Male,0,0,60,United-States,>50K
39,Private,110713,Bachelors,13,Married-civ-spouse,Sales,Husband,White,Male,0,0,50,United-States,>50K
41,Private,406603,HS-grad,9,Never-married,Other-service,Not-in-family,White,Male,0,0,6,Iran,<=50K
29,Private,233168,Bachelors,13,Married-civ-spouse,Prof-specialty,Wife,White,Female,0,0,46,United-States,>50K
58,Federal-gov,244830,Bachelors,13,Separated,Prof-specialty,Not-in-family,White,Male,4787,0,40,United-States,>50K
30,Self-emp-inc,443546,Assoc-voc,11,Married-civ-spouse,Sales,Husband,White,Male,0,0,35,United-States,<=50K
28,,127833,HS-grad,9,Never-married,,Unmarried,Black,Female,0,0,40,United-States,<=50K
24,Private,211345,Some-college,10,Never-married,Other-service,Own-child,White,Female,0,0,40,Mexico,<=50K
27,Federal-gov,246372,HS-grad,9,Married-civ-spouse,Other-service,Husband,White,Male,0,0,40,United-States,<=50K
19,,45643,Some-college,10,Never-married,,Own-child,White,Female,0,0,25,United-States,<=50K
22,Private,136824,11th,7,Never-married,Adm-clerical,Not-in-family,White,Male,0,0,40,United-States,<=50K
53,Private,229465,Masters,14,Married-civ-spouse,Exec-managerial,Husband,White,Male,0,0,55,United-States,>50K
38,Private,22245,HS-grad,9,Married-civ-spouse,Exec-managerial,Husband,White,Male,0,0,60,United-States,>50K
50,Private,145409,HS-grad,9,Married-civ-spouse,Transport-moving,Husband,White,Male,0,0,50,United-States,>50K
51,Private,136913,HS-grad,9,Married-civ-spouse,Machine-op-inspct,Husband,White,Male,0,0,40,United-States,<=50K
44,Self-emp-not-inc,38876,HS-grad,9,Married-civ-spouse,Farming-fishing,Husband,White,Male,0,0,40,United-States,<=50K
35,Private,160120,Bachelors,13,Married-civ-spouse,Adm-clerical,Husband,Asian-Pac-Islander,Male,0,0,40,Philippines,>50K
38,Self-emp-not-inc,261382,Some-college,10,Married-civ-spouse,Transport-moving,Husband,White,Male,0,0,40,United-States,<=50K
19,,184308,Some-college,10,Married-civ-spouse,,Wife,White,Female,0,0,30,United-States,<=50K
25,Private,125159,Assoc-acdm,12,Married-civ-spouse,Handlers-cleaners,Husband,Black,Male,0,0,40,Jamaica,<=50K
68,,38317,1st-4th,2,Divorced,,Not-in-family,White,Female,0,0,20,United-States,<=50K
28,Private,76129,HS-grad,9,Never-married,Machine-op-inspct,Unmarried,White,Female,0,0,40,Guatemala,<=50K
37,Private,143912,HS-grad,9,Divorced,Transport-moving,Not-in-family,White,Male,0,0,50,United-States,<=50K
34,Private,200192,Some-college,10,Never-married,Other-service,Not-in-family,White,Female,0,0,40,United-States,<=50K
19,Private,323421,Some-college,10,Never-married,Handlers-cleaners,Own-child,White,Male,0,0,20,United-States,<=50K
30,Private,189620,Some-college,10,Divorced,Prof-specialty,Not-in-family,White,Female,6849,0,40,England,<=50K
28,,205562,Masters,14,Never-married,,Not-in-family,Black,Female,0,0,40,United-States,<=50K
28,Local-gov,250135,Masters,14,Married-civ-spouse,Prof-specialty,Wife,White,Female,0,1902,55,United-States,<=50K
24,Private,241523,HS-grad,9,Married-civ-spouse,Other-service,Husband,White,Male,0,0,45,United-States,>50K
29,Local-gov,115305,Assoc-voc,11,Married-civ-spouse,Protective-serv,Husband,White,Male,7688,0,40,United-States,>50K
49,Local-gov,120451,10th,6,Separated,Other-service,Unmarried,Black,Female,0,0,40,United-States,<=50K
32,Private,272376,Assoc-acdm,12,Never-married,Adm-clerical,Not-in-family,White,Female,0,0,40,United-States,<=50K
29,Self-emp-inc,87745,Some-college,10,Never-married,Exec-managerial,Not-in-family,White,Male,0,0,60,United-States,<=50K
17,Private,41979,10th,6,Never-married,Farming-fishing,Own-child,White,Male,0,0,40,United-States,<=50K
59,Self-emp-inc,103948,HS-grad,9,Married-civ-spouse,Sales,Husband,White,Male,0,0,60,United-States,>50K
44,Federal-gov,308027,Bachelors,13,Divorced,Exec-managerial,Not-in-family,Black,Female,0,0,40,United-States,<=50K
24,Private,325744,HS-grad,9,Never-married,Craft-repair,Not-in-family,White,Male,0,0,40,United-States,<=50K
53,Self-emp-inc,128272,Doctorate,16,Married-civ-spouse,Exec-managerial,Husband,White,Male,0,0,70,United-States,>50K
30,Private,219110,HS-grad,9,Married-civ-spouse,Craft-repair,Husband,White,Male,0,0,46,United-States,<=50K
20,Private,203027,HS-grad,9,Never-married,Farming-fishing,Not-in-family,White,Male,0,0,55,United-States,<=50K
73,Self-emp-not-inc,336007,HS-grad,9,Married-civ-spouse,Sales,Husband,White,Male,0,0,40,United-States,<=50K
42,Private,306496,HS-grad,9,Married-civ-spouse,Other-service,Husband,White,Male,0,0,40,United-States,<=50K
47,Private,146497,Some-college,10,Separated,Adm-clerical,Unmarried,White,Female,0,0,16,Germany,<=50K
32,Private,260954,11th,7,Married-civ-spouse,Craft-repair,Husband,White,Male,0,2042,30,United-States,<=50K
55,Private,144071,11th,7,Married-civ-spouse,Exec-managerial,Husband,White,Male,0,0,45,United-States,<=50K
66,,190324,HS-grad,9,Married-civ-spouse,,Husband,Black,Male,0,0,18,United-States,<=50K
33,Private,424719,Bachelors,13,Divorced,Exec-managerial,Not-in-family,White,Female,0,0,40,United-States,<=50K
29,Private,78261,HS-grad,9,Married-civ-spouse,Machine-op-inspct,Husband,White,Male,0,0,40,United-States,<=50K
31,Private,377850,HS-grad,9,Married-civ-spouse,Craft-repair,Husband,White,Male,0,0,65,United-States,<=50K
45,Private,249935,Bachelors,13,Married-civ-spouse,Farming-fishing,Husband,White,Male,0,0,60,United-States,<=50K
18,,139003,HS-grad,9,Never-married,,Other-relative,Other,Female,0,0,12,United-States,<=50K
18,Private,308889,11th,7,Never-married,Adm-clerical,Other-relative,Asian-Pac-Islander,Female,0,0,20,United-States,<=50K
26,Private,333108,HS-grad,9,Divorced,Sales,Not-in-family,White,Male,0,0,40,United-States,<=50K
52,Local-gov,143533,7th-8th,4,Never-married,Other-service,Other-relative,Black,Female,0,0,40,United-States,<=50K
43,State-gov,310969,Prof-school,15,Married-civ-spouse,Prof-specialty,Husband,Black,Male,0,0,40,United-States,<=50K
35,Private,245090,HS-grad,9,Married-civ-spouse,Craft-repair,Husband,White,Male,0,0,40,Mexico,<=50K
24,Local-gov,32950,Bachelors,13,Never-married,Prof-specialty,Not-in-family,White,Male,0,0,35,United-States,<=50K
41,Private,104892,Masters,14,Married-civ-spouse,Exec-managerial,Husband,White,Male,0,0,40,United-States,>50K
44,State-gov,174325,Masters,14,Married-civ-spouse,Prof-specialty,Husband,Black,Male,7688,0,40,United-States,>50K
31,Private,54318,Bachelors,13,Married-civ-spouse,Exec-managerial,Husband,White,Male,0,0,50,United-States,>50K
18,Private,201871,12th,8,Never-married,Other-service,Own-child,White,Male,0,0,20,United-States,<=50K
31,Private,247444,Assoc-voc,11,Married-civ-spouse,Machine-op-inspct,Husband,White,Male,0,0,40,Columbia,<=50K
72,Local-gov,144515,Doctorate,16,Married-civ-spouse,Exec-managerial,Husband,White,Male,0,1258,40,United-States,<=50K
33,Federal-gov,615893,Masters,14,Married-civ-spouse,Transport-moving,Husband,Black,Male,0,0,40,Nicaragua,<=50K
28,Private,487347,HS-grad,9,Never-married,Transport-moving,Not-in-family,White,Male,0,0,45,United-States,<=50K
47,Local-gov,324791,Masters,14,Married-civ-spouse,Prof-specialty,Husband,White,Male,0,1887,50,United-States,>50K
31,,259120,Some-college,10,Married-civ-spouse,,Wife,White,Female,0,0,10,United-States,<=50K
18,Private,118376,Some-college,10,Never-married,Sales,Own-child,White,Female,0,0,15,United-States,<=50K
25,Private,209230,HS-grad,9,Never-married,Other-service,Own-child,White,Female,0,0,6,United-States,<=50K
34,Private,304872,9th,5,Divorced,Other-service,Unmarried,White,Female,0,0,40,United-States,<=50K
44,Private,187720,HS-grad,9,Married-civ-spouse,Craft-repair,Husband,White,Male,0,0,41,United-States,<=50K
49,Private,94215,12th,8,Divorced,Machine-op-inspct,Not-in-family,White,Female,0,0,40,United-States,<=50K
44,Private,165346,Masters,14,Married-civ-spouse,Exec-managerial,Husband,White,Male,0,0,40,United-States,>50K
24,Private,385540,HS-grad,9,Married-civ-spouse,Sales,Husband,White,Male,0,0,40,Mexico,<=50K
51,Private,335997,HS-grad,9,Married-civ-spouse,Exec-managerial,Husband,White,Male,4386,0,55,United-States,>50K
19,Private,183589,Some-college,10,Never-married,Transport-moving,Own-child,White,Male,0,0,25,United-States,<=50K
62,,144116,10th,6,Married-civ-spouse,,Husband,White,Male,0,0,40,United-States,<=50K
56,Self-emp-inc,211804,Bachelors,13,Married-civ-spouse,Sales,Husband,White,Male,15024,0,50,United-States,>50K
33,Federal-gov,78307,Bachelors,13,Married-civ-spouse,Prof-specialty,Husband,White,Male,0,0,40,United-States,<=50K
37,Private,267085,Some-college,10,Married-civ-spouse,Craft-repair,Husband,White,Male,0,0,40,United-States,<=50K
32,Local-gov,190889,Masters,14,Never-married,Prof-specialty,Not-in-family,Other,Female,0,0,40,,<=50K
48,State-gov,49595,Masters,14,Divorced,Protective-serv,Not-in-family,White,Male,0,0,72,United-States,<=50K
27,Private,105817,Bachelors,13,Never-married,Craft-repair,Not-in-family,White,Male,0,0,45,United-States,<=50K
51,Private,138022,Masters,14,Married-civ-spouse,Exec-managerial,Husband,White,Male,0,0,60,United-States,>50K
80,Private,249983,7th-8th,4,Widowed,Other-service,Not-in-family,White,Female,0,0,24,United-States,<=50K
48,Private,173243,Doctorate,16,Married-civ-spouse,Prof-specialty,Husband,White,Male,0,0,45,United-States,>50K
31,Local-gov,194141,HS-grad,9,Married-civ-spouse,Protective-serv,Husband,White,Male,0,0,48,United-States,<=50K
61,Private,35649,Some-college,10,Married-civ-spouse,Other-service,Husband,White,Male,0,0,6,United-States,<=50K
44,Private,187821,Bachelors,13,Married-civ-spouse,Transport-moving,Husband,White,Male,0,0,55,United-States,<=50K
21,,233923,Some-college,10,Never-married,,Own-child,White,Female,0,0,24,United-States,<=50K
25,Private,391192,Some-college,10,Never-married,Sales,Own-child,White,Male,0,0,24,United-States,<=50K
24,Private,204172,Bachelors,13,Never-married,Sales,Other-relative,White,Female,0,0,40,United-States,<=50K
61,Private,79827,HS-grad,9,Married-civ-spouse,Exec-managerial,Husband,White,Male,0,0,50,United-States,<=50K
65,Without-pay,27012,7th-8th,4,Widowed,Farming-fishing,Unmarried,White,Female,0,0,50,United-States,<=50K
47,Private,326857,Assoc-voc,11,Married-civ-spouse,Craft-repair,Husband,White,Male,5013,0,40,United-States,<=50K
29,Self-emp-not-inc,29616,HS-grad,9,Never-married,Farming-fishing,Own-child,White,Male,0,0,65,United-States,<=50K
33,Local-gov,147654,Assoc-voc,11,Married-civ-spouse,Prof-specialty,Husband,White,Male,0,0,60,United-States,<=50K
42,Private,158555,10th,6,Married-civ-spouse,Exec-managerial,Husband,White,Male,0,0,40,United-States,<=50K
42,Private,204450,HS-grad,9,Married-civ-spouse,Handlers-cleaners,Husband,Black,Male,0,0,40,United-States,<=50K
31,Private,260782,Some-college,10,Married-civ-spouse,Transport-moving,Husband,White,Male,0,1579,45,El-Salvador,<=50K
26,Private,32276,HS-grad,9,Never-married,Farming-fishing,Not-in-family,White,Male,0,0,40,United-States,<=50K
69,Private,541737,Some-college,10,Widowed,Adm-clerical,Not-in-family,White,Female,2050,0,24,United-States,<=50K
29,State-gov,382272,Bachelors,13,Never-married,Craft-repair,Not-in-family,White,Male,0,0,40,United-States,<=50K
27,,280699,Some-college,10,Never-married,,Unmarried,White,Female,0,0,40,United-States,<=50K
22,Private,103440,HS-grad,9,Never-married,Other-service,Not-in-family,White,Female,0,0,24,United-States,<=50K
25,State-gov,157028,Bachelors,13,Never-married,Exec-managerial,Not-in-family,White,Male,0,0,40,United-States,<=50K
43,Self-emp-not-inc,292175,Masters,14,Divorced,Exec-managerial,Unmarried,White,Female,0,0,45,United-States,>50K
38,Private,195686,Some-college,10,Married-civ-spouse,Craft-repair,Husband,White,Male,0,0,40,United-States,>50K
50,Private,189811,Bachelors,13,Married-civ-spouse,Exec-managerial,Husband,White,Male,0,0,40,United-States,>50K
19,Self-emp-not-inc,36012,HS-grad,9,Never-married,Craft-repair,Own-child,White,Male,0,0,40,United-States,<=50K
53,Private,146378,5th-6th,3,Married-civ-spouse,Craft-repair,Husband,White,Male,0,0,40,United-States,<=50K
30,Local-gov,131776,Masters,14,Never-married,Adm-clerical,Not-in-family,White,Female,0,0,40,United-States,<=50K
18,Private,201901,HS-grad,9,Never-married,Handlers-cleaners,Own-child,White,Female,0,1719,15,United-States,<=50K
42,Federal-gov,172307,HS-grad,9,Married-civ-spouse,Adm-clerical,Husband,White,Male,0,0,48,United-States,>50K
45,Private,102076,Some-college,10,Divorced,Prof-specialty,Unmarried,White,Female,0,0,32,United-States,<=50K
54,Self-emp-not-inc,124865,Some-college,10,Divorced,Sales,Not-in-family,White,Female,0,0,35,United-States,<=50K
18,Private,240330,12th,8,Never-married,Other-service,Own-child,White,Male,0,0,18,United-States,<=50K
30,Private,283767,HS-grad,9,Married-civ-spouse,Adm-clerical,Husband,White,Male,0,0,40,,<=50K
47,Private,73394,Some-college,10,Married-civ-spouse,Exec-managerial,Wife,White,Female,0,0,50,United-States,<=50K
44,Federal-gov,469454,Assoc-voc,11,Married-civ-spouse,Protective-serv,Husband,White,Male,7298,0,48,United-States,>50K
57,Private,190942,1st-4th,2,Widowed,Priv-house-serv,Not-in-family,Black,Female,0,0,30,United-States,<=50K
52,Private,236180,Bachelors,13,Married-spouse-absent,Other-service,Not-in-family,White,Male,0,0,50,United-States,<=50K
21,,207988,HS-grad,9,Married-civ-spouse,,Other-relative,White,Female,0,0,35,United-States,<=50K
37,Self-emp-not-inc,82540,9th,5,Married-civ-spouse,Transport-moving,Husband,White,Male,0,0,70,United-States,>50K
19,Private,219300,Some-college,10,Never-married,Sales,Own-child,White,Female,0,0,25,United-States,<=50K
57,Self-emp-not-inc,56480,HS-grad,9,Married-civ-spouse,Exec-managerial,Husband,White,Male,0,0,1,United-States,<=50K
43,Federal-gov,115562,HS-grad,9,Married-civ-spouse,Machine-op-inspct,Husband,White,Male,0,0,40,United-States,<=50K
62,Private,26966,Some-college,10,Widowed,Adm-clerical,Not-in-family,White,Female,0,0,40,United-States,<=50K
24,Private,326587,Some-college,10,Never-married,Sales,Not-in-family,White,Male,0,0,40,United-States,<=50K
44,Private,168515,Some-college,10,Divorced,Adm-clerical,Not-in-family,White,Female,0,0,40,Germany,<=50K
38,Private,227794,Bachelors,13,Never-married,Adm-clerical,Not-in-family,Black,Male,0,0,40,United-States,<=50K
82,Private,152148,7th-8th,4,Married-civ-spouse,Handlers-cleaners,Husband,White,Male,0,0,2,United-States,<=50K
29,Private,31935,HS-grad,9,Divorced,Prof-specialty,Not-in-family,White,Female,0,0,40,United-States,<=50K
52,Self-emp-not-inc,240013,Masters,14,Married-civ-spouse,Sales,Husband,White,Male,0,0,70,United-States,<=50K
23,Private,84648,Some-college,10,Never-married,Sales,Own-child,White,Female,0,0,25,United-States,<=50K
45,Private,81534,HS-grad,9,Married-civ-spouse,Other-service,Husband,Asian-Pac-Islander,Male,0,0,84,Japan,>50K
31,Self-emp-not-inc,312055,HS-grad,9,Married-civ-spouse,Exec-managerial,Husband,White,Male,0,0,70,United-States,<=50K
45,State-gov,264052,HS-grad,9,Married-civ-spouse,Craft-repair,Husband,White,Male,0,0,40,United-States,<=50K
26,Private,383306,12th,8,Married-civ-spouse,Craft-repair,Husband,White,Male,0,0,40,United-States,<=50K
25,Private,112835,Bachelors,13,Never-married,Prof-specialty,Not-in-family,White,Male,0,0,40,United-States,<=50K
55,Local-gov,166502,Masters,14,Never-married,Prof-specialty,Not-in-family,White,Female,0,0,45,United-States,<=50K
58,Private,119751,HS-grad,9,Married-civ-spouse,Priv-house-serv,Other-relative,Asian-Pac-Islander,Female,0,0,60,Philippines,<=50K
30,Self-emp-not-inc,115932,HS-grad,9,Never-married,Craft-repair,Not-in-family,White,Male,99999,0,50,United-States,>50K
31,Private,223046,HS-grad,9,Married-civ-spouse,Transport-moving,Husband,White,Male,0,0,60,United-States,<=50K
36,Private,348022,10th,6,Married-civ-spouse,Other-service,Wife,White,Female,0,0,24,United-States,<=50K
38,State-gov,31352,Some-college,10,Divorced,Protective-serv,Unmarried,Amer-Indian-Eskimo,Female,0,0,40,United-States,>50K
62,Private,224953,10th,6,Married-civ-spouse,Machine-op-inspct,Husband,Black,Male,0,0,40,United-States,<=50K
24,Private,270517,HS-grad,9,Never-married,Other-service,Own-child,White,Female,0,0,40,Mexico,<=50K
28,Private,195000,Bachelors,13,Never-married,Sales,Other-relative,White,Female,0,0,45,United-States,<=50K
32,Private,123429,10th,6,Separated,Craft-repair,Not-in-family,White,Male,0,0,40,United-States,<=50K
22,Private,308205,5th-6th,3,Never-married,Farming-fishing,Other-relative,White,Male,0,0,40,Mexico,<=50K
57,Private,145189,Some-college,10,Never-married,Adm-clerical,Not-in-family,White,Female,0,0,40,United-States,<=50K
49,Private,166857,9th,5,Divorced,Handlers-cleaners,Not-in-family,White,Female,0,0,40,United-States,<=50K
28,Private,196621,HS-grad,9,Married-spouse-absent,Tech-support,Not-in-family,White,Female,0,0,37,United-States,<=50K
29,State-gov,204516,Masters,14,Married-civ-spouse,Prof-specialty,Husband,White,Male,0,0,15,United-States,<=50K
30,Private,29522,Some-college,10,Married-civ-spouse,Sales,Wife,White,Female,0,0,40,United-States,<=50K
56,Local-gov,198277,12th,8,Never-married,Handlers-cleaners,Not-in-family,White,Male,0,0,40,United-States,<=50K
50,Private,144361,HS-grad,9,Married-civ-spouse,Machine-op-inspct,Husband,White,Male,0,0,50,United-States,>50K
34,Self-emp-not-inc,152109,HS-grad,9,Married-civ-spouse,Transport-moving,Husband,White,Male,0,0,60,United-States,<=50K
46,Private,140782,Assoc-acdm,12,Divorced,Prof-specialty,Not-in-family,White,Female,0,0,50,United-States,<=50K
34,Private,244147,Bachelors,13,Married-civ-spouse,Prof-specialty,Husband,White,Male,0,0,40,,>50K
31,Private,198953,Some-college,10,Separated,Adm-clerical,Unmarried,Black,Female,0,0,38,United-States,<=50K
22,Private,554317,9th,5,Married-spouse-absent,Other-service,Other-relative,White,Male,0,0,35,Mexico,<=50K
76,Private,127016,7th-8th,4,Widowed,Priv-house-serv,Not-in-family,White,Female,0,0,40,United-States,<=50K
42,Private,227397,Bachelors,13,Married-civ-spouse,Adm-clerical,Wife,White,Female,0,0,40,United-States,>50K
31,Private,364657,Some-college,10,Married-civ-spouse,Exec-managerial,Husband,White,Male,0,0,50,Germany,>50K
27,Private,125298,Some-college,10,Never-married,Adm-clerical,Unmarried,White,Female,0,0,50,United-States,<=50K
18,Private,36882,HS-grad,9,Never-married,Adm-clerical,Own-child,White,Female,0,0,20,United-States,<=50K
40,Private,56072,Masters,14,Divorced,Prof-specialty,Not-in-family,White,Male,0,0,20,United-States,<=50K
22,Private,109039,HS-grad,9,Never-married,Exec-managerial,Not-in-family,White,Female,0,0,55,United-States,<=50K
49,Federal-gov,195437,Assoc-acdm,12,Married-civ-spouse,Adm-clerical,Husband,White,Male,0,0,60,United-States,>50K
35,State-gov,372130,HS-grad,9,Married-civ-spouse,Protective-serv,Husband,Black,Male,0,0,40,United-States,<=50K
66,,270460,7th-8th,4,Divorced,,Not-in-family,White,Male,0,0,40,United-States,<=50K
31,Self-emp-not-inc,186420,Masters,14,Separated,Tech-support,Not-in-family,White,Female,0,0,25,United-States,<=50K
46,Self-emp-inc,192779,Prof-school,15,Married-civ-spouse,Prof-specialty,Husband,White,Male,15024,0,60,United-States,>50K
41,,149385,HS-grad,9,Never-married,,Not-in-family,White,Female,0,0,30,United-States,<=50K
19,Local-gov,243960,Some-college,10,Never-married,Sales,Own-child,White,Female,0,0,16,United-States,<=50K
54,Federal-gov,33863,HS-grad,9,Married-civ-spouse,Adm-clerical,Husband,White,Male,0,0,40,United-States,>50K
33,Private,351810,Bachelors,13,Never-married,Prof-specialty,Not-in-family,White,Female,0,0,45,Mexico,<=50K
69,Private,88566,9th,5,Married-civ-spouse,Other-service,Husband,White,Male,1424,0,35,United-States,<=50K
63,Private,208862,HS-grad,9,Never-married,Craft-repair,Not-in-family,White,Male,0,0,40,United-States,<=50K
55,Private,223127,9th,5,Married-civ-spouse,Farming-fishing,Husband,White,Male,0,0,40,United-States,<=50K
52,Self-emp-inc,100506,Some-college,10,Married-civ-spouse,Sales,Husband,White,Male,15024,0,50,United-States,>50K
33,Private,222654,Bachelors,13,Never-married,Prof-specialty,Not-in-family,White,Male,0,0,40,United-States,<=50K
58,Private,98725,Doctorate,16,Married-civ-spouse,Prof-specialty,Husband,White,Male,0,0,50,United-States,>50K
45,Private,45857,HS-grad,9,Divorced,Adm-clerical,Not-in-family,White,Female,0,0,28,United-States,<=50K
27,Private,258102,5th-6th,3,Never-married,Transport-moving,Not-in-family,White,Male,0,0,40,Mexico,<=50K
59,Self-emp-inc,141326,Assoc-voc,11,Divorced,Prof-specialty,Not-in-family,White,Male,0,0,50,United-States,>50K
20,Private,113307,7th-8th,4,Never-married,Machine-op-inspct,Other-relative,White,Male,0,0,40,United-States,<=50K
31,Private,164190,Some-college,10,Married-civ-spouse,Prof-specialty,Husband,White,Male,0,0,50,United-States,>50K
37,Self-emp-not-inc,180150,Prof-school,15,Married-civ-spouse,Prof-specialty,Husband,White,Male,0,0,45,United-States,>50K
39,Private,134367,Masters,14,Married-civ-spouse,Prof-specialty,Wife,White,Female,0,1977,24,United-States,>50K
23,Private,197387,HS-grad,9,Never-married,Craft-repair,Own-child,White,Male,0,0,37,Mexico,<=50K
46,Private,104632,HS-grad,9,Married-civ-spouse,Machine-op-inspct,Husband,Asian-Pac-Islander,Male,0,0,40,Cambodia,>50K
20,Private,243010,HS-grad,9,Never-married,Machine-op-inspct,Other-relative,Other,Male,0,0,32,United-States,<=50K
34,Private,56026,HS-grad,9,Married-civ-spouse,Farming-fishing,Husband,White,Male,0,0,60,United-States,>50K
48,Private,178686,HS-grad,9,Divorced,Craft-repair,Not-in-family,White,Male,0,0,40,United-States,<=50K
39,Private,104089,Assoc-voc,11,Married-civ-spouse,Craft-repair,Husband,White,Male,0,0,50,United-States,>50K
27,Private,157612,Bachelors,13,Never-married,Prof-specialty,Not-in-family,White,Female,0,0,55,United-States,<=50K
57,Private,107443,1st-4th,2,Married-civ-spouse,Handlers-cleaners,Husband,White,Male,0,0,40,Portugal,<=50K
21,Private,234108,HS-grad,9,Never-married,Sales,Not-in-family,White,Male,0,0,40,United-States,<=50K
25,Private,308144,Bachelors,13,Never-married,Craft-repair,Not-in-family,White,Male,0,0,40,Mexico,<=50K
53,Local-gov,20676,HS-grad,9,Married-civ-spouse,Exec-managerial,Husband,Amer-Indian-Eskimo,Male,0,0,48,United-States,<=50K
17,Private,207637,11th,7,Never-married,Handlers-cleaners,Own-child,White,Male,0,0,10,United-States,<=50K
35,Self-emp-not-inc,160192,Some-college,10,Never-married,Craft-repair,Own-child,White,Male,0,0,40,United-States,<=50K
38,Private,171150,Assoc-acdm,12,Married-civ-spouse,Prof-specialty,Husband,White,Male,0,0,40,United-States,>50K
41,Self-emp-not-inc,355918,Bachelors,13,Separated,Craft-repair,Not-in-family,White,Male,0,0,35,United-States,<=50K
27,Private,492263,10th,6,Separated,Machine-op-inspct,Own-child,White,Male,0,0,35,Mexico,<=50K
17,Private,321880,10th,6,Never-married,Other-service,Own-child,Black,Male,0,0,15,United-States,<=50K
22,Private,363219,Some-college,10,Never-married,Other-service,Not-in-family,White,Female,0,0,20,United-States,<=50K
22,,32732,Some-college,10,Never-married,,Own-child,White,Male,0,0,50,United-States,<=50K
28,Private,139568,11th,7,Never-married,Adm-clerical,Not-in-family,White,Male,0,0,40,United-States,<=50K
30,Private,399522,11th,7,Married-spouse-absent,Handlers-cleaners,Unmarried,White,Female,0,0,40,United-States,<=50K
29,Private,152951,HS-grad,9,Married-civ-spouse,Craft-repair,Husband,White,Male,0,0,40,United-States,>50K
62,Private,138157,HS-grad,9,Married-civ-spouse,Exec-managerial,Husband,White,Male,0,0,12,United-States,<=50K
34,Private,226296,11th,7,Married-civ-spouse,Handlers-cleaners,Husband,White,Male,0,0,40,United-States,<=50K
39,Federal-gov,30673,9th,5,Married-civ-spouse,Machine-op-inspct,Husband,White,Male,0,0,40,United-States,>50K
36,Private,176050,Some-college,10,Married-civ-spouse,Machine-op-inspct,Husband,White,Male,0,0,40,United-States,<=50K
30,Private,427474,9th,5,Married-civ-spouse,Other-service,Husband,White,Male,0,0,40,Mexico,<=50K
20,Private,170038,HS-grad,9,Never-married,Sales,Not-in-family,White,Female,0,0,40,United-States,<=50K
29,Local-gov,302422,Assoc-voc,11,Never-married,Protective-serv,Not-in-family,White,Male,0,1564,56,United-States,>50K
65,Local-gov,221026,HS-grad,9,Married-civ-spouse,Transport-moving,Husband,White,Male,0,0,20,United-States,<=50K
36,Private,103605,HS-grad,9,Married-civ-spouse,Handlers-cleaners,Husband,White,Male,0,0,40,United-States,<=50K
18,Private,189924,HS-grad,9,Never-married,Sales,Own-child,White,Female,0,0,24,United-States,<=50K
28,Self-emp-inc,219705,Bachelors,13,Married-civ-spouse,Exec-managerial,Husband,White,Male,5013,0,55,United-States,<=50K
22,State-gov,264710,Bachelors,13,Never-married,Tech-support,Own-child,White,Female,0,0,40,United-States,<=50K
23,Private,204641,10th,6,Never-married,Handlers-cleaners,Unmarried,White,Male,0,0,50,United-States,<=50K
38,Private,52738,Some-college,10,Married-civ-spouse,Craft-repair,Husband,White,Male,0,0,40,United-States,<=50K
78,,83511,7th-8th,4,Married-civ-spouse,,Husband,White,Male,0,0,40,Portugal,<=50K
28,Private,188236,Some-college,10,Never-married,Adm-clerical,Not-in-family,White,Female,0,0,40,United-States,<=50K
66,Private,107196,HS-grad,9,Widowed,Tech-support,Not-in-family,White,Female,0,0,18,United-States,<=50K
61,Private,51385,Bachelors,13,Married-civ-spouse,Sales,Husband,White,Male,0,0,50,United-States,>50K
37,Private,126675,HS-grad,9,Married-civ-spouse,Craft-repair,Husband,White,Male,0,0,40,United-States,<=50K
26,State-gov,175044,Some-college,10,Never-married,Protective-serv,Own-child,White,Male,0,0,40,United-States,<=50K
62,Local-gov,208266,Assoc-voc,11,Divorced,Adm-clerical,Not-in-family,Black,Female,0,0,40,United-States,<=50K
31,State-gov,26401,Masters,14,Divorced,Adm-clerical,Not-in-family,White,Female,0,0,25,United-States,<=50K
71,Self-emp-not-inc,130436,1st-4th,2,Divorced,Craft-repair,Not-in-family,White,Female,0,0,28,United-States,<=50K
48,State-gov,170142,Masters,14,Divorced,Prof-specialty,Not-in-family,White,Male,0,0,40,United-States,>50K
31,Private,377374,Some-college,10,Divorced,Adm-clerical,Unmarried,Black,Female,0,0,40,Japan,<=50K
23,Private,95989,Some-college,10,Never-married,Other-service,Own-child,White,Female,0,0,30,United-States,<=50K
30,Self-emp-inc,153549,HS-grad,9,Married-civ-spouse,Exec-managerial,Husband,White,Male,0,0,50,United-States,>50K
42,Private,107276,Some-college,10,Never-married,Exec-managerial,Not-in-family,White,Female,0,2444,40,United-States,>50K
38,Private,146398,HS-grad,9,Never-married,Other-service,Unmarried,Black,Female,0,0,24,United-States,<=50K
29,Local-gov,190525,Bachelors,13,Married-civ-spouse,Prof-specialty,Husband,White,Male,0,1848,60,Germany,>50K
51,Private,22211,Masters,14,Married-civ-spouse,Prof-specialty,Husband,White,Male,0,1902,60,United-States,>50K
41,State-gov,363591,Assoc-voc,11,Married-civ-spouse,Exec-managerial,Husband,White,Male,0,0,40,United-States,<=50K
23,Private,183327,HS-grad,9,Never-married,Craft-repair,Own-child,Black,Female,0,1594,20,United-States,<=50K
34,Local-gov,51543,Some-college,10,Never-married,Other-service,Not-in-family,White,Male,0,0,48,United-States,<=50K
30,Private,81282,HS-grad,9,Never-married,Other-service,Unmarried,White,Female,0,0,40,United-States,<=50K
41,Private,86399,Some-college,10,Separated,Adm-clerical,Not-in-family,White,Female,0,0,38,United-States,<=50K
58,Private,519006,HS-grad,9,Married-civ-spouse,Craft-repair,Husband,White,Male,0,0,52,United-States,<=50K
33,Private,100135,HS-grad,9,Married-civ-spouse,Adm-clerical,Wife,White,Female,0,1740,25,United-States,<=50K
42,State-gov,39586,Masters,14,Married-civ-spouse,Prof-specialty,Wife,White,Female,0,0,20,United-States,>50K
20,Private,262749,Some-college,10,Never-married,Machine-op-inspct,Own-child,White,Male,0,0,40,United-States,<=50K
68,Self-emp-inc,136218,HS-grad,9,Widowed,Other-service,Unmarried,White,Female,0,0,15,United-States,<=50K
40,Private,92717,HS-grad,9,Never-married,Other-service,Unmarried,Black,Female,0,0,40,United-States,<=50K
21,Private,164019,Some-college,10,Never-married,Farming-fishing,Own-child,Black,Male,0,0,10,United-States,<=50K
41,Private,204410,HS-grad,9,Married-civ-spouse,Craft-repair,Husband,White,Male,0,1485,44,United-States,>50K
37,Private,115289,Some-college,10,Married-civ-spouse,Exec-managerial,Husband,White,Male,0,0,40,United-States,<=50K
26,Private,236564,HS-grad,9,Never-married,Handlers-cleaners,Not-in-family,White,Male,0,0,40,United-States,<=50K
17,,187539,11th,7,Never-married,,Own-child,White,Female,0,0,10,United-States,<=50K
25,Private,75821,Some-college,10,Never-married,Prof-specialty,Own-child,White,Female,0,0,40,United-States,<=50K
34,Private,106541,Some-college,10,Married-civ-spouse,Machine-op-inspct,Husband,White,Male,0,0,40,United-States,<=50K
47,Federal-gov,227244,Bachelors,13,Married-civ-spouse,Protective-serv,Husband,Black,Male,0,0,50,United-States,>50K
25,Private,258276,Some-college,10,Never-married,Handlers-cleaners,Not-in-family,Amer-Indian-Eskimo,Male,0,0,40,United-States,<=50K
25,Self-emp-inc,161007,HS-grad,9,Married-civ-spouse,Exec-managerial,Husband,White,Male,0,0,40,United-States,<=50K
19,Private,162094,HS-grad,9,Never-married,Machine-op-inspct,Own-child,White,Male,0,0,40,United-States,<=50K
17,,215743,11th,7,Never-married,,Own-child,White,Male,0,0,40,United-States,<=50K
29,Private,153805,HS-grad,9,Never-married,Machine-op-inspct,Other-relative,Other,Male,0,0,40,Ecuador,<=50K
19,Private,229431,Some-college,10,Never-married,Prof-specialty,Own-child,White,Male,0,0,11,United-States,<=50K
54,Private,150999,Some-college,10,Divorced,Machine-op-inspct,Not-in-family,White,Male,0,0,60,United-States,<=50K
29,Self-emp-not-inc,160786,HS-grad,9,Married-civ-spouse,Exec-managerial,Husband,White,Male,0,0,55,United-States,<=50K
34,Federal-gov,112115,Some-college,10,Never-married,Craft-repair,Other-relative,White,Male,0,0,40,United-States,<=50K
64,Private,119506,HS-grad,9,Divorced,Other-service,Not-in-family,White,Female,0,0,15,United-States,<=50K
61,Private,238913,Assoc-voc,11,Married-civ-spouse,Tech-support,Husband,White,Male,0,0,40,United-States,>50K
57,Private,390856,5th-6th,3,Married-civ-spouse,Farming-fishing,Husband,White,Male,0,0,45,Mexico,<=50K
67,Private,49401,Assoc-voc,11,Divorced,Other-service,Not-in-family,White,Female,0,0,24,United-States,<=50K
32,Private,212064,Bachelors,13,Married-civ-spouse,Exec-managerial,Wife,White,Female,0,0,40,United-States,>50K
27,Private,230959,Bachelors,13,Never-married,Tech-support,Own-child,Asian-Pac-Islander,Female,0,0,40,Philippines,<=50K
31,Private,174201,Assoc-acdm,12,Married-civ-spouse,Exec-managerial,Husband,White,Male,0,0,40,United-States,<=50K
42,Local-gov,96524,HS-grad,9,Married-civ-spouse,Exec-managerial,Husband,White,Male,0,0,60,United-States,>50K
31,Private,234976,11th,7,Never-married,Adm-clerical,Unmarried,White,Female,0,0,48,United-States,<=50K
23,Local-gov,247731,HS-grad,9,Divorced,Adm-clerical,Own-child,White,Female,0,0,40,Cuba,<=50K
33,Local-gov,83671,Bachelors,13,Never-married,Prof-specialty,Not-in-family,Black,Female,0,0,50,United-States,<=50K
64,State-gov,201293,HS-grad,9,Widowed,Adm-clerical,Not-in-family,White,Female,0,0,38,United-States,<=50K
43,Private,148998,HS-grad,9,Divorced,Adm-clerical,Unmarried,White,Female,0,0,40,United-States,<=50K
35,Private,182074,HS-grad,9,Divorced,Handlers-cleaners,Own-child,White,Male,0,0,35,United-States,<=50K
20,Private,309580,HS-grad,9,Never-married,Adm-clerical,Own-child,White,Male,0,0,40,United-States,<=50K
81,Private,122651,Some-college,10,Married-civ-spouse,Sales,Husband,White,Male,0,0,15,United-States,<=50K
44,Private,160829,Bachelors,13,Married-civ-spouse,Tech-support,Wife,White,Female,0,0,20,United-States,>50K
72,,188009,7th-8th,4,Divorced,,Not-in-family,White,Male,0,0,30,United-States,<=50K
29,Private,205499,Some-college,10,Married-civ-spouse,Protective-serv,Husband,White,Male,0,0,45,United-States,<=50K
25,Private,181054,Bachelors,13,Never-married,Sales,Not-in-family,White,Female,0,0,40,United-States,<=50K
42,State-gov,345969,Bachelors,13,Married-civ-spouse,Exec-managerial,Husband,White,Male,0,0,48,United-States,>50K
39,Private,186130,Prof-school,15,Married-civ-spouse,Exec-managerial,Husband,White,Male,0,0,55,United-States,>50K
72,Private,106890,Assoc-voc,11,Widowed,Adm-clerical,Not-in-family,White,Female,0,0,40,United-States,<=50K
31,Private,159979,Some-college,10,Never-married,Sales,Not-in-family,Asian-Pac-Islander,Female,0,0,50,United-States,<=50K
38,Private,108726,HS-grad,9,Married-civ-spouse,Exec-managerial,Husband,White,Male,0,0,40,United-States,>50K
38,Private,154641,Assoc-voc,11,Married-civ-spouse,Craft-repair,Husband,White,Male,0,0,40,United-States,<=50K
55,Private,334308,HS-grad,9,Married-civ-spouse,Exec-managerial,Wife,White,Female,0,0,30,United-States,>50K
33,Private,311194,11th,7,Never-married,Sales,Unmarried,Black,Female,0,0,17,United-States,<=50K
31,Private,106437,HS-grad,9,Never-married,Adm-clerical,Not-in-family,White,Female,0,0,40,United-States,<=50K
35,Private,70447,Some-college,10,Never-married,Prof-specialty,Unmarried,Asian-Pac-Islander,Male,4650,0,20,United-States,<=50K
52,Private,110748,Masters,14,Married-civ-spouse,Prof-specialty,Husband,White,Male,0,0,50,United-States,>50K
65,Private,113323,Bachelors,13,Married-civ-spouse,Exec-managerial,Husband,White,Male,0,0,40,United-States,>50K
37,Self-emp-not-inc,327164,Some-college,10,Married-civ-spouse,Craft-repair,Husband,White,Male,0,0,70,,<=50K
47,Self-emp-inc,173783,Bachelors,13,Married-civ-spouse,Sales,Husband,White,Male,15024,0,60,United-States,>50K
19,Private,220001,Some-college,10,Never-married,Farming-fishing,Own-child,White,Male,0,0,50,United-States,<=50K
56,Private,76142,HS-grad,9,Divorced,Other-service,Unmarried,White,Female,0,0,40,United-States,<=50K
29,Private,118230,HS-grad,9,Never-married,Sales,Not-in-family,White,Female,0,0,35,United-States,<=50K
30,Private,180656,Some-college,10,Married-spouse-absent,Craft-repair,Not-in-family,White,Male,0,0,40,,<=50K
20,Private,163205,Some-college,10,Separated,Other-service,Own-child,White,Female,0,0,30,United-States,<=50K
40,Private,115161,HS-grad,9,Married-civ-spouse,Transport-moving,Husband,White,Male,0,0,30,United-States,<=50K
39,Self-emp-not-inc,208109,HS-grad,9,Married-civ-spouse,Transport-moving,Husband,White,Male,0,0,60,United-States,>50K
65,Self-emp-not-inc,225473,Some-college,10,Widowed,Craft-repair,Not-in-family,White,Female,0,0,35,United-States,<=50K
34,Private,213722,HS-grad,9,Never-married,Handlers-cleaners,Own-child,White,Male,0,0,40,United-States,<=50K
71,Private,137499,HS-grad,9,Widowed,Sales,Other-relative,White,Female,0,0,16,United-States,<=50K
39,Self-emp-not-inc,154641,HS-grad,9,Divorced,Farming-fishing,Not-in-family,White,Male,8614,0,50,United-States,>50K
32,Private,328199,Assoc-voc,11,Divorced,Exec-managerial,Unmarried,White,Female,0,0,40,United-States,<=50K
47,Private,161558,10th,6,Married-spouse-absent,Transport-moving,Not-in-family,Black,Male,0,0,45,United-States,<=50K
63,Private,183608,10th,6,Married-civ-spouse,Exec-managerial,Husband,White,Male,0,0,40,United-States,<=50K
20,Private,70240,HS-grad,9,Never-married,Sales,Own-child,Asian-Pac-Islander,Female,0,0,24,Philippines,<=50K
69,Self-emp-not-inc,69306,Some-college,10,Married-civ-spouse,Other-service,Wife,White,Female,0,0,15,United-States,<=50K
25,Private,114838,Prof-school,15,Never-married,Prof-specialty,Not-in-family,White,Female,0,0,8,Italy,<=50K
21,Private,243842,HS-grad,9,Married-civ-spouse,Farming-fishing,Husband,White,Male,0,0,40,United-States,<=50K
18,Private,120029,Some-college,10,Never-married,Adm-clerical,Other-relative,White,Female,0,0,20,United-States,<=50K
30,Private,229895,10th,6,Divorced,Other-service,Unmarried,White,Female,0,0,40,United-States,<=50K
63,Private,196725,HS-grad,9,Widowed,Other-service,Unmarried,White,Female,0,0,24,United-States,<=50K
57,,300104,5th-6th,3,Married-civ-spouse,,Husband,White,Male,7298,0,84,United-States,>50K
22,Private,137510,Some-college,10,Never-married,Adm-clerical,Own-child,White,Male,0,0,40,United-States,<=50K
45,Private,175925,Some-college,10,Married-civ-spouse,Exec-managerial,Husband,White,Male,0,0,60,United-States,>50K
30,Private,251825,Assoc-acdm,12,Never-married,Machine-op-inspct,Unmarried,Black,Female,0,0,40,United-States,<=50K
52,Private,321959,Some-college,10,Married-civ-spouse,Tech-support,Husband,Black,Male,0,0,40,United-States,>50K
31,Private,298871,Doctorate,16,Married-civ-spouse,Prof-specialty,Husband,Asian-Pac-Islander,Male,0,0,40,China,<=50K
30,Private,97757,Assoc-voc,11,Married-civ-spouse,Prof-specialty,Wife,White,Female,0,0,36,United-States,>50K
38,Private,229015,Bachelors,13,Married-civ-spouse,Exec-managerial,Husband,White,Male,0,0,50,United-States,>50K
17,Private,82041,11th,7,Never-married,Handlers-cleaners,Own-child,White,Male,0,0,40,Canada,<=50K
46,Local-gov,316205,Bachelors,13,Married-civ-spouse,Exec-managerial,Husband,Black,Male,0,0,40,United-States,>50K
23,State-gov,35633,Some-college,10,Never-married,Other-service,Not-in-family,White,Male,0,0,50,United-States,<=50K
34,Private,55717,HS-grad,9,Married-civ-spouse,Craft-repair,Husband,White,Male,0,1848,50,United-States,>50K
34,Private,82623,HS-grad,9,Married-civ-spouse,Other-service,Husband,White,Male,0,0,20,United-States,<=50K
18,State-gov,30687,Some-college,10,Never-married,Adm-clerical,Own-child,White,Male,0,0,10,United-States,<=50K
34,Private,167832,10th,6,Married-civ-spouse,Craft-repair,Husband,White,Male,0,0,40,United-States,<=50K
57,Local-gov,323309,7th-8th,4,Divorced,Other-service,Not-in-family,White,Male,0,0,40,United-States,<=50K
38,Private,29702,Bachelors,13,Married-civ-spouse,Exec-managerial,Husband,White,Male,0,0,45,United-States,>50K
60,Private,125019,Bachelors,13,Divorced,Prof-specialty,Not-in-family,White,Female,8614,0,48,United-States,>50K
35,Private,162358,Bachelors,13,Never-married,Exec-managerial,Not-in-family,White,Female,0,0,50,United-States,>50K
36,Private,107302,Masters,14,Married-civ-spouse,Prof-specialty,Husband,White,Male,0,0,60,United-States,>50K
67,State-gov,239705,Doctorate,16,Married-civ-spouse,Prof-specialty,Husband,Black,Male,0,0,12,,<=50K
52,Private,164135,HS-grad,9,Married-civ-spouse,Exec-managerial,Husband,White,Male,0,0,50,United-States,>50K
62,Private,153148,HS-grad,9,Divorced,Other-service,Not-in-family,White,Female,0,0,84,United-States,<=50K
24,Private,137591,Some-college,10,Never-married,Sales,Own-child,White,Male,0,1762,40,United-States,<=50K
33,Private,179758,HS-grad,9,Married-civ-spouse,Sales,Wife,White,Female,0,0,20,United-States,<=50K
40,Self-emp-not-inc,45093,HS-grad,9,Divorced,Craft-repair,Not-in-family,White,Male,0,0,45,Canada,<=50K
32,Private,299635,Assoc-voc,11,Married-civ-spouse,Craft-repair,Husband,White,Male,0,0,45,United-States,<=50K
48,State-gov,31141,Some-college,10,Married-civ-spouse,Protective-serv,Husband,White,Male,0,1902,40,United-States,>50K
36,Self-emp-not-inc,125933,Prof-school,15,Never-married,Prof-specialty,Not-in-family,White,Male,0,0,55,United-States,>50K
22,Private,162343,Some-college,10,Never-married,Adm-clerical,Other-relative,Black,Male,0,0,22,United-States,<=50K
19,Private,216804,7th-8th,4,Never-married,Other-service,Own-child,White,Male,0,0,33,United-States,<=50K
34,Self-emp-inc,62396,Bachelors,13,Never-married,Prof-specialty,Not-in-family,White,Female,0,0,62,United-States,>50K
39,Private,225330,Bachelors,13,Widowed,Prof-specialty,Unmarried,White,Female,0,0,50,Poland,>50K
51,Local-gov,142411,Assoc-voc,11,Divorced,Adm-clerical,Unmarried,White,Female,0,0,50,United-States,<=50K
23,Private,70894,Assoc-acdm,12,Never-married,Craft-repair,Other-relative,White,Male,0,0,40,United-States,<=50K
42,Private,68729,Some-college,10,Never-married,Craft-repair,Not-in-family,Asian-Pac-Islander,Male,0,0,40,United-States,<=50K
45,Private,170600,Assoc-voc,11,Divorced,Adm-clerical,Unmarried,Black,Female,0,0,40,United-States,<=50K
41,Self-emp-inc,114967,Assoc-voc,11,Married-civ-spouse,Exec-managerial,Husband,Black,Male,0,0,40,United-States,>50K
45,Private,138626,Assoc-voc,11,Divorced,Exec-managerial,Not-in-family,White,Male,2174,0,50,United-States,<=50K
30,Private,190511,HS-grad,9,Married-civ-spouse,Machine-op-inspct,Husband,White,Male,0,0,40,United-States,>50K
22,Private,174461,Some-college,10,Never-married,Adm-clerical,Own-child,White,Female,0,0,15,United-States,<=50K
24,Private,22201,HS-grad,9,Married-civ-spouse,Protective-serv,Husband,Asian-Pac-Islander,Male,0,0,40,Thailand,<=50K
49,,189885,HS-grad,9,Widowed,,Not-in-family,Black,Female,0,0,40,United-States,<=50K
37,Private,109133,Masters,14,Separated,Exec-managerial,Not-in-family,White,Male,27828,0,60,Iran,>50K
47,Local-gov,162595,Some-college,10,Married-spouse-absent,Craft-repair,Other-relative,White,Male,0,0,45,United-States,<=50K
34,Private,167893,Some-college,10,Married-civ-spouse,Prof-specialty,Husband,White,Male,0,0,64,United-States,>50K
29,Private,146949,Assoc-voc,11,Married-civ-spouse,Prof-specialty,Husband,White,Male,0,0,43,United-States,<=50K
23,Private,160951,HS-grad,9,Never-married,Craft-repair,Own-child,Black,Male,2597,0,40,United-States,<=50K
22,Private,29810,Some-college,10,Never-married,Transport-moving,Own-child,White,Female,0,0,30,United-States,<=50K
46,Private,190115,Some-college,10,Married-civ-spouse,Sales,Husband,White,Male,0,1887,40,United-States,>50K
29,Private,421065,HS-grad,9,Never-married,Machine-op-inspct,Not-in-family,White,Male,0,0,48,United-States,<=50K
26,Private,76996,Some-college,10,Never-married,Machine-op-inspct,Not-in-family,Black,Female,0,0,38,United-States,<=50K
79,Private,124744,Some-college,10,Married-civ-spouse,Prof-specialty,Other-relative,White,Male,0,0,20,United-States,<=50K
23,Private,156807,9th,5,Never-married,Handlers-cleaners,Own-child,Black,Male,0,0,36,United-States,<=50K
26,Private,206199,HS-grad,9,Never-married,Adm-clerical,Own-child,Black,Male,0,0,40,United-States,<=50K
45,Private,96798,5th-6th,3,Divorced,Transport-moving,Unmarried,White,Male,0,0,40,United-States,<=50K
61,Self-emp-not-inc,219183,Bachelors,13,Married-civ-spouse,Prof-specialty,Husband,White,Male,0,0,50,United-States,>50K
37,Private,187311,Some-college,10,Never-married,Adm-clerical,Not-in-family,White,Female,0,0,60,United-States,<=50K
19,Private,131615,HS-grad,9,Never-married,Machine-op-inspct,Own-child,White,Male,0,0,40,United-States,<=50K
52,Self-emp-inc,90363,Prof-school,15,Married-civ-spouse,Prof-specialty,Husband,White,Male,99999,0,35,United-States,>50K
20,State-gov,214542,Some-college,10,Never-married,Prof-specialty,Own-child,White,Male,0,0,40,United-States,<=50K
50,Private,145717,HS-grad,9,Widowed,Adm-clerical,Unmarried,White,Female,0,0,35,United-States,<=50K
46,Private,102597,Bachelors,13,Divorced,Prof-specialty,Unmarried,White,Female,0,0,40,United-States,<=50K
22,Private,138768,HS-grad,9,Never-married,Adm-clerical,Own-child,White,Male,0,0,40,United-States,<=50K
29,Private,53181,Masters,14,Married-civ-spouse,Prof-specialty,Husband,White,Male,0,0,55,United-States,>50K
53,Self-emp-inc,220786,Some-college,10,Widowed,Sales,Not-in-family,White,Female,0,0,60,United-States,<=50K
34,Private,349169,Masters,14,Married-civ-spouse,Craft-repair,Husband,White,Male,0,0,40,Mexico,<=50K
28,Private,271936,Some-college,10,Never-married,Exec-managerial,Not-in-family,White,Female,0,0,35,United-States,<=50K
46,Self-emp-not-inc,233974,HS-grad,9,Married-civ-spouse,Farming-fishing,Husband,White,Male,0,0,35,United-States,<=50K
46,Private,234690,HS-grad,9,Married-civ-spouse,Sales,Husband,White,Male,0,0,40,United-States,<=50K
39,Federal-gov,472166,Some-college,10,Divorced,Exec-managerial,Unmarried,Black,Female,0,0,40,United-States,<=50K
38,Private,65382,Some-college,10,Married-civ-spouse,Craft-repair,Husband,White,Male,0,0,40,United-States,>50K
42,Private,74949,Some-college,10,Divorced,Prof-specialty,Not-in-family,White,Male,0,0,40,United-States,<=50K
53,Private,123011,HS-grad,9,Divorced,Transport-moving,Not-in-family,White,Male,0,0,40,United-States,>50K
52,Private,173987,10th,6,Married-civ-spouse,Craft-repair,Husband,White,Male,0,0,40,United-States,<=50K
17,Private,57324,10th,6,Never-married,Other-service,Own-child,White,Male,0,0,30,United-States,<=50K
21,Private,231053,HS-grad,9,Never-married,Machine-op-inspct,Own-child,White,Male,0,0,30,United-States,<=50K
30,Private,65920,HS-grad,9,Never-married,Exec-managerial,Not-in-family,Black,Male,0,0,40,United-States,<=50K
50,Private,222020,HS-grad,9,Married-civ-spouse,Craft-repair,Husband,White,Male,0,0,40,United-States,<=50K
47,Private,142719,HS-grad,9,Married-civ-spouse,Machine-op-inspct,Husband,White,Male,0,0,40,United-States,<=50K
44,Private,63042,Bachelors,13,Divorced,Exec-managerial,Own-child,White,Female,0,0,50,United-States,>50K
57,Local-gov,130532,Bachelors,13,Widowed,Prof-specialty,Not-in-family,White,Female,0,0,35,United-States,<=50K
33,Private,122672,HS-grad,9,Married-civ-spouse,Farming-fishing,Husband,White,Male,0,0,50,United-States,<=50K
36,State-gov,147258,Some-college,10,Divorced,Transport-moving,Not-in-family,White,Male,0,0,60,United-States,<=50K
34,Private,36385,Masters,14,Married-civ-spouse,Prof-specialty,Husband,White,Male,0,0,45,United-States,>50K
62,Private,71751,Some-college,10,Married-civ-spouse,Exec-managerial,Husband,White,Male,0,1977,98,United-States,>50K
32,Private,105938,HS-grad,9,Never-married,Machine-op-inspct,Own-child,Black,Female,0,1602,20,United-States,<=50K
25,Local-gov,334267,Some-college,10,Married-civ-spouse,Exec-managerial,Husband,White,Male,0,0,40,United-States,>50K
27,Private,174419,Bachelors,13,Never-married,Prof-specialty,Not-in-family,White,Female,0,0,40,United-States,<=50K
18,,236090,HS-grad,9,Never-married,,Own-child,White,Female,0,0,40,United-States,<=50K
29,Private,247445,HS-grad,9,Divorced,Sales,Not-in-family,White,Male,0,0,45,United-States,<=50K
49,Self-emp-inc,109705,Some-college,10,Divorced,Exec-managerial,Unmarried,White,Female,0,0,32,United-States,<=50K
38,Private,133454,Assoc-acdm,12,Never-married,Craft-repair,Not-in-family,White,Male,0,0,40,United-States,<=50K
19,Private,96483,HS-grad,9,Never-married,Other-service,Own-child,Asian-Pac-Islander,Female,0,0,40,United-States,<=50K
54,Self-emp-not-inc,71344,Masters,14,Divorced,Prof-specialty,Not-in-family,White,Male,0,0,50,United-States,>50K
27,,175552,5th-6th,3,Married-civ-spouse,,Wife,White,Female,0,0,40,Mexico,<=50K
42,Self-emp-not-inc,120539,Bachelors,13,Married-civ-spouse,Sales,Husband,White,Male,0,0,50,United-States,>50K
43,Private,162003,Some-college,10,Divorced,Machine-op-inspct,Not-in-family,White,Male,0,0,40,United-States,<=50K
35,Self-emp-not-inc,185621,Bachelors,13,Never-married,Prof-specialty,Own-child,White,Female,0,0,40,United-States,<=50K
30,Private,198183,Assoc-voc,11,Never-married,Prof-specialty,Not-in-family,White,Female,0,0,40,United-States,<=50K
37,Private,125933,Assoc-acdm,12,Married-civ-spouse,Exec-managerial,Husband,White,Male,7688,0,50,United-States,>50K
36,Private,113397,HS-grad,9,Married-civ-spouse,Handlers-cleaners,Husband,White,Male,0,0,40,United-States,<=50K
35,,98080,Prof-school,15,Never-married,,Not-in-family,Asian-Pac-Islander,Male,4787,0,45,Japan,>50K
42,Private,279914,Bachelors,13,Married-civ-spouse,Tech-support,Husband,White,Male,0,0,40,United-States,>50K
55,Private,129173,HS-grad,9,Never-married,Handlers-cleaners,Not-in-family,Black,Male,0,0,40,United-States,<=50K
40,Private,210013,HS-grad,9,Married-civ-spouse,Transport-moving,Husband,White,Male,0,0,50,United-States,<=50K
74,Federal-gov,39890,Some-college,10,Widowed,Transport-moving,Not-in-family,White,Female,0,0,18,United-States,<=50K
42,Federal-gov,122861,Masters,14,Married-civ-spouse,Exec-managerial,Husband,White,Male,0,0,40,United-States,>50K
41,Private,145220,9th,5,Never-married,Priv-house-serv,Unmarried,White,Female,0,0,40,Columbia,<=50K
50,Private,81548,HS-grad,9,Married-civ-spouse,Prof-specialty,Husband,White,Male,0,0,40,United-States,<=50K
22,Private,189277,HS-grad,9,Never-married,Machine-op-inspct,Unmarried,Black,Female,0,0,40,United-States,<=50K
29,Private,195284,Doctorate,16,Divorced,Prof-specialty,Not-in-family,White,Female,0,0,60,United-States,>50K
35,Private,86648,Prof-school,15,Married-civ-spouse,Prof-specialty,Husband,White,Male,7688,0,50,United-States,>50K
33,Private,209900,Some-college,10,Never-married,Tech-support,Own-child,White,Male,0,0,20,United-States,<=50K
58,Private,163113,HS-grad,9,Widowed,Sales,Not-in-family,White,Female,0,0,35,United-States,>50K
41,Private,443508,Bachelors,13,Married-civ-spouse,Transport-moving,Husband,White,Male,0,0,48,Canada,>50K
51,Private,172281,Bachelors,13,Separated,Sales,Not-in-family,White,Male,0,0,40,United-States,<=50K
34,Local-gov,226443,Some-college,10,Married-civ-spouse,Protective-serv,Husband,White,Male,0,0,40,United-States,>50K
30,Private,226443,Bachelors,13,Married-civ-spouse,Sales,Husband,White,Male,0,0,50,United-States,>50K
74,,29887,HS-grad,9,Widowed,,Not-in-family,White,Female,0,0,10,United-States,<=50K
67,Local-gov,233681,Assoc-acdm,12,Married-civ-spouse,Exec-managerial,Husband,White,Male,0,0,35,United-States,<=50K
41,Private,227968,Bachelors,13,Married-civ-spouse,Prof-specialty,Wife,Black,Female,0,0,35,Haiti,>50K
50,Self-emp-not-inc,175456,HS-grad,9,Married-civ-spouse,Farming-fishing,Husband,White,Male,0,0,50,United-States,<=50K
31,Private,49398,Some-college,10,Married-civ-spouse,Tech-support,Husband,White,Male,0,0,40,United-States,<=50K
21,,509629,Some-college,10,Never-married,,Own-child,White,Female,0,0,35,United-States,<=50K
36,Private,160728,HS-grad,9,Married-civ-spouse,Machine-op-inspct,Husband,White,Male,0,0,60,United-States,<=50K
30,,201196,11th,7,Never-married,,Own-child,Black,Female,0,0,40,United-States,<=50K
28,Private,52603,Bachelors,13,Married-civ-spouse,Sales,Husband,White,Male,0,0,50,United-States,>50K
47,Private,201127,Some-college,10,Married-civ-spouse,Transport-moving,Husband,White,Male,0,0,50,United-States,<=50K
45,Private,126141,Bachelors,13,Married-civ-spouse,Exec-managerial,Husband,White,Male,0,0,40,United-States,>50K
47,Private,274883,HS-grad,9,Married-civ-spouse,Transport-moving,Husband,White,Male,0,0,40,United-States,<=50K
55,Private,199067,HS-grad,9,Married-civ-spouse,Craft-repair,Husband,White,Male,0,0,40,United-States,>50K
47,Private,121124,9th,5,Married-civ-spouse,Machine-op-inspct,Husband,White,Male,0,0,40,United-States,<=50K
44,Local-gov,181344,Some-college,10,Married-civ-spouse,Exec-managerial,Husband,Black,Male,0,0,38,United-States,>50K
35,Private,32126,Bachelors,13,Never-married,Prof-specialty,Not-in-family,White,Female,0,0,40,United-States,<=50K
36,Private,184659,HS-grad,9,Married-civ-spouse,Machine-op-inspct,Husband,White,Male,0,0,40,United-States,>50K
21,Private,143604,Some-college,10,Never-married,Other-service,Own-child,White,Female,0,0,29,,<=50K
37,Private,292370,Bachelors,13,Married-civ-spouse,Prof-specialty,Husband,Other,Male,0,0,50,,>50K
20,Private,167787,Some-college,10,Never-married,Sales,Own-child,White,Female,0,0,20,United-States,<=50K
22,Private,341610,Some-college,10,Never-married,Sales,Not-in-family,White,Male,0,0,35,,<=50K
18,State-gov,342852,HS-grad,9,Never-married,Adm-clerical,Own-child,White,Male,0,0,40,United-States,<=50K
34,Federal-gov,191342,Bachelors,13,Married-civ-spouse,Adm-clerical,Husband,Asian-Pac-Islander,Male,0,0,38,United-States,<=50K
50,,257117,9th,5,Married-civ-spouse,,Husband,White,Male,0,0,50,United-States,<=50K
31,Private,212235,Some-college,10,Never-married,Sales,Not-in-family,White,Male,0,0,45,United-States,<=50K
22,Private,195532,Bachelors,13,Never-married,Prof-specialty,Not-in-family,White,Female,8614,0,40,United-States,>50K
38,Private,119177,HS-grad,9,Married-civ-spouse,Sales,Husband,White,Male,0,0,55,United-States,>50K
54,Private,257337,Some-college,10,Married-civ-spouse,Craft-repair,Husband,White,Male,0,0,40,United-States,>50K
53,Self-emp-not-inc,101017,HS-grad,9,Married-civ-spouse,Exec-managerial,Husband,White,Male,0,0,35,United-States,<=50K
38,Local-gov,289430,HS-grad,9,Divorced,Protective-serv,Not-in-family,White,Male,0,0,56,United-States,<=50K
19,,143867,Some-college,10,Never-married,,Own-child,White,Male,0,0,40,United-States,<=50K
45,Private,81132,Some-college,10,Married-civ-spouse,Craft-repair,Other-relative,Asian-Pac-Islander,Male,0,0,40,Philippines,<=50K
27,Self-emp-not-inc,151402,HS-grad,9,Married-civ-spouse,Farming-fishing,Husband,White,Male,0,1573,70,United-States,<=50K
70,Private,278139,HS-grad,9,Married-civ-spouse,Sales,Husband,White,Male,3432,0,40,United-States,<=50K
26,Private,231638,HS-grad,9,Never-married,Exec-managerial,Own-child,White,Female,0,0,40,United-States,<=50K
60,Self-emp-not-inc,78913,Some-college,10,Married-civ-spouse,Exec-managerial,Husband,White,Male,0,0,50,United-States,<=50K
31,,163890,Some-college,10,Never-married,,Unmarried,Black,Female,0,0,40,United-States,<=50K
34,Private,176673,Some-college,10,Never-married,Sales,Other-relative,Black,Female,0,0,35,United-States,<=50K
44,Private,148138,Doctorate,16,Married-civ-spouse,Exec-managerial,Husband,Asian-Pac-Islander,Male,15024,0,40,Japan,>50K
57,Private,375868,Masters,14,Married-civ-spouse,Adm-clerical,Husband,White,Male,0,0,40,United-States,<=50K
32,Private,199963,11th,7,Married-civ-spouse,Machine-op-inspct,Wife,White,Female,0,0,40,United-States,<=50K
40,Private,375603,HS-grad,9,Divorced,Adm-clerical,Unmarried,Black,Male,0,0,40,United-States,<=50K
64,Local-gov,202984,HS-grad,9,Married-civ-spouse,Craft-repair,Husband,White,Male,3137,0,40,United-States,<=50K
47,Self-emp-not-inc,33300,Assoc-acdm,12,Never-married,Farming-fishing,Other-relative,White,Male,10520,0,45,United-States,>50K
55,Private,175942,Doctorate,16,Married-civ-spouse,Prof-specialty,Husband,White,Male,0,1977,55,,>50K
45,Private,197731,HS-grad,9,Married-civ-spouse,Machine-op-inspct,Husband,White,Male,0,0,40,United-States,<=50K
18,,171964,HS-grad,9,Never-married,,Own-child,White,Female,0,1602,20,United-States,<=50K
29,Private,132686,HS-grad,9,Divorced,Machine-op-inspct,Unmarried,White,Male,0,0,40,United-States,<=50K
20,Private,133515,Some-college,10,Never-married,Sales,Other-relative,White,Female,0,0,40,United-States,<=50K
48,Private,36503,Some-college,10,Married-civ-spouse,Exec-managerial,Husband,White,Male,0,0,40,United-States,>50K
48,Self-emp-inc,193188,Bachelors,13,Married-civ-spouse,Exec-managerial,Husband,White,Male,0,0,40,United-States,>50K
51,Private,244572,HS-grad,9,Separated,Other-service,Not-in-family,Black,Female,0,0,37,United-States,<=50K
26,Private,179772,Bachelors,13,Never-married,Exec-managerial,Not-in-family,White,Female,0,0,45,United-States,<=50K
47,Private,431245,7th-8th,4,Married-civ-spouse,Craft-repair,Husband,White,Male,0,0,40,United-States,<=50K
23,Private,115458,HS-grad,9,Never-married,Transport-moving,Own-child,White,Male,0,0,40,United-States,<=50K
20,Private,278155,Some-college,10,Never-married,Adm-clerical,Own-child,White,Male,0,0,40,United-States,<=50K
24,Private,226668,HS-grad,9,Never-married,Other-service,Not-in-family,Amer-Indian-Eskimo,Male,0,0,35,United-States,<=50K
31,State-gov,110714,Some-college,10,Never-married,Other-service,Own-child,White,Female,0,0,37,United-States,<=50K
20,Private,227778,Some-college,10,Never-married,Sales,Not-in-family,White,Female,0,0,56,United-States,<=50K
65,Private,174056,7th-8th,4,Married-civ-spouse,Machine-op-inspct,Husband,White,Male,0,0,40,United-States,<=50K
55,,52267,Masters,14,Married-civ-spouse,,Husband,White,Male,0,0,18,United-States,<=50K
18,Self-emp-not-inc,60981,11th,7,Never-married,Other-service,Own-child,White,Female,0,0,4,United-States,<=50K
50,Private,175029,HS-grad,9,Married-civ-spouse,Handlers-cleaners,Husband,White,Male,0,0,40,United-States,>50K
17,Private,152696,12th,8,Never-married,Other-service,Own-child,White,Female,0,0,30,United-States,<=50K
53,Private,321865,Masters,14,Married-civ-spouse,Exec-managerial,Husband,White,Male,0,0,40,United-States,>50K
32,Private,193285,HS-grad,9,Never-married,Craft-repair,Own-child,White,Male,0,0,40,United-States,<=50K
38,Private,256864,HS-grad,9,Married-civ-spouse,Tech-support,Husband,White,Male,0,0,50,United-States,>50K
44,Self-emp-not-inc,70884,HS-grad,9,Married-civ-spouse,Farming-fishing,Husband,White,Male,0,0,60,United-States,<=50K
41,Private,177305,Assoc-acdm,12,Married-civ-spouse,Craft-repair,Husband,White,Male,0,0,60,United-States,>50K
31,Private,259931,7th-8th,4,Married-civ-spouse,Machine-op-inspct,Husband,White,Male,0,0,40,United-States,<=50K
50,Local-gov,231725,HS-grad,9,Married-civ-spouse,Handlers-cleaners,Husband,White,Male,0,0,40,United-States,<=50K
36,Private,35429,Some-college,10,Married-civ-spouse,Exec-managerial,Husband,White,Male,0,0,60,United-States,<=50K
22,Private,236769,Bachelors,13,Never-married,Prof-specialty,Not-in-family,White,Male,0,0,20,England,<=50K
60,State-gov,69251,Masters,14,Married-civ-spouse,Prof-specialty,Husband,Asian-Pac-Islander,Male,0,0,38,China,>50K
57,Private,122497,9th,5,Widowed,Other-service,Unmarried,Black,Male,0,0,52,,<=50K
24,,138504,HS-grad,9,Separated,,Unmarried,Black,Female,0,0,37,United-States,<=50K
37,Private,178948,Bachelors,13,Never-married,Prof-specialty,Not-in-family,White,Female,0,0,45,United-States,<=50K
25,Private,224943,Some-college,10,Married-spouse-absent,Prof-specialty,Unmarried,Black,Male,0,0,40,United-States,<=50K
21,Private,187088,Some-college,10,Never-married,Adm-clerical,Own-child,Other,Female,0,0,20,Cuba,<=50K
21,Private,155066,Some-college,10,Never-married,Craft-repair,Own-child,White,Male,0,0,40,United-States,<=50K
31,Private,241885,HS-grad,9,Married-civ-spouse,Other-service,Husband,White,Male,0,0,40,United-States,<=50K
56,Private,91905,HS-grad,9,Married-civ-spouse,Sales,Wife,White,Female,0,0,4,United-States,<=50K
58,Private,250206,10th,6,Married-civ-spouse,Craft-repair,Husband,White,Male,5178,0,40,United-States,>50K
43,Private,307767,HS-grad,9,Married-civ-spouse,Handlers-cleaners,Husband,White,Male,0,0,40,United-States,<=50K
35,Private,241306,Assoc-voc,11,Married-civ-spouse,Tech-support,Husband,White,Male,0,0,40,United-States,>50K
40,Private,93955,Some-college,10,Married-civ-spouse,Prof-specialty,Wife,White,Female,0,0,40,United-States,<=50K
52,Local-gov,330799,9th,5,Married-civ-spouse,Other-service,Wife,White,Female,0,0,40,United-States,<=50K
70,,163057,HS-grad,9,Widowed,,Not-in-family,White,Female,2009,0,40,United-States,<=50K
28,Private,173110,HS-grad,9,Never-married,Exec-managerial,Not-in-family,White,Female,0,0,40,United-States,<=50K
32,Private,317219,Masters,14,Never-married,Prof-specialty,Not-in-family,White,Female,0,1590,40,United-States,<=50K
22,,211013,Some-college,10,Never-married,,Own-child,White,Female,0,0,40,Mexico,<=50K
36,Private,109133,HS-grad,9,Married-civ-spouse,Craft-repair,Husband,White,Male,0,0,40,United-States,<=50K
19,Private,116562,HS-grad,9,Never-married,Other-service,Own-child,White,Female,0,0,40,United-States,<=50K
44,Private,419134,HS-grad,9,Divorced,Adm-clerical,Unmarried,Black,Female,0,0,40,United-States,<=50K
50,State-gov,103063,Bachelors,13,Married-civ-spouse,Exec-managerial,Husband,White,Male,0,0,40,United-States,>50K
18,Private,120283,12th,8,Never-married,Sales,Own-child,White,Female,0,0,24,United-States,<=50K
54,Private,175262,7th-8th,4,Married-civ-spouse,Machine-op-inspct,Husband,White,Male,0,0,40,United-States,<=50K
31,Private,112062,Bachelors,13,Never-married,Prof-specialty,Not-in-family,White,Female,0,0,40,United-States,<=50K
19,Private,236570,HS-grad,9,Never-married,Adm-clerical,Own-child,White,Female,0,0,16,United-States,<=50K
78,Private,180239,Masters,14,Widowed,Craft-repair,Unmarried,Asian-Pac-Islander,Male,0,0,40,South,<=50K
81,Private,364099,Some-college,10,Divorced,Adm-clerical,Not-in-family,White,Female,0,0,20,United-States,<=50K
28,Private,175343,Bachelors,13,Married-civ-spouse,Sales,Husband,White,Male,0,0,40,United-States,<=50K
41,Private,33310,HS-grad,9,Never-married,Adm-clerical,Not-in-family,White,Female,0,0,40,United-States,<=50K
25,Private,356017,11th,7,Never-married,Other-service,Not-in-family,White,Male,0,0,99,United-States,<=50K
42,Private,129684,HS-grad,9,Divorced,Exec-managerial,Not-in-family,Black,Female,5455,0,50,United-States,<=50K
20,Private,215495,9th,5,Never-married,Exec-managerial,Other-relative,White,Female,0,0,40,Mexico,<=50K
55,Private,325007,Assoc-acdm,12,Married-civ-spouse,Tech-support,Husband,White,Male,0,0,25,United-States,<=50K
53,Private,111939,Bachelors,13,Married-civ-spouse,Other-service,Husband,White,Male,0,0,35,United-States,<=50K
43,State-gov,33331,Prof-school,15,Married-civ-spouse,Prof-specialty,Husband,White,Male,0,1977,70,United-States,>50K
32,Private,228265,HS-grad,9,Never-married,Handlers-cleaners,Own-child,White,Female,0,0,30,United-States,<=50K
64,Private,236341,5th-6th,3,Widowed,Other-service,Not-in-family,Black,Female,0,0,16,United-States,<=50K
58,Private,213975,Assoc-voc,11,Widowed,Prof-specialty,Not-in-family,White,Female,0,0,40,United-States,<=50K
19,Private,29083,HS-grad,9,Never-married,Sales,Own-child,Amer-Indian-Eskimo,Female,0,0,25,United-States,<=50K
23,Private,168009,10th,6,Married-civ-spouse,Machine-op-inspct,Own-child,Asian-Pac-Islander,Female,0,0,40,Vietnam,<=50K
48,Self-emp-not-inc,160724,Bachelors,13,Married-civ-spouse,Exec-managerial,Husband,Asian-Pac-Islander,Male,0,0,40,Japan,<=50K
55,Self-emp-inc,257216,Masters,14,Widowed,Sales,Not-in-family,White,Female,0,0,40,United-States,<=50K
53,Private,178356,Assoc-acdm,12,Married-civ-spouse,Exec-managerial,Husband,White,Male,2407,0,99,United-States,<=50K
46,Private,247043,HS-grad,9,Married-civ-spouse,Transport-moving,Husband,White,Male,0,0,40,United-States,>50K
30,Private,63861,Assoc-acdm,12,Never-married,Tech-support,Not-in-family,White,Female,0,0,40,United-States,<=50K
40,Self-emp-inc,209344,HS-grad,9,Divorced,Adm-clerical,Unmarried,White,Female,0,0,15,,<=50K
41,Private,138975,Bachelors,13,Married-civ-spouse,Exec-managerial,Husband,White,Male,7688,0,45,United-States,>50K
52,Private,178983,11th,7,Married-civ-spouse,Other-service,Husband,White,Male,0,0,40,United-States,<=50K
47,Private,268022,HS-grad,9,Married-civ-spouse,Transport-moving,Husband,White,Male,0,0,55,United-States,>50K
51,Local-gov,199688,Bachelors,13,Married-civ-spouse,Protective-serv,Husband,White,Male,0,0,40,United-States,>50K
47,Private,188330,HS-grad,9,Married-civ-spouse,Transport-moving,Husband,White,Male,0,0,25,United-States,<=50K
40,Private,191342,Bachelors,13,Married-civ-spouse,Exec-managerial,Husband,Asian-Pac-Islander,Male,0,0,40,China,>50K
55,,227203,Assoc-acdm,12,Married-spouse-absent,,Not-in-family,White,Female,0,0,5,United-States,<=50K
39,Private,139012,Bachelors,13,Married-civ-spouse,Adm-clerical,Husband,Asian-Pac-Islander,Male,0,0,40,Philippines,>50K
24,Private,211391,10th,6,Never-married,Sales,Not-in-family,White,Female,0,0,15,United-States,<=50K
44,Private,171722,HS-grad,9,Separated,Other-service,Unmarried,White,Female,0,0,39,United-States,<=50K
35,Private,283305,Bachelors,13,Never-married,Exec-managerial,Not-in-family,White,Female,0,0,40,United-States,<=50K
19,Private,187161,Some-college,10,Never-married,Other-service,Own-child,White,Female,0,0,25,United-States,<=50K
36,Private,177616,5th-6th,3,Separated,Machine-op-inspct,Not-in-family,White,Female,0,0,40,United-States,<=50K
25,Private,363707,HS-grad,9,Married-civ-spouse,Handlers-cleaners,Husband,White,Male,0,0,40,United-States,<=50K
61,Self-emp-not-inc,30073,HS-grad,9,Married-civ-spouse,Farming-fishing,Husband,White,Male,0,1848,60,United-States,>50K
22,Private,315524,Some-college,10,Never-married,Adm-clerical,Own-child,Black,Male,0,0,30,Dominican-Republic,<=50K
52,Private,177366,HS-grad,9,Separated,Other-service,Other-relative,White,Female,0,0,20,United-States,<=50K
28,Local-gov,179759,Some-college,10,Married-spouse-absent,Adm-clerical,Unmarried,White,Female,0,0,40,United-States,<=50K
21,Private,43535,Some-college,10,Never-married,Sales,Not-in-family,White,Female,0,0,40,United-States,<=50K
40,Private,183096,Bachelors,13,Divorced,Adm-clerical,Not-in-family,White,Female,0,0,35,United-States,<=50K
48,Private,174533,HS-grad,9,Married-civ-spouse,Machine-op-inspct,Husband,White,Male,0,0,40,United-States,<=50K
37,Private,109633,Bachelors,13,Married-civ-spouse,Prof-specialty,Wife,White,Female,0,0,16,United-States,>50K
40,Private,151294,HS-grad,9,Divorced,Handlers-cleaners,Not-in-family,White,Female,0,0,48,United-States,<=50K
41,Private,154194,HS-grad,9,Never-married,Sales,Own-child,White,Female,0,0,40,United-States,<=50K
40,Private,279679,Some-college,10,Divorced,Exec-managerial,Not-in-family,White,Male,0,0,45,United-States,<=50K
19,Private,391329,Some-college,10,Never-married,Adm-clerical,Not-in-family,White,Female,0,0,30,United-States,<=50K
27,Private,335764,11th,7,Married-civ-spouse,Sales,Own-child,Black,Male,0,0,35,United-States,<=50K
52,Private,128871,7th-8th,4,Divorced,Machine-op-inspct,Not-in-family,White,Female,0,0,64,United-States,<=50K
21,Private,103205,HS-grad,9,Married-civ-spouse,Machine-op-inspct,Husband,White,Male,0,0,40,United-States,<=50K
28,Private,177955,11th,7,Married-civ-spouse,Adm-clerical,Wife,White,Female,0,0,40,Mexico,<=50K
42,Federal-gov,31621,Assoc-acdm,12,Divorced,Adm-clerical,Not-in-family,White,Female,0,0,40,United-States,<=50K
73,State-gov,96262,HS-grad,9,Widowed,Adm-clerical,Not-in-family,White,Female,0,0,40,United-States,<=50K
44,Private,113324,HS-grad,9,Married-civ-spouse,Craft-repair,Husband,White,Male,0,0,40,United-States,<=50K
20,,289116,Some-college,10,Never-married,,Own-child,White,Female,0,0,5,United-States,<=50K
47,Local-gov,109705,HS-grad,9,Divorced,Exec-managerial,Not-in-family,White,Female,0,0,40,United-States,<=50K
37,Private,203828,9th,5,Married-civ-spouse,Craft-repair,Husband,White,Male,0,0,40,United-States,<=50K
54,,410114,HS-grad,9,Married-civ-spouse,,Husband,White,Male,0,0,40,United-States,<=50K
39,Private,172538,HS-grad,9,Married-civ-spouse,Prof-specialty,Husband,White,Male,0,0,50,United-States,>50K
49,Private,94638,HS-grad,9,Separated,Adm-clerical,Unmarried,White,Female,0,0,40,United-States,<=50K
43,Private,115323,Bachelors,13,Married-civ-spouse,Exec-managerial,Husband,White,Male,3103,0,40,United-States,>50K
41,Private,167725,Some-college,10,Divorced,Machine-op-inspct,Not-in-family,White,Male,0,0,40,United-States,<=50K
50,State-gov,211319,Masters,14,Never-married,Prof-specialty,Not-in-family,White,Male,0,0,38,United-States,<=50K
23,Private,410439,HS-grad,9,Never-married,Adm-clerical,Own-child,White,Male,0,0,25,United-States,<=50K
47,Private,243904,HS-grad,9,Divorced,Adm-clerical,Unmarried,White,Male,0,0,40,Honduras,<=50K
28,,168524,Assoc-voc,11,Married-civ-spouse,,Own-child,White,Female,0,0,40,United-States,<=50K
62,Private,141308,Some-college,10,Never-married,Adm-clerical,Not-in-family,White,Female,0,0,40,United-States,<=50K
38,Local-gov,329980,HS-grad,9,Never-married,Craft-repair,Not-in-family,White,Male,0,1876,40,Canada,<=50K
35,Private,346766,HS-grad,9,Never-married,Handlers-cleaners,Not-in-family,White,Female,0,0,40,United-States,<=50K
18,Private,302859,HS-grad,9,Never-married,Sales,Own-child,White,Male,0,0,20,United-States,<=50K
58,Private,104945,9th,5,Married-civ-spouse,Handlers-cleaners,Husband,Black,Male,0,0,60,United-States,<=50K
21,Private,195248,Some-college,10,Never-married,Sales,Own-child,Other,Female,0,0,20,United-States,<=50K
35,Private,278403,Prof-school,15,Married-civ-spouse,Prof-specialty,Husband,White,Male,0,0,80,United-States,>50K
43,Local-gov,147328,Masters,14,Married-civ-spouse,Exec-managerial,Husband,White,Male,0,1977,60,United-States,>50K
38,Private,193372,Some-college,10,Never-married,Exec-managerial,Own-child,White,Female,0,0,40,United-States,<=50K
32,Private,137076,Some-college,10,Married-civ-spouse,Sales,Husband,White,Male,0,0,40,United-States,<=50K
18,Private,182643,Some-college,10,Never-married,Handlers-cleaners,Own-child,White,Male,0,0,9,United-States,<=50K
21,Private,147655,HS-grad,9,Never-married,Other-service,Own-child,White,Female,0,0,35,United-States,<=50K
30,Private,70377,Some-college,10,Never-married,Machine-op-inspct,Not-in-family,White,Female,0,0,40,United-States,<=50K
43,Local-gov,113324,Bachelors,13,Married-civ-spouse,Prof-specialty,Husband,White,Male,0,0,40,United-States,>50K
23,Private,289909,Some-college,10,Never-married,Adm-clerical,Not-in-family,White,Male,0,0,45,United-States,<=50K
46,Self-emp-not-inc,199596,Some-college,10,Divorced,Exec-managerial,Unmarried,White,Female,0,0,50,United-States,<=50K
76,Private,203910,HS-grad,9,Widowed,Other-service,Not-in-family,White,Male,0,0,17,United-States,<=50K
32,Private,252752,Masters,14,Never-married,Exec-managerial,Not-in-family,White,Female,13550,0,60,United-States,>50K
21,Private,306114,HS-grad,9,Never-married,Other-service,Not-in-family,White,Male,0,0,35,United-States,<=50K
35,Private,112271,Masters,14,Married-civ-spouse,Adm-clerical,Husband,White,Male,0,0,40,United-States,<=50K
39,Self-emp-not-inc,65738,Some-college,10,Married-civ-spouse,Other-service,Wife,White,Female,0,0,15,United-States,>50K
25,Private,104097,Bachelors,13,Married-civ-spouse,Craft-repair,Husband,White,Male,2829,0,60,United-States,<=50K
43,State-gov,506329,Bachelors,13,Married-civ-spouse,Prof-specialty,Husband,Asian-Pac-Islander,Male,15024,0,40,,>50K
42,Local-gov,186909,Assoc-acdm,12,Married-civ-spouse,Exec-managerial,Wife,White,Female,0,0,45,United-States,>50K
61,Private,176839,Bachelors,13,Married-civ-spouse,Prof-specialty,Husband,White,Male,15024,0,50,United-States,>50K
44,Private,205474,Bachelors,13,Married-civ-spouse,Sales,Husband,White,Male,0,0,40,United-States,>50K
45,Local-gov,56841,HS-grad,9,Married-civ-spouse,Craft-repair,Husband,White,Male,0,0,40,United-States,>50K
26,Private,57512,Assoc-voc,11,Never-married,Craft-repair,Own-child,White,Male,0,0,48,United-States,<=50K
46,Private,188861,Some-college,10,Married-civ-spouse,Transport-moving,Husband,White,Male,0,0,40,United-States,<=50K
59,Local-gov,62020,HS-grad,9,Widowed,Craft-repair,Not-in-family,Black,Male,0,0,40,United-States,<=50K
28,Private,29444,HS-grad,9,Married-civ-spouse,Handlers-cleaners,Husband,Amer-Indian-Eskimo,Male,0,0,40,United-States,<=50K
67,,163726,5th-6th,3,Married-civ-spouse,,Husband,White,Male,0,0,49,United-States,<=50K
23,Private,223019,HS-grad,9,Never-married,Adm-clerical,Own-child,White,Female,0,0,40,United-States,<=50K
60,State-gov,27037,HS-grad,9,Married-civ-spouse,Protective-serv,Husband,Amer-Indian-Eskimo,Male,0,0,40,United-States,>50K
29,Private,185647,Some-college,10,Never-married,Tech-support,Own-child,White,Male,0,0,60,United-States,<=50K
60,Private,114413,Assoc-acdm,12,Married-civ-spouse,Sales,Husband,White,Male,0,0,30,United-States,<=50K
42,Private,187795,Some-college,10,Married-civ-spouse,Exec-managerial,Husband,White,Male,99999,0,55,United-States,>50K
28,Private,66777,Assoc-voc,11,Married-civ-spouse,Other-service,Other-relative,White,Female,3137,0,40,United-States,<=50K
32,State-gov,443546,HS-grad,9,Married-civ-spouse,Protective-serv,Husband,White,Male,0,0,45,United-States,<=50K
31,Private,145791,Assoc-voc,11,Divorced,Tech-support,Unmarried,White,Female,0,0,40,United-States,<=50K
36,Private,179468,HS-grad,9,Divorced,Craft-repair,Not-in-family,White,Male,0,0,40,United-States,<=50K
34,Private,96480,Some-college,10,Separated,Exec-managerial,Unmarried,White,Female,0,0,40,United-States,<=50K
31,Private,119432,Bachelors,13,Married-civ-spouse,Sales,Husband,White,Male,0,0,40,United-States,>50K
20,Private,194247,HS-grad,9,Never-married,Exec-managerial,Not-in-family,White,Male,0,0,25,United-States,<=50K
20,Private,145917,Some-college,10,Never-married,Adm-clerical,Own-child,White,Female,0,0,15,United-States,<=50K
19,Private,138153,Some-college,10,Never-married,Adm-clerical,Own-child,White,Female,0,0,10,United-States,<=50K
30,Private,79712,Bachelors,13,Married-civ-spouse,Prof-specialty,Husband,Other,Male,0,0,40,United-States,<=50K
47,Private,213140,Assoc-voc,11,Married-civ-spouse,Craft-repair,Husband,White,Male,7688,0,40,United-States,>50K
58,Private,212534,HS-grad,9,Married-civ-spouse,Craft-repair,Husband,White,Male,0,0,40,United-States,<=50K
48,Private,95244,Some-college,10,Divorced,Other-service,Unmarried,Black,Female,0,0,35,United-States,<=50K
44,Private,104196,Masters,14,Married-civ-spouse,Prof-specialty,Husband,White,Male,0,0,45,United-States,>50K
55,Self-emp-not-inc,100569,HS-grad,9,Separated,Farming-fishing,Unmarried,White,Female,0,0,55,United-States,<=50K
41,State-gov,101603,Assoc-voc,11,Married-civ-spouse,Craft-repair,Husband,White,Male,0,0,40,United-States,<=50K
22,Private,514033,HS-grad,9,Never-married,Other-service,Not-in-family,Black,Male,0,0,80,United-States,<=50K
42,Private,202565,1st-4th,2,Married-civ-spouse,Machine-op-inspct,Husband,White,Male,0,0,40,Italy,<=50K
45,Self-emp-inc,142719,HS-grad,9,Married-civ-spouse,Sales,Husband,White,Male,0,0,40,United-States,<=50K
32,State-gov,213389,Some-college,10,Divorced,Protective-serv,Unmarried,White,Female,0,1726,38,United-States,<=50K
29,State-gov,199450,Some-college,10,Divorced,Adm-clerical,Unmarried,Black,Male,0,0,40,United-States,<=50K
40,Private,143046,Bachelors,13,Never-married,Prof-specialty,Not-in-family,White,Female,0,0,45,United-States,<=50K
39,Private,30529,Bachelors,13,Married-civ-spouse,Exec-managerial,Husband,White,Male,0,1887,40,United-States,>50K
20,Private,116375,9th,5,Never-married,Sales,Own-child,White,Female,0,0,40,United-States,<=50K
25,Private,277444,Bachelors,13,Married-civ-spouse,Sales,Husband,White,Male,0,0,50,United-States,<=50K
25,Local-gov,125863,Bachelors,13,Never-married,Prof-specialty,Own-child,White,Male,0,0,35,United-States,<=50K
50,Private,46155,Assoc-voc,11,Divorced,Prof-specialty,Unmarried,White,Female,0,0,40,United-States,>50K
46,Private,191357,Bachelors,13,Married-civ-spouse,Tech-support,Husband,White,Male,0,0,40,United-States,<=50K
43,Private,388725,Assoc-acdm,12,Married-civ-spouse,Sales,Husband,White,Male,0,0,40,United-States,<=50K
71,Private,187493,HS-grad,9,Married-civ-spouse,Protective-serv,Husband,White,Male,0,0,40,United-States,>50K
27,Private,93206,Some-college,10,Never-married,Handlers-cleaners,Own-child,Asian-Pac-Islander,Male,0,0,40,United-States,<=50K
36,Local-gov,359001,Some-college,10,Married-civ-spouse,Protective-serv,Husband,White,Male,0,0,48,United-States,<=50K
44,Private,85604,HS-grad,9,Divorced,Craft-repair,Not-in-family,White,Male,0,0,40,United-States,>50K
40,Private,240124,HS-grad,9,Married-civ-spouse,Exec-managerial,Husband,White,Male,0,0,40,United-States,>50K
27,Federal-gov,105189,HS-grad,9,Divorced,Adm-clerical,Not-in-family,White,Male,4865,0,50,United-States,<=50K
55,Private,190257,HS-grad,9,Married-civ-spouse,Farming-fishing,Husband,White,Male,0,0,53,United-States,>50K
39,Private,188069,9th,5,Married-civ-spouse,Transport-moving,Husband,White,Male,0,0,25,United-States,<=50K
26,Private,163747,Bachelors,13,Never-married,Sales,Not-in-family,White,Female,0,0,55,United-States,<=50K
42,Private,195584,Assoc-acdm,12,Separated,Adm-clerical,Unmarried,Black,Female,0,0,40,United-States,<=50K
24,Local-gov,201664,Some-college,10,Never-married,Protective-serv,Own-child,White,Male,0,0,40,United-States,<=50K
52,,159755,Assoc-voc,11,Married-civ-spouse,,Husband,White,Male,0,0,50,United-States,>50K
58,Self-emp-not-inc,203039,9th,5,Separated,Craft-repair,Not-in-family,White,Male,0,0,40,United-States,<=50K
30,Private,156718,Some-college,10,Separated,Adm-clerical,Not-in-family,White,Female,0,0,40,United-States,<=50K
23,Private,170482,Some-college,10,Never-married,Sales,Own-child,White,Male,0,0,45,United-States,<=50K
67,Federal-gov,65475,HS-grad,9,Married-civ-spouse,Tech-support,Husband,White,Male,0,0,40,United-States,>50K
54,Local-gov,219276,Bachelors,13,Married-civ-spouse,Exec-managerial,Husband,Asian-Pac-Islander,Male,0,0,40,Philippines,>50K
55,Self-emp-inc,222615,Masters,14,Married-civ-spouse,Exec-managerial,Husband,White,Male,0,0,60,United-States,<=50K
35,Private,287658,Assoc-acdm,12,Never-married,Transport-moving,Not-in-family,Black,Male,0,0,30,Jamaica,<=50K
20,Private,122971,Some-college,10,Never-married,Sales,Own-child,White,Male,0,0,35,United-States,<=50K
29,Private,22641,HS-grad,9,Married-civ-spouse,Machine-op-inspct,Husband,Amer-Indian-Eskimo,Male,0,0,45,United-States,<=50K
33,,177824,HS-grad,9,Separated,,Unmarried,White,Female,0,0,40,United-States,<=50K
33,Local-gov,190290,Assoc-voc,11,Never-married,Protective-serv,Not-in-family,White,Male,0,0,56,United-States,<=50K
38,Private,213260,HS-grad,9,Separated,Protective-serv,Not-in-family,Black,Male,0,0,40,United-States,<=50K
26,Private,214413,Some-college,10,Never-married,Craft-repair,Own-child,White,Male,0,0,40,United-States,<=50K
19,,192773,Some-college,10,Never-married,,Own-child,White,Female,0,0,35,United-States,<=50K
44,Private,167725,HS-grad,9,Married-civ-spouse,Craft-repair,Husband,White,Male,0,0,40,United-States,<=50K
50,Self-emp-not-inc,172281,HS-grad,9,Married-civ-spouse,Exec-managerial,Husband,White,Male,7688,0,50,United-States,>50K
58,Private,220789,Bachelors,13,Divorced,Transport-moving,Not-in-family,White,Male,0,0,45,United-States,<=50K
45,Private,213140,10th,6,Married-civ-spouse,Craft-repair,Husband,White,Male,2829,0,40,United-States,<=50K
35,Local-gov,302149,Bachelors,13,Married-civ-spouse,Sales,Husband,Asian-Pac-Islander,Male,7298,0,40,Philippines,>50K
33,Private,87310,9th,5,Never-married,Machine-op-inspct,Not-in-family,White,Male,0,0,50,United-States,<=50K
61,,222395,HS-grad,9,Married-civ-spouse,,Husband,White,Male,0,0,40,United-States,<=50K
24,State-gov,177526,Bachelors,13,Never-married,Prof-specialty,Not-in-family,White,Male,0,0,15,United-States,<=50K
27,Private,208249,HS-grad,9,Married-civ-spouse,Handlers-cleaners,Husband,White,Male,0,0,62,United-States,<=50K
27,Private,164924,HS-grad,9,Never-married,Craft-repair,Not-in-family,White,Male,0,0,40,United-States,<=50K
42,Private,171841,Prof-school,15,Married-civ-spouse,Prof-specialty,Husband,White,Male,0,0,60,United-States,<=50K
45,Private,368561,HS-grad,9,Married-civ-spouse,Exec-managerial,Husband,White,Male,0,0,55,United-States,>50K
37,Private,98941,Masters,14,Never-married,Exec-managerial,Not-in-family,White,Male,0,0,40,United-States,>50K
39,Local-gov,170382,Masters,14,Married-civ-spouse,Prof-specialty,Wife,White,Female,0,0,50,England,>50K
36,Private,329980,Bachelors,13,Never-married,Exec-managerial,Not-in-family,White,Male,27828,0,40,United-States,>50K
41,Private,242089,Masters,14,Married-civ-spouse,Exec-managerial,Husband,White,Male,0,0,45,United-States,<=50K
39,Private,252327,9th,5,Separated,Craft-repair,Own-child,White,Male,0,0,35,Mexico,<=50K
49,Private,246183,HS-grad,9,Married-civ-spouse,Sales,Husband,White,Male,0,0,40,United-States,>50K
35,Self-emp-not-inc,166416,HS-grad,9,Married-civ-spouse,Farming-fishing,Husband,White,Male,0,0,99,United-States,<=50K
47,State-gov,156417,Some-college,10,Divorced,Prof-specialty,Unmarried,White,Male,0,0,20,United-States,<=50K
35,Private,248010,Bachelors,13,Married-spouse-absent,Craft-repair,Unmarried,White,Male,0,0,40,United-States,<=50K
20,Private,41432,Some-college,10,Never-married,Adm-clerical,Own-child,White,Female,0,0,46,United-States,<=50K
56,Self-emp-inc,184598,9th,5,Married-civ-spouse,Transport-moving,Husband,White,Male,0,0,99,United-States,<=50K
18,,85154,12th,8,Never-married,,Own-child,Asian-Pac-Islander,Female,0,0,24,Germany,<=50K
30,Private,174789,Assoc-acdm,12,Married-civ-spouse,Exec-managerial,Husband,White,Male,0,1848,50,United-States,>50K
40,Local-gov,33274,HS-grad,9,Divorced,Other-service,Not-in-family,White,Female,0,0,50,United-States,<=50K
30,Private,167558,HS-grad,9,Never-married,Sales,Unmarried,White,Female,0,0,35,Mexico,<=50K
19,Private,247679,HS-grad,9,Never-married,Craft-repair,Not-in-family,White,Male,0,0,45,United-States,<=50K
25,Private,143280,10th,6,Never-married,Priv-house-serv,Own-child,White,Female,0,0,24,United-States,<=50K
53,State-gov,105728,HS-grad,9,Married-civ-spouse,Other-service,Wife,Amer-Indian-Eskimo,Female,0,0,28,United-States,>50K
31,Private,87054,HS-grad,9,Married-civ-spouse,Craft-repair,Husband,White,Male,0,0,50,United-States,<=50K
31,Self-emp-not-inc,203463,Bachelors,13,Never-married,Tech-support,Not-in-family,White,Female,0,0,40,United-States,<=50K
20,,37932,HS-grad,9,Never-married,,Not-in-family,White,Male,0,0,40,United-States,<=50K
46,Private,178829,Masters,14,Married-spouse-absent,Exec-managerial,Not-in-family,White,Male,0,0,70,United-States,>50K
23,Private,159709,HS-grad,9,Divorced,Craft-repair,Not-in-family,White,Male,0,0,40,United-States,<=50K
42,Private,236021,HS-grad,9,Married-civ-spouse,Craft-repair,Husband,White,Male,0,0,40,,>50K
36,Local-gov,223433,Assoc-voc,11,Married-civ-spouse,Protective-serv,Husband,White,Male,0,0,53,United-States,>50K
44,Private,146906,Prof-school,15,Married-civ-spouse,Prof-specialty,Husband,White,Male,0,0,50,United-States,>50K
26,Private,122575,Bachelors,13,Never-married,Exec-managerial,Unmarried,Asian-Pac-Islander,Male,0,0,60,Vietnam,<=50K
25,Private,274228,HS-grad,9,Married-civ-spouse,Tech-support,Husband,White,Male,0,0,84,United-States,<=50K
24,Private,388093,Bachelors,13,Never-married,Exec-managerial,Not-in-family,Black,Male,0,0,40,United-States,<=50K
61,Private,226297,Bachelors,13,Married-civ-spouse,Exec-managerial,Husband,White,Male,0,0,40,United-States,<=50K
62,,232719,Masters,14,Married-civ-spouse,,Husband,White,Male,0,0,50,United-States,<=50K
29,Private,180299,Some-college,10,Married-civ-spouse,Transport-moving,Husband,White,Male,0,0,35,United-States,<=50K
33,Local-gov,156015,Assoc-voc,11,Married-civ-spouse,Tech-support,Husband,White,Male,0,0,40,United-States,<=50K
57,Self-emp-not-inc,264148,HS-grad,9,Married-civ-spouse,Farming-fishing,Husband,White,Male,0,0,45,United-States,<=50K
22,,195143,Some-college,10,Never-married,,Own-child,White,Female,0,0,29,United-States,<=50K
43,Private,193882,Some-college,10,Married-civ-spouse,Sales,Husband,White,Male,7688,0,40,United-States,>50K
35,Private,98389,11th,7,Married-civ-spouse,Farming-fishing,Husband,White,Male,0,0,40,United-States,<=50K
24,Private,155818,Some-college,10,Never-married,Sales,Own-child,White,Female,0,0,40,United-States,<=50K
39,Local-gov,305597,HS-grad,9,Separated,Exec-managerial,Unmarried,White,Male,0,0,40,United-States,<=50K
27,Private,300783,Some-college,10,Married-civ-spouse,Sales,Wife,White,Female,0,0,42,United-States,>50K
30,Private,177304,Some-college,10,Married-civ-spouse,Sales,Husband,White,Male,0,0,44,United-States,<=50K
49,Local-gov,159641,Bachelors,13,Divorced,Exec-managerial,Unmarried,White,Female,0,625,40,United-States,<=50K
52,Private,152373,Some-college,10,Married-civ-spouse,Sales,Husband,White,Male,0,0,40,United-States,<=50K
41,Private,182567,Bachelors,13,Married-civ-spouse,Exec-managerial,Husband,White,Male,0,0,40,,>50K
45,Private,116360,HS-grad,9,Divorced,Other-service,Not-in-family,Black,Female,0,0,35,United-States,<=50K
51,Private,310774,Prof-school,15,Married-civ-spouse,Prof-specialty,Husband,White,Male,0,0,50,United-States,>50K
53,Local-gov,283602,Masters,14,Married-civ-spouse,Prof-specialty,Wife,White,Female,15024,0,40,United-States,>50K
43,Private,221172,Bachelors,13,Married-civ-spouse,Tech-support,Husband,White,Male,0,0,24,United-States,>50K
57,Private,31532,Bachelors,13,Married-civ-spouse,Transport-moving,Husband,White,Male,0,0,40,United-States,<=50K
37,Private,220237,Bachelors,13,Married-civ-spouse,Exec-managerial,Husband,White,Male,5178,0,40,United-States,>50K
54,Private,240542,Some-college,10,Divorced,Sales,Unmarried,White,Female,0,0,48,United-States,<=50K
44,State-gov,141858,Prof-school,15,Married-civ-spouse,Prof-specialty,Husband,White,Male,15024,0,75,United-States,>50K
50,Private,191299,HS-grad,9,Married-civ-spouse,Craft-repair,Husband,White,Male,0,0,50,United-States,<=50K
27,Private,275110,HS-grad,9,Married-civ-spouse,Handlers-cleaners,Husband,Black,Male,0,0,80,United-States,>50K
24,Private,265567,11th,7,Never-married,Craft-repair,Own-child,White,Male,0,0,35,United-States,<=50K
49,Private,123207,HS-grad,9,Never-married,Adm-clerical,Not-in-family,White,Female,0,0,44,United-States,<=50K
28,Private,412149,10th,6,Never-married,Farming-fishing,Other-relative,White,Male,0,0,35,Mexico,<=50K
20,Private,153516,Some-college,10,Never-married,Adm-clerical,Own-child,White,Male,0,0,30,United-States,<=50K
47,Private,386136,HS-grad,9,Married-civ-spouse,Transport-moving,Husband,White,Male,0,0,35,United-States,<=50K
22,Private,39615,Some-college,10,Never-married,Prof-specialty,Not-in-family,White,Male,0,0,45,United-States,<=50K
25,Private,108779,Masters,14,Separated,Other-service,Own-child,White,Female,0,0,40,United-States,<=50K
29,Self-emp-not-inc,322238,HS-grad,9,Never-married,Farming-fishing,Not-in-family,White,Male,0,0,40,United-States,<=50K
67,Private,174693,Some-college,10,Widowed,Sales,Not-in-family,White,Female,0,0,25,Nicaragua,<=50K
42,Federal-gov,65950,HS-grad,9,Divorced,Adm-clerical,Unmarried,Black,Female,0,0,40,United-States,<=50K
57,Private,174353,HS-grad,9,Never-married,Exec-managerial,Not-in-family,White,Male,0,0,40,United-States,<=50K
32,Private,131224,HS-grad,9,Married-civ-spouse,Prof-specialty,Husband,White,Male,0,0,40,United-States,<=50K
35,Private,223514,Bachelors,13,Married-civ-spouse,Adm-clerical,Wife,Black,Female,0,0,40,United-States,<=50K
58,Private,216941,HS-grad,9,Divorced,Exec-managerial,Unmarried,White,Female,0,0,40,United-States,<=50K
60,Private,76127,Assoc-acdm,12,Married-civ-spouse,Adm-clerical,Husband,White,Male,0,0,35,United-States,>50K
34,Private,89644,Some-college,10,Married-civ-spouse,Sales,Husband,White,Male,0,0,55,United-States,>50K
64,Local-gov,113324,HS-grad,9,Widowed,Exec-managerial,Not-in-family,White,Male,0,0,40,United-States,<=50K
32,Private,169955,Some-college,10,Married-civ-spouse,Other-service,Wife,White,Female,0,0,36,Puerto-Rico,<=50K
32,Self-emp-inc,191385,Doctorate,16,Never-married,Prof-specialty,Not-in-family,White,Male,0,0,77,United-States,<=50K
38,Private,172538,Bachelors,13,Married-civ-spouse,Exec-managerial,Husband,White,Male,15024,0,50,United-States,>50K
26,Private,176520,HS-grad,9,Never-married,Adm-clerical,Not-in-family,White,Male,0,0,53,United-States,<=50K
41,Local-gov,66118,Some-college,10,Married-civ-spouse,Transport-moving,Wife,White,Female,0,0,25,United-States,<=50K
34,Private,25322,Bachelors,13,Married-spouse-absent,Machine-op-inspct,Not-in-family,Asian-Pac-Islander,Male,0,2339,40,,<=50K
27,Local-gov,199343,HS-grad,9,Married-civ-spouse,Adm-clerical,Husband,White,Male,0,0,38,United-States,<=50K
63,Self-emp-not-inc,289741,Masters,14,Married-civ-spouse,Farming-fishing,Husband,White,Male,41310,0,50,United-States,<=50K
41,Private,207685,Some-college,10,Divorced,Other-service,Not-in-family,White,Male,0,0,21,United-States,<=50K
41,Self-emp-inc,177905,Bachelors,13,Married-civ-spouse,Exec-managerial,Husband,White,Male,7688,0,70,United-States,>50K
30,Private,128065,Some-college,10,Married-civ-spouse,Tech-support,Husband,White,Male,0,0,45,United-States,<=50K
22,Private,129934,Some-college,10,Never-married,Adm-clerical,Not-in-family,Asian-Pac-Islander,Male,0,0,40,,<=50K
55,Federal-gov,238192,HS-grad,9,Married-civ-spouse,Tech-support,Husband,White,Male,0,1887,40,United-States,>50K
22,Local-gov,195532,Some-college,10,Never-married,Protective-serv,Other-relative,White,Female,0,0,43,United-States,<=50K
30,Private,375827,HS-grad,9,Never-married,Handlers-cleaners,Other-relative,White,Male,0,0,40,United-States,<=50K
24,Private,174138,Assoc-acdm,12,Married-civ-spouse,Craft-repair,Husband,White,Male,0,0,40,United-States,<=50K
19,Private,445728,HS-grad,9,Never-married,Craft-repair,Not-in-family,White,Male,0,0,40,United-States,<=50K
22,State-gov,334693,Some-college,10,Never-married,Adm-clerical,Own-child,White,Female,0,0,40,United-States,<=50K
70,State-gov,345339,Bachelors,13,Never-married,Exec-managerial,Not-in-family,White,Male,0,0,40,United-States,<=50K
20,Federal-gov,191878,Some-college,10,Never-married,Adm-clerical,Own-child,Black,Female,0,0,20,United-States,<=50K
69,Private,102874,HS-grad,9,Widowed,Adm-clerical,Not-in-family,White,Female,0,0,24,United-States,<=50K
40,Private,187802,Some-college,10,Married-civ-spouse,Handlers-cleaners,Husband,White,Male,0,1887,40,United-States,>50K
74,Self-emp-not-inc,146929,HS-grad,9,Married-civ-spouse,Sales,Husband,White,Male,0,0,55,United-States,<=50K
52,Private,143807,HS-grad,9,Divorced,Sales,Not-in-family,White,Female,0,0,40,United-States,<=50K
54,,185936,9th,5,Divorced,,Not-in-family,White,Female,0,0,15,United-States,<=50K
38,Private,31964,9th,5,Married-civ-spouse,Adm-clerical,Husband,White,Male,0,0,40,United-States,<=50K
76,Private,278938,Bachelors,13,Widowed,Prof-specialty,Not-in-family,White,Female,0,0,20,United-States,<=50K
51,Self-emp-not-inc,208003,HS-grad,9,Married-civ-spouse,Sales,Husband,White,Male,0,0,40,United-States,<=50K
39,Private,237943,Bachelors,13,Married-civ-spouse,Exec-managerial,Husband,White,Male,99999,0,70,United-States,>50K
34,Private,150154,HS-grad,9,Never-married,Adm-clerical,Own-child,White,Male,0,0,40,United-States,<=50K
19,Private,167140,Some-college,10,Never-married,Other-service,Own-child,White,Male,0,1602,24,United-States,<=50K
26,State-gov,169323,Masters,14,Never-married,Prof-specialty,Not-in-family,White,Female,0,0,40,United-States,<=50K
52,Federal-gov,291096,Assoc-acdm,12,Married-civ-spouse,Other-service,Husband,White,Male,7298,0,40,United-States,>50K
27,Private,119170,11th,7,Never-married,Exec-managerial,Unmarried,White,Female,0,0,45,United-States,<=50K
39,Private,179731,Masters,14,Married-civ-spouse,Exec-managerial,Wife,White,Female,0,2415,65,United-States,>50K
36,Private,108293,HS-grad,9,Widowed,Other-service,Unmarried,White,Female,0,0,24,United-States,<=50K
51,Self-emp-inc,124963,Masters,14,Married-civ-spouse,Sales,Husband,White,Male,0,0,40,United-States,>50K
49,Self-emp-not-inc,148254,HS-grad,9,Divorced,Farming-fishing,Not-in-family,White,Female,0,0,28,United-States,<=50K
19,Private,148392,HS-grad,9,Never-married,Adm-clerical,Own-child,White,Male,0,0,30,United-States,<=50K
41,Self-emp-not-inc,196001,HS-grad,9,Married-civ-spouse,Other-service,Wife,White,Female,0,0,20,United-States,<=50K
28,Private,116531,HS-grad,9,Never-married,Adm-clerical,Not-in-family,White,Female,0,0,40,United-States,<=50K
34,Local-gov,167999,HS-grad,9,Divorced,Adm-clerical,Unmarried,White,Female,0,0,33,United-States,<=50K
44,Self-emp-inc,71556,Masters,14,Married-civ-spouse,Sales,Husband,White,Male,0,0,50,,>50K
28,Self-emp-inc,32922,Assoc-voc,11,Never-married,Sales,Not-in-family,White,Male,0,0,60,United-States,<=50K
40,Private,236110,12th,8,Married-civ-spouse,Prof-specialty,Husband,White,Male,0,0,40,Cuba,>50K
38,Self-emp-inc,124665,Bachelors,13,Never-married,Craft-repair,Not-in-family,White,Female,0,0,20,United-States,<=50K
30,Federal-gov,49593,Prof-school,15,Never-married,Prof-specialty,Not-in-family,Black,Female,0,0,40,United-States,<=50K
40,Private,121874,Assoc-acdm,12,Married-civ-spouse,Sales,Husband,White,Male,7688,0,50,United-States,>50K
62,,125493,HS-grad,9,Married-civ-spouse,,Wife,White,Female,5178,0,40,Scotland,>50K
49,Private,208978,HS-grad,9,Divorced,Adm-clerical,Unmarried,White,Female,0,0,16,United-States,<=50K
58,Private,128162,HS-grad,9,Divorced,Sales,Not-in-family,White,Female,0,0,24,United-States,<=50K
56,Self-emp-not-inc,62539,11th,7,Widowed,Other-service,Unmarried,White,Female,0,0,65,Greece,>50K
22,Private,355686,Some-college,10,Never-married,Adm-clerical,Not-in-family,White,Female,0,0,40,United-States,<=50K
46,State-gov,30219,Some-college,10,Married-civ-spouse,Exec-managerial,Husband,White,Male,7688,0,38,United-States,>50K
23,Private,234460,7th-8th,4,Never-married,Machine-op-inspct,Own-child,Black,Female,0,0,40,Dominican-Republic,<=50K
32,Private,271276,HS-grad,9,Married-civ-spouse,Transport-moving,Husband,White,Male,0,0,80,United-States,>50K
36,Self-emp-not-inc,111957,Some-college,10,Married-civ-spouse,Exec-managerial,Husband,White,Male,0,0,52,United-States,<=50K
62,,182687,Some-college,10,Married-civ-spouse,,Wife,White,Female,0,0,45,United-States,>50K
39,Private,164898,HS-grad,9,Married-civ-spouse,Craft-repair,Husband,White,Male,0,0,40,United-States,<=50K
29,Self-emp-inc,187450,Bachelors,13,Married-civ-spouse,Sales,Husband,White,Male,0,0,50,United-States,>50K
47,Private,197702,Some-college,10,Married-civ-spouse,Craft-repair,Husband,White,Male,0,0,40,United-States,<=50K
25,Private,110978,Assoc-acdm,12,Married-civ-spouse,Adm-clerical,Wife,Asian-Pac-Islander,Female,0,0,37,India,>50K
50,Private,137253,Bachelors,13,Married-civ-spouse,Adm-clerical,Wife,White,Female,0,0,40,United-States,>50K
29,Local-gov,148182,HS-grad,9,Married-civ-spouse,Transport-moving,Husband,Black,Male,0,0,40,United-States,<=50K
23,State-gov,314645,Assoc-acdm,12,Never-married,Adm-clerical,Not-in-family,White,Female,0,0,25,United-States,<=50K
41,Private,221172,Bachelors,13,Married-civ-spouse,Craft-repair,Husband,White,Male,0,0,40,United-States,>50K
31,Self-emp-not-inc,119411,HS-grad,9,Never-married,Craft-repair,Own-child,White,Male,0,0,50,United-States,<=50K
43,Private,235556,Some-college,10,Married-spouse-absent,Sales,Not-in-family,White,Male,0,0,45,Mexico,<=50K
54,Self-emp-inc,196328,Bachelors,13,Married-civ-spouse,Sales,Husband,Black,Male,0,0,40,Jamaica,<=50K
17,,262196,10th,6,Never-married,,Own-child,White,Male,0,0,8,United-States,<=50K
41,State-gov,70884,HS-grad,9,Married-civ-spouse,Tech-support,Husband,White,Male,0,0,40,United-States,<=50K
35,Private,276153,Bachelors,13,Never-married,Tech-support,Not-in-family,Asian-Pac-Islander,Female,4650,0,40,United-States,<=50K
70,,173736,Bachelors,13,Married-civ-spouse,,Husband,White,Male,0,0,6,United-States,<=50K
38,Private,199816,HS-grad,9,Divorced,Machine-op-inspct,Own-child,White,Male,0,0,40,United-States,<=50K
31,Private,229636,Some-college,10,Married-civ-spouse,Craft-repair,Husband,White,Male,0,0,45,Mexico,<=50K
31,Private,202822,Some-college,10,Divorced,Adm-clerical,Unmarried,Black,Female,0,0,40,United-States,<=50K
23,Private,198996,HS-grad,9,Never-married,Adm-clerical,Not-in-family,White,Female,0,0,40,United-States,<=50K
61,,166855,Bachelors,13,Married-civ-spouse,,Husband,White,Male,0,0,10,United-States,<=50K
39,,240226,HS-grad,9,Married-civ-spouse,,Husband,Black,Male,0,0,40,United-States,<=50K
47,Private,379118,HS-grad,9,Divorced,Other-service,Unmarried,Black,Male,0,0,9,United-States,<=50K
39,Self-emp-not-inc,34378,HS-grad,9,Married-civ-spouse,Farming-fishing,Husband,White,Male,0,0,50,United-States,<=50K
59,Private,366618,9th,5,Married-civ-spouse,Other-service,Husband,White,Male,0,0,30,United-States,<=50K
25,Self-emp-not-inc,217030,HS-grad,9,Never-married,Other-service,Unmarried,White,Female,0,0,30,United-States,<=50K
22,Private,409230,12th,8,Never-married,Transport-moving,Other-relative,White,Male,0,0,40,United-States,<=50K
18,,157131,HS-grad,9,Never-married,,Own-child,White,Female,0,0,12,United-States,<=50K
53,Private,180439,Bachelors,13,Married-civ-spouse,Craft-repair,Husband,White,Male,0,0,40,United-States,>50K
36,,168223,Bachelors,13,Never-married,,Own-child,White,Female,0,0,40,United-States,<=50K
63,Self-emp-not-inc,35021,Bachelors,13,Married-civ-spouse,Prof-specialty,Husband,Asian-Pac-Islander,Male,0,1977,32,China,>50K
31,Private,217803,HS-grad,9,Divorced,Sales,Not-in-family,White,Female,0,0,32,United-States,<=50K
40,Private,181015,HS-grad,9,Separated,Other-service,Unmarried,White,Female,0,0,47,United-States,<=50K
36,Federal-gov,359249,Some-college,10,Separated,Adm-clerical,Not-in-family,Black,Male,0,0,40,United-States,<=50K
60,Local-gov,212856,Masters,14,Married-civ-spouse,Prof-specialty,Husband,White,Male,0,0,40,,>50K
47,Private,128796,HS-grad,9,Married-civ-spouse,Craft-repair,Husband,White,Male,0,0,40,United-States,>50K
45,Local-gov,318280,HS-grad,9,Widowed,Protective-serv,Not-in-family,White,Male,0,0,40,United-States,>50K
41,,213416,5th-6th,3,Married-civ-spouse,,Husband,White,Male,0,0,32,Mexico,<=50K
19,,252752,HS-grad,9,Never-married,,Own-child,Black,Male,0,0,35,United-States,<=50K
18,Private,164441,Some-college,10,Never-married,Adm-clerical,Own-child,White,Female,0,0,38,United-States,<=50K
19,Private,97261,12th,8,Never-married,Handlers-cleaners,Not-in-family,White,Male,0,0,40,United-States,<=50K
31,Private,62374,HS-grad,9,Married-civ-spouse,Prof-specialty,Husband,White,Male,0,0,50,United-States,<=50K
31,Private,112627,HS-grad,9,Married-civ-spouse,Transport-moving,Husband,Amer-Indian-Eskimo,Male,0,0,40,United-States,<=50K
41,Private,175674,Some-college,10,Married-civ-spouse,Sales,Husband,White,Male,0,0,40,United-States,>50K
46,Private,117849,Masters,14,Married-civ-spouse,Exec-managerial,Husband,White,Male,0,0,55,United-States,>50K
33,Private,112383,Some-college,10,Married-civ-spouse,Prof-specialty,Husband,White,Male,0,0,40,United-States,<=50K
24,,33339,Some-college,10,Never-married,,Own-child,White,Male,0,0,20,United-States,<=50K
19,Private,225294,HS-grad,9,Never-married,Other-service,Own-child,Black,Female,0,0,40,United-States,<=50K
18,Private,118938,11th,7,Never-married,Sales,Own-child,White,Male,0,0,18,United-States,<=50K
49,,31478,7th-8th,4,Married-civ-spouse,,Husband,White,Male,0,0,99,United-States,<=50K
52,Self-emp-inc,49069,Some-college,10,Married-civ-spouse,Adm-clerical,Wife,White,Female,0,0,40,United-States,>50K
26,Private,292803,Some-college,10,Never-married,Other-service,Own-child,White,Female,0,0,24,United-States,<=50K
39,Private,108069,Some-college,10,Never-married,Craft-repair,Unmarried,White,Female,0,0,40,United-States,<=50K
44,Self-emp-not-inc,179557,HS-grad,9,Married-civ-spouse,Exec-managerial,Husband,White,Male,0,1977,45,United-States,>50K
27,Private,161087,HS-grad,9,Married-civ-spouse,Prof-specialty,Wife,Black,Female,0,0,40,United-States,<=50K
21,Federal-gov,181096,Some-college,10,Never-married,Tech-support,Own-child,Black,Male,0,0,20,United-States,<=50K
26,Private,210812,Some-college,10,Divorced,Craft-repair,Not-in-family,White,Male,0,0,43,United-States,<=50K
49,Private,207677,7th-8th,4,Divorced,Craft-repair,Not-in-family,White,Male,0,0,70,United-States,<=50K
25,Private,255849,HS-grad,9,Never-married,Adm-clerical,Own-child,White,Female,0,0,40,United-States,<=50K
33,Private,105974,HS-grad,9,Never-married,Craft-repair,Not-in-family,White,Male,0,0,41,United-States,<=50K
21,Private,275190,Some-college,10,Never-married,Sales,Own-child,White,Female,0,0,20,United-States,<=50K
64,Private,133166,HS-grad,9,Married-civ-spouse,Exec-managerial,Husband,White,Male,0,0,5,United-States,<=50K
40,Private,163215,Bachelors,13,Divorced,Exec-managerial,Not-in-family,White,Female,10520,0,40,United-States,>50K
46,Self-emp-inc,204928,Some-college,10,Married-civ-spouse,Sales,Husband,White,Male,0,0,40,United-States,<=50K
25,Local-gov,176162,Assoc-voc,11,Never-married,Protective-serv,Own-child,White,Male,0,0,30,United-States,<=50K
33,Private,96128,11th,7,Never-married,Craft-repair,Own-child,White,Male,0,0,40,United-States,<=50K
34,Private,173495,Some-college,10,Married-civ-spouse,Craft-repair,Husband,White,Male,0,0,48,United-States,>50K
30,Private,203258,HS-grad,9,Never-married,Other-service,Not-in-family,White,Female,0,0,35,United-States,<=50K
76,Local-gov,178665,9th,5,Married-civ-spouse,Other-service,Husband,White,Male,0,0,30,United-States,<=50K
24,Private,373718,Some-college,10,Never-married,Farming-fishing,Not-in-family,White,Male,0,0,20,United-States,<=50K
28,Private,57066,HS-grad,9,Married-civ-spouse,Transport-moving,Husband,White,Male,0,0,40,United-States,<=50K
50,Private,221791,Assoc-acdm,12,Married-civ-spouse,Tech-support,Husband,Black,Male,0,0,40,United-States,<=50K
55,Private,213615,HS-grad,9,Married-civ-spouse,Craft-repair,Husband,White,Male,0,0,40,United-States,>50K
26,Private,391349,Bachelors,13,Married-civ-spouse,Adm-clerical,Wife,White,Female,0,0,40,United-States,>50K
51,Self-emp-inc,162943,Prof-school,15,Married-civ-spouse,Prof-specialty,Husband,White,Male,0,0,40,United-States,>50K
24,Private,134787,Some-college,10,Never-married,Sales,Own-child,White,Female,0,0,40,United-States,<=50K
82,Self-emp-not-inc,240491,HS-grad,9,Married-civ-spouse,Craft-repair,Husband,White,Male,0,0,40,Cuba,<=50K
60,Self-emp-not-inc,89884,HS-grad,9,Married-civ-spouse,Sales,Husband,White,Male,0,0,50,United-States,<=50K
33,Self-emp-inc,117963,Assoc-acdm,12,Married-civ-spouse,Exec-managerial,Husband,White,Male,0,1887,60,United-States,>50K
31,Private,202729,HS-grad,9,Married-civ-spouse,Transport-moving,Husband,White,Male,0,0,50,United-States,<=50K
34,Private,82938,HS-grad,9,Married-civ-spouse,Farming-fishing,Husband,White,Male,0,0,50,United-States,<=50K
44,Local-gov,56651,Bachelors,13,Married-civ-spouse,Exec-managerial,Husband,White,Male,0,0,52,United-States,<=50K
26,State-gov,252284,Some-college,10,Married-civ-spouse,Protective-serv,Husband,White,Male,0,0,40,United-States,<=50K
25,Local-gov,206002,HS-grad,9,Divorced,Tech-support,Unmarried,White,Female,0,0,40,United-States,<=50K
44,Private,29762,HS-grad,9,Divorced,Transport-moving,Not-in-family,White,Male,0,0,68,United-States,<=50K
25,Private,177625,HS-grad,9,Never-married,Machine-op-inspct,Not-in-family,White,Male,0,0,40,United-States,<=50K
43,State-gov,182254,Some-college,10,Divorced,Adm-clerical,Unmarried,White,Female,0,0,40,United-States,<=50K
44,Self-emp-inc,269733,Bachelors,13,Married-civ-spouse,Sales,Husband,White,Male,0,0,30,United-States,<=50K
45,Private,191914,HS-grad,9,Divorced,Transport-moving,Unmarried,White,Female,0,0,55,United-States,<=50K
41,Self-emp-not-inc,193459,Some-college,10,Married-civ-spouse,Craft-repair,Husband,White,Male,0,0,50,United-States,<=50K
20,Private,243878,Some-college,10,Never-married,Craft-repair,Own-child,White,Male,0,0,40,United-States,<=50K
35,Private,181382,HS-grad,9,Married-civ-spouse,Craft-repair,Husband,White,Male,0,0,43,United-States,<=50K
22,Private,263670,HS-grad,9,Never-married,Other-service,Own-child,Black,Male,0,0,80,United-States,<=50K
33,Private,206609,Bachelors,13,Married-civ-spouse,Exec-managerial,Husband,White,Male,0,0,45,United-States,<=50K
37,Self-emp-not-inc,32239,HS-grad,9,Divorced,Farming-fishing,Not-in-family,White,Male,27828,0,40,United-States,>50K
62,Private,588484,Bachelors,13,Married-civ-spouse,Sales,Husband,White,Male,0,0,20,United-States,>50K
38,Private,129591,Some-college,10,Married-civ-spouse,Craft-repair,Husband,White,Male,0,0,40,United-States,<=50K
36,Local-gov,113337,Some-college,10,Married-civ-spouse,Tech-support,Husband,White,Male,0,0,42,United-States,>50K
49,State-gov,354529,Some-college,10,Never-married,Adm-clerical,Not-in-family,White,Female,0,0,40,United-States,<=50K
40,Private,193144,HS-grad,9,Divorced,Other-service,Unmarried,White,Female,0,0,36,United-States,<=50K
25,Private,397317,Assoc-acdm,12,Never-married,Prof-specialty,Not-in-family,White,Female,0,0,40,United-States,<=50K
22,Private,119592,Assoc-acdm,12,Never-married,Handlers-cleaners,Not-in-family,Black,Male,0,2824,40,,>50K
57,State-gov,32694,Doctorate,16,Married-civ-spouse,Prof-specialty,Husband,White,Male,0,0,40,United-States,>50K
38,Self-emp-not-inc,357962,9th,5,Divorced,Craft-repair,Not-in-family,White,Male,0,0,40,United-States,<=50K
43,Private,240124,Assoc-voc,11,Married-civ-spouse,Craft-repair,Husband,White,Male,0,0,40,United-States,<=50K
18,Private,107277,11th,7,Never-married,Sales,Own-child,White,Female,0,0,20,United-States,<=50K
29,Private,54131,Some-college,10,Never-married,Sales,Not-in-family,White,Male,0,0,30,United-States,<=50K
38,State-gov,188303,Some-college,10,Married-civ-spouse,Protective-serv,Husband,White,Male,7688,0,40,United-States,>50K
24,Private,205844,Bachelors,13,Never-married,Exec-managerial,Own-child,Black,Female,0,0,65,United-States,<=50K
28,Private,185647,Some-college,10,Divorced,Handlers-cleaners,Not-in-family,White,Male,0,0,50,United-States,<=50K
28,,157813,11th,7,Divorced,,Unmarried,White,Female,0,0,58,Canada,<=50K
67,Self-emp-not-inc,116057,HS-grad,9,Divorced,Exec-managerial,Not-in-family,White,Female,3273,0,16,United-States,<=50K
27,Private,329426,Bachelors,13,Never-married,Exec-managerial,Not-in-family,White,Male,0,0,45,United-States,<=50K
21,Private,275291,Some-college,10,Never-married,Sales,Own-child,White,Male,0,0,12,United-States,<=50K
56,,128900,Some-college,10,Widowed,,Not-in-family,Black,Female,0,0,40,United-States,<=50K
50,Private,310774,Bachelors,13,Married-civ-spouse,Sales,Husband,White,Male,0,0,35,United-States,<=50K
69,Private,185691,11th,7,Married-civ-spouse,Adm-clerical,Husband,White,Male,0,0,20,United-States,<=50K
30,Private,33124,HS-grad,9,Separated,Farming-fishing,Unmarried,White,Female,0,0,14,United-States,<=50K
30,Private,154950,Some-college,10,Married-civ-spouse,Exec-managerial,Husband,White,Male,15024,0,60,United-States,>50K
28,State-gov,189765,Some-college,10,Separated,Adm-clerical,Unmarried,White,Female,0,0,50,United-States,<=50K
35,Private,225750,Bachelors,13,Divorced,Prof-specialty,Unmarried,White,Female,0,0,32,United-States,<=50K
65,Private,149811,HS-grad,9,Divorced,Adm-clerical,Unmarried,White,Female,0,2206,59,Canada,<=50K
20,Private,247794,HS-grad,9,Never-married,Sales,Not-in-family,White,Female,0,0,84,United-States,<=50K
53,Private,283320,Bachelors,13,Divorced,Tech-support,Not-in-family,White,Female,0,0,40,United-States,<=50K
55,Private,408537,9th,5,Divorced,Craft-repair,Unmarried,White,Female,99999,0,37,United-States,>50K
35,Self-emp-inc,79586,Masters,14,Married-civ-spouse,Prof-specialty,Husband,Asian-Pac-Islander,Male,0,0,40,India,>50K
35,Private,308691,Masters,14,Married-civ-spouse,Machine-op-inspct,Husband,White,Male,0,0,48,United-States,<=50K
50,Local-gov,163921,7th-8th,4,Married-civ-spouse,Transport-moving,Husband,White,Male,0,0,40,United-States,<=50K
29,Private,423024,5th-6th,3,Married-civ-spouse,Farming-fishing,Husband,White,Male,0,0,40,Mexico,<=50K
58,Private,94741,12th,8,Married-civ-spouse,Other-service,Wife,White,Female,0,0,24,United-States,<=50K
24,,165350,HS-grad,9,Separated,,Not-in-family,Black,Male,0,0,50,Germany,<=50K
30,Private,347166,Bachelors,13,Never-married,Prof-specialty,Not-in-family,White,Male,13550,0,45,United-States,>50K
28,Private,189530,Assoc-acdm,12,Married-civ-spouse,Prof-specialty,Husband,White,Male,0,0,40,United-States,>50K
23,Private,102729,Some-college,10,Never-married,Sales,Own-child,White,Female,0,0,15,United-States,<=50K
19,Private,208366,HS-grad,9,Never-married,Handlers-cleaners,Not-in-family,White,Male,0,0,40,United-States,<=50K
63,Private,440607,Preschool,1,Married-civ-spouse,Prof-specialty,Husband,Other,Male,0,0,30,Mexico,<=50K
46,Self-emp-inc,200949,Bachelors,13,Widowed,Exec-managerial,Not-in-family,White,Female,0,0,50,,<=50K
52,State-gov,349795,Bachelors,13,Married-civ-spouse,Protective-serv,Husband,White,Male,0,0,40,United-States,<=50K
55,Self-emp-not-inc,26683,HS-grad,9,Married-civ-spouse,Farming-fishing,Husband,White,Male,0,0,60,United-States,<=50K
23,Private,315065,10th,6,Never-married,Other-service,Unmarried,White,Male,0,0,60,Mexico,<=50K
53,Federal-gov,266598,HS-grad,9,Married-civ-spouse,Prof-specialty,Husband,White,Male,0,0,40,United-States,>50K
37,Private,104359,Some-college,10,Married-civ-spouse,Handlers-cleaners,Husband,White,Male,0,0,40,United-States,<=50K
45,Private,102771,HS-grad,9,Married-civ-spouse,Craft-repair,Husband,White,Male,0,1887,40,United-States,>50K
47,Private,160474,HS-grad,9,Married-civ-spouse,Exec-managerial,Wife,White,Female,0,0,30,United-States,>50K
29,Private,86613,1st-4th,2,Never-married,Other-service,Not-in-family,White,Male,0,0,20,El-Salvador,<=50K
21,Private,211013,Assoc-voc,11,Married-civ-spouse,Other-service,Other-relative,White,Female,0,0,50,Mexico,<=50K
49,Federal-gov,229376,HS-grad,9,Married-civ-spouse,Adm-clerical,Husband,White,Male,0,0,40,United-States,>50K
49,Federal-gov,179869,HS-grad,9,Married-civ-spouse,Craft-repair,Husband,White,Male,0,0,40,United-States,>50K
22,Private,201729,9th,5,Never-married,Handlers-cleaners,Other-relative,White,Male,0,0,30,United-States,<=50K
25,Private,371987,HS-grad,9,Divorced,Adm-clerical,Not-in-family,White,Female,0,0,40,United-States,<=50K
22,Private,110946,Some-college,10,Never-married,Other-service,Not-in-family,White,Female,0,0,40,United-States,<=50K
33,Federal-gov,129707,Some-college,10,Never-married,Exec-managerial,Not-in-family,White,Male,0,0,50,United-States,<=50K
54,Private,326156,Some-college,10,Married-civ-spouse,Craft-repair,Husband,White,Male,0,0,40,United-States,>50K
57,Private,206206,Bachelors,13,Married-civ-spouse,Sales,Husband,White,Male,0,0,40,United-States,>50K
21,,380219,Some-college,10,Never-married,,Own-child,Black,Female,0,0,40,United-States,<=50K
27,State-gov,122660,Bachelors,13,Never-married,Prof-specialty,Own-child,Black,Female,0,0,40,United-States,<=50K
31,Private,91964,Bachelors,13,Never-married,Exec-managerial,Not-in-family,White,Male,0,0,40,United-States,<=50K
17,Private,206998,11th,7,Never-married,Handlers-cleaners,Own-child,White,Male,0,0,10,United-States,<=50K
39,Private,139743,HS-grad,9,Separated,Adm-clerical,Not-in-family,White,Female,0,0,20,United-States,<=50K
18,,192399,Some-college,10,Never-married,,Own-child,White,Male,0,0,60,United-States,<=50K
39,,180868,11th,7,Never-married,,Not-in-family,Black,Female,0,0,40,United-States,<=50K
21,Private,205838,HS-grad,9,Never-married,Other-service,Own-child,White,Male,0,0,37,United-States,<=50K
52,Private,98752,9th,5,Widowed,Adm-clerical,Unmarried,White,Female,0,0,40,United-States,<=50K
34,Private,226525,Assoc-voc,11,Never-married,Other-service,Own-child,White,Male,0,0,40,United-States,<=50K
41,Private,113823,Bachelors,13,Divorced,Other-service,Not-in-family,White,Male,0,0,40,United-States,<=50K
49,Private,215389,Bachelors,13,Married-civ-spouse,Machine-op-inspct,Husband,Black,Male,0,0,48,United-States,<=50K
37,Private,224947,Assoc-voc,11,Never-married,Other-service,Not-in-family,White,Male,0,0,40,United-States,<=50K
54,Private,183611,Some-college,10,Married-civ-spouse,Sales,Husband,White,Male,3137,0,50,United-States,<=50K
47,Self-emp-inc,332355,Masters,14,Married-civ-spouse,Exec-managerial,Husband,White,Male,15024,0,50,United-States,>50K
21,Private,260617,10th,6,Married-civ-spouse,Machine-op-inspct,Husband,White,Male,0,0,36,United-States,<=50K
43,Private,214781,Masters,14,Married-civ-spouse,Prof-specialty,Husband,White,Male,5178,0,40,United-States,>50K
41,Private,166662,Prof-school,15,Married-civ-spouse,Exec-managerial,Husband,White,Male,0,0,50,United-States,>50K
35,Self-emp-not-inc,147258,Assoc-voc,11,Never-married,Farming-fishing,Own-child,White,Male,0,0,65,United-States,<=50K
22,Private,63105,HS-grad,9,Never-married,Prof-specialty,Own-child,Black,Male,0,0,40,United-States,<=50K
31,Federal-gov,203488,Assoc-acdm,12,Never-married,Adm-clerical,Not-in-family,White,Male,0,0,40,United-States,<=50K
43,Private,195258,HS-grad,9,Married-civ-spouse,Adm-clerical,Husband,White,Male,0,0,40,United-States,>50K
30,Private,158200,Prof-school,15,Never-married,Prof-specialty,Own-child,Asian-Pac-Islander,Female,0,0,40,,<=50K
35,,119006,HS-grad,9,Widowed,,Own-child,White,Female,0,0,38,United-States,<=50K
57,Private,210496,10th,6,Widowed,Other-service,Unmarried,White,Female,0,0,40,United-States,<=50K
40,Private,27821,Assoc-voc,11,Married-civ-spouse,Transport-moving,Husband,White,Male,2829,0,40,United-States,<=50K
30,Self-emp-not-inc,166961,Some-college,10,Married-civ-spouse,Adm-clerical,Wife,White,Female,0,0,20,United-States,>50K
61,Self-emp-inc,187124,HS-grad,9,Married-civ-spouse,Exec-managerial,Husband,White,Male,0,0,20,United-States,>50K
35,Private,99146,HS-grad,9,Married-civ-spouse,Exec-managerial,Husband,White,Male,0,0,50,United-States,>50K
31,Private,221167,Bachelors,13,Widowed,Other-service,Not-in-family,White,Female,0,0,30,United-States,<=50K
39,State-gov,239409,HS-grad,9,Married-civ-spouse,Protective-serv,Husband,White,Male,0,0,50,United-States,<=50K
42,Private,106900,Assoc-voc,11,Never-married,Tech-support,Not-in-family,White,Male,0,0,40,United-States,<=50K
42,State-gov,24264,Some-college,10,Divorced,Transport-moving,Unmarried,White,Male,0,0,38,United-States,<=50K
24,Private,329408,11th,7,Never-married,Handlers-cleaners,Not-in-family,White,Male,0,0,40,United-States,<=50K
20,Private,344492,HS-grad,9,Separated,Sales,Own-child,White,Female,0,0,26,United-States,<=50K
18,Private,115215,HS-grad,9,Never-married,Other-service,Own-child,White,Male,0,0,25,United-States,<=50K
46,Private,171807,Some-college,10,Divorced,Sales,Unmarried,White,Female,0,0,40,United-States,<=50K
57,Private,148315,HS-grad,9,Married-civ-spouse,Sales,Husband,White,Male,0,0,30,United-States,<=50K
59,Private,322691,Masters,14,Married-civ-spouse,Prof-specialty,Husband,White,Male,0,0,50,United-States,>50K
20,Federal-gov,119156,HS-grad,9,Never-married,Adm-clerical,Other-relative,White,Male,0,0,20,United-States,<=50K
39,Private,248011,Assoc-voc,11,Married-civ-spouse,Machine-op-inspct,Husband,White,Male,5178,0,40,United-States,>50K
25,Private,226891,Assoc-voc,11,Never-married,Other-service,Other-relative,Asian-Pac-Islander,Female,0,0,40,,<=50K
27,Local-gov,216013,HS-grad,9,Married-civ-spouse,Handlers-cleaners,Husband,White,Male,0,0,40,United-States,<=50K
39,Private,181661,HS-grad,9,Married-civ-spouse,Handlers-cleaners,Husband,White,Male,0,0,40,United-States,<=50K
36,Private,247750,HS-grad,9,Married-civ-spouse,Transport-moving,Husband,Black,Male,0,0,45,United-States,<=50K
38,Self-emp-inc,299036,Bachelors,13,Married-civ-spouse,Sales,Husband,White,Male,0,0,55,United-States,>50K
39,Self-emp-not-inc,274683,Some-college,10,Married-civ-spouse,Sales,Husband,White,Male,7688,0,50,United-States,>50K
47,Private,155664,Masters,14,Married-civ-spouse,Exec-managerial,Husband,White,Male,99999,0,55,United-States,>50K
62,Local-gov,76720,Bachelors,13,Married-civ-spouse,Prof-specialty,Wife,White,Female,0,0,40,United-States,<=50K
29,Private,116662,Bachelors,13,Never-married,Handlers-cleaners,Not-in-family,White,Male,0,0,40,United-States,<=50K
45,Private,151518,HS-grad,9,Married-civ-spouse,Exec-managerial,Husband,White,Male,0,0,45,United-States,<=50K
43,Private,169031,HS-grad,9,Married-civ-spouse,Machine-op-inspct,Husband,White,Male,0,0,40,United-States,<=50K
21,Private,191444,11th,7,Never-married,Farming-fishing,Unmarried,White,Male,0,0,40,United-States,<=50K
42,Private,31387,Doctorate,16,Married-spouse-absent,Prof-specialty,Unmarried,Amer-Indian-Eskimo,Female,0,0,40,United-States,<=50K
57,Self-emp-not-inc,177271,Doctorate,16,Married-civ-spouse,Prof-specialty,Husband,White,Male,0,0,35,United-States,<=50K
56,Private,98630,7th-8th,4,Never-married,Adm-clerical,Not-in-family,White,Male,0,0,40,United-States,<=50K
51,Local-gov,114508,9th,5,Separated,Other-service,Other-relative,White,Female,0,0,40,United-States,<=50K
28,Private,53063,Bachelors,13,Married-civ-spouse,Exec-managerial,Husband,White,Male,0,0,45,United-States,<=50K
36,Private,191161,HS-grad,9,Never-married,Sales,Not-in-family,White,Male,0,0,50,United-States,<=50K
34,Private,103408,Some-college,10,Divorced,Prof-specialty,Not-in-family,Black,Male,0,0,40,Germany,>50K
42,Private,173938,HS-grad,9,Separated,Sales,Own-child,White,Female,0,0,40,United-States,<=50K
30,Private,154587,HS-grad,9,Never-married,Other-service,Not-in-family,White,Male,0,0,40,Puerto-Rico,<=50K
25,Private,182227,HS-grad,9,Married-civ-spouse,Craft-repair,Husband,White,Male,0,1579,40,United-States,<=50K
69,Self-emp-inc,69209,Bachelors,13,Married-civ-spouse,Machine-op-inspct,Husband,White,Male,3818,0,30,United-States,<=50K
54,Private,43269,HS-grad,9,Married-civ-spouse,Transport-moving,Husband,White,Male,0,0,50,United-States,>50K
22,Private,112130,HS-grad,9,Never-married,Other-service,Not-in-family,Black,Female,0,0,40,United-States,<=50K
30,State-gov,270218,Bachelors,13,Never-married,Adm-clerical,Own-child,Black,Female,0,0,40,United-States,<=50K
56,Private,104842,Bachelors,13,Divorced,Prof-specialty,Unmarried,Black,Female,0,0,50,Haiti,<=50K
27,Private,167405,HS-grad,9,Married-spouse-absent,Farming-fishing,Own-child,White,Female,0,0,40,Mexico,<=50K
45,Self-emp-inc,155664,5th-6th,3,Married-civ-spouse,Craft-repair,Husband,White,Male,0,0,40,,>50K
59,Private,142182,HS-grad,9,Married-civ-spouse,Other-service,Husband,White,Male,0,0,40,United-States,>50K
39,Private,278187,HS-grad,9,Married-civ-spouse,Machine-op-inspct,Husband,White,Male,0,0,40,United-States,<=50K
38,Self-emp-not-inc,164526,Prof-school,15,Never-married,Prof-specialty,Not-in-family,White,Male,0,2824,45,United-States,>50K
53,Private,201127,Masters,14,Married-civ-spouse,Exec-managerial,Husband,White,Male,0,0,48,United-States,>50K
54,Private,88278,Doctorate,16,Married-civ-spouse,Prof-specialty,Husband,White,Male,0,1977,50,United-States,>50K
29,Private,166210,HS-grad,9,Divorced,Handlers-cleaners,Own-child,White,Male,0,0,50,United-States,<=50K
31,Private,237824,HS-grad,9,Married-spouse-absent,Priv-house-serv,Other-relative,Black,Female,0,0,60,Jamaica,<=50K
34,Self-emp-inc,207668,HS-grad,9,Married-civ-spouse,Craft-repair,Husband,White,Male,0,0,54,,>50K
27,Private,211570,11th,7,Never-married,Handlers-cleaners,Other-relative,Black,Male,0,0,40,United-States,<=50K
17,Private,295488,11th,7,Never-married,Other-service,Own-child,Black,Female,0,0,25,United-States,<=50K
34,Private,297094,HS-grad,9,Married-civ-spouse,Handlers-cleaners,Husband,Black,Male,0,0,40,United-States,<=50K
30,Private,26009,HS-grad,9,Married-civ-spouse,Prof-specialty,Husband,White,Male,0,0,35,United-States,>50K
55,Private,196126,Bachelors,13,Separated,Craft-repair,Not-in-family,White,Male,0,0,40,,<=50K
24,Private,461678,Some-college,10,Married-civ-spouse,Farming-fishing,Husband,White,Male,0,0,50,United-States,>50K
34,Private,46746,11th,7,Never-married,Other-service,Not-in-family,White,Male,0,0,30,United-States,<=50K
37,Private,179088,Some-college,10,Divorced,Adm-clerical,Not-in-family,White,Female,0,0,40,United-States,<=50K
40,Private,77975,Some-college,10,Married-civ-spouse,Exec-managerial,Husband,White,Male,0,0,40,United-States,<=50K
48,Private,232840,Some-college,10,Widowed,Adm-clerical,Unmarried,White,Female,0,0,43,United-States,<=50K
48,Private,280422,Some-college,10,Separated,Other-service,Not-in-family,White,Female,0,0,25,Peru,<=50K
40,Private,572751,Prof-school,15,Married-civ-spouse,Craft-repair,Husband,White,Male,5178,0,40,Mexico,>50K
23,Private,220168,HS-grad,9,Never-married,Sales,Other-relative,Black,Female,0,0,25,Jamaica,<=50K
21,,306779,Some-college,10,Never-married,,Own-child,White,Male,0,0,40,United-States,<=50K
61,Private,423297,Doctorate,16,Married-civ-spouse,Prof-specialty,Husband,White,Male,0,0,40,United-States,>50K
46,Self-emp-not-inc,157117,HS-grad,9,Married-civ-spouse,Transport-moving,Husband,White,Male,0,0,40,United-States,<=50K
34,Private,113530,Bachelors,13,Married-civ-spouse,Exec-managerial,Husband,White,Male,0,0,40,United-States,<=50K
18,Private,444607,Some-college,10,Never-married,Sales,Own-child,White,Female,0,0,25,United-States,<=50K
46,Private,81497,HS-grad,9,Divorced,Handlers-cleaners,Not-in-family,White,Female,0,0,48,United-States,<=50K
32,Private,184833,10th,6,Separated,Craft-repair,Unmarried,White,Female,0,0,40,United-States,<=50K
45,Private,220213,HS-grad,9,Widowed,Craft-repair,Not-in-family,White,Female,0,0,40,United-States,<=50K
20,Private,54152,Some-college,10,Never-married,Adm-clerical,Own-child,White,Female,0,0,30,,<=50K
19,Private,199480,10th,6,Never-married,Handlers-cleaners,Own-child,White,Male,0,0,25,United-States,<=50K
19,,134974,Some-college,10,Never-married,,Own-child,White,Female,0,0,20,United-States,<=50K
33,Private,176992,Masters,14,Married-civ-spouse,Prof-specialty,Husband,White,Male,0,0,40,United-States,>50K
24,Private,200295,Some-college,10,Never-married,Craft-repair,Not-in-family,White,Male,0,0,40,United-States,<=50K
40,Private,257364,Some-college,10,Divorced,Other-service,Not-in-family,White,Male,0,0,45,United-States,<=50K
47,Federal-gov,204900,HS-grad,9,Married-civ-spouse,Prof-specialty,Wife,Black,Female,0,0,40,United-States,<=50K
31,Private,137681,Some-college,10,Married-civ-spouse,Other-service,Husband,White,Male,0,0,40,United-States,<=50K
24,Private,304386,HS-grad,9,Never-married,Other-service,Own-child,White,Female,0,0,30,United-States,<=50K
46,Private,192360,Bachelors,13,Married-civ-spouse,Exec-managerial,Husband,White,Male,0,0,35,United-States,>50K
25,Private,131463,Bachelors,13,Married-civ-spouse,Prof-specialty,Husband,White,Male,0,0,40,United-States,<=50K
32,Private,130304,HS-grad,9,Married-civ-spouse,Prof-specialty,Husband,White,Male,0,1485,48,United-States,<=50K
53,Federal-gov,290290,Some-college,10,Divorced,Adm-clerical,Not-in-family,White,Male,0,0,45,United-States,<=50K
42,Private,177989,HS-grad,9,Married-civ-spouse,Transport-moving,Husband,White,Male,0,0,40,United-States,<=50K
20,Private,94057,Some-college,10,Never-married,Other-service,Own-child,White,Male,0,0,15,United-States,<=50K
55,Federal-gov,305850,Prof-school,15,Married-civ-spouse,Exec-managerial,Husband,White,Male,15024,0,40,United-States,>50K
38,Private,164050,Some-college,10,Married-civ-spouse,Protective-serv,Husband,Black,Male,0,0,40,United-States,>50K
55,Local-gov,176046,Masters,14,Married-civ-spouse,Prof-specialty,Wife,White,Female,0,2267,40,United-States,<=50K
18,Private,181755,HS-grad,9,Never-married,Sales,Not-in-family,White,Male,0,0,30,United-States,<=50K
38,Private,202683,HS-grad,9,Never-married,Adm-clerical,Not-in-family,White,Male,0,0,40,United-States,<=50K
18,Private,119655,12th,8,Never-married,Adm-clerical,Own-child,White,Female,0,0,12,United-States,<=50K
38,Private,103925,HS-grad,9,Married-civ-spouse,Adm-clerical,Wife,White,Female,0,0,40,United-States,>50K
19,Private,458558,HS-grad,9,Married-civ-spouse,Craft-repair,Wife,White,Female,0,0,40,United-States,<=50K
25,Private,251854,11th,7,Never-married,Adm-clerical,Own-child,Black,Female,0,0,40,United-States,<=50K
40,Private,109969,11th,7,Divorced,Other-service,Other-relative,White,Female,0,0,20,United-States,<=50K
40,,397346,Assoc-acdm,12,Divorced,,Not-in-family,White,Male,0,0,40,United-States,<=50K
42,Federal-gov,126320,Some-college,10,Married-civ-spouse,Transport-moving,Husband,Black,Male,0,0,40,United-States,<=50K
28,Private,293926,HS-grad,9,Married-civ-spouse,Craft-repair,Husband,White,Male,0,1740,30,United-States,<=50K
51,Local-gov,209320,Prof-school,15,Never-married,Prof-specialty,Not-in-family,White,Male,3325,0,40,United-States,<=50K
41,Private,225193,HS-grad,9,Married-civ-spouse,Sales,Husband,White,Male,0,0,40,United-States,<=50K
42,Private,202872,Some-college,10,Divorced,Adm-clerical,Unmarried,White,Female,0,0,12,United-States,<=50K
60,Private,26721,Some-college,10,Married-civ-spouse,Craft-repair,Husband,White,Male,0,0,40,United-States,<=50K
23,Private,193586,Some-college,10,Separated,Farming-fishing,Other-relative,White,Female,0,0,40,United-States,<=50K
58,Private,223400,Assoc-acdm,12,Married-civ-spouse,Priv-house-serv,Other-relative,White,Female,0,0,35,Poland,<=50K
20,,187332,10th,6,Never-married,,Not-in-family,White,Female,0,0,30,United-States,<=50K
38,Private,87282,Assoc-voc,11,Never-married,Exec-managerial,Other-relative,Asian-Pac-Islander,Female,0,0,40,United-States,<=50K
28,Private,183639,Bachelors,13,Never-married,Adm-clerical,Not-in-family,White,Male,0,0,21,United-States,<=50K
57,Private,236944,HS-grad,9,Married-civ-spouse,Machine-op-inspct,Husband,Black,Male,0,0,40,United-States,>50K
55,Private,129762,HS-grad,9,Divorced,Adm-clerical,Unmarried,White,Female,0,0,40,United-States,<=50K
41,Private,206565,Some-college,10,Never-married,Craft-repair,Not-in-family,Black,Male,0,0,45,United-States,<=50K
71,Private,152307,HS-grad,9,Married-civ-spouse,Exec-managerial,Husband,White,Male,0,2377,45,United-States,>50K
19,Private,268524,Some-college,10,Never-married,Sales,Own-child,White,Female,0,0,15,United-States,<=50K
41,Private,280167,Masters,14,Married-civ-spouse,Exec-managerial,Husband,White,Male,15024,0,70,United-States,>50K
33,Local-gov,242150,Assoc-voc,11,Married-civ-spouse,Tech-support,Husband,White,Male,0,0,50,United-States,<=50K
46,Local-gov,238162,Assoc-acdm,12,Married-civ-spouse,Protective-serv,Husband,White,Male,0,1887,50,United-States,>50K
30,Self-emp-not-inc,404062,HS-grad,9,Married-civ-spouse,Prof-specialty,Husband,White,Male,0,1977,15,United-States,>50K
26,Private,120268,HS-grad,9,Married-civ-spouse,Other-service,Husband,White,Male,0,0,50,United-States,<=50K
39,Private,179271,Some-college,10,Married-civ-spouse,Craft-repair,Husband,White,Male,0,0,50,United-States,>50K
27,Self-emp-inc,120126,9th,5,Never-married,Craft-repair,Own-child,White,Male,0,0,40,United-States,<=50K
39,Private,103260,Bachelors,13,Married-civ-spouse,Craft-repair,Wife,White,Female,0,0,30,United-States,>50K
47,Self-emp-inc,212120,HS-grad,9,Married-civ-spouse,Craft-repair,Husband,White,Male,0,0,40,United-States,>50K
22,Private,219042,10th,6,Never-married,Machine-op-inspct,Unmarried,White,Male,0,0,40,United-States,<=50K
41,Private,176069,HS-grad,9,Separated,Machine-op-inspct,Unmarried,White,Female,0,0,40,United-States,<=50K
34,Private,399386,Assoc-voc,11,Married-civ-spouse,Craft-repair,Husband,White,Male,0,0,53,United-States,<=50K
62,Self-emp-not-inc,82388,HS-grad,9,Married-civ-spouse,Craft-repair,Husband,White,Male,10566,0,40,United-States,<=50K
40,Private,284303,Some-college,10,Married-civ-spouse,Exec-managerial,Wife,White,Female,7688,0,40,United-States,>50K
27,Private,278122,HS-grad,9,Never-married,Transport-moving,Own-child,White,Male,0,0,40,United-States,<=50K
59,,117751,Assoc-acdm,12,Divorced,,Not-in-family,White,Male,0,0,8,United-States,<=50K
27,Private,182540,11th,7,Never-married,Craft-repair,Not-in-family,White,Male,0,0,40,United-States,<=50K
42,,137390,HS-grad,9,Married-civ-spouse,,Husband,White,Male,0,0,40,United-States,<=50K
22,Private,216867,5th-6th,3,Married-civ-spouse,Craft-repair,Husband,White,Male,0,0,48,Mexico,<=50K
68,State-gov,202699,Masters,14,Married-civ-spouse,Prof-specialty,Husband,White,Male,0,2377,42,,>50K
45,Local-gov,215862,Doctorate,16,Married-civ-spouse,Exec-managerial,Husband,White,Male,7688,0,45,United-States,>50K
32,State-gov,200469,Some-college,10,Never-married,Protective-serv,Unmarried,Black,Female,3887,0,40,United-States,<=50K
47,Self-emp-inc,79627,Prof-school,15,Divorced,Prof-specialty,Not-in-family,White,Male,27828,0,50,United-States,>50K
45,Private,161954,Bachelors,13,Never-married,Prof-specialty,Not-in-family,White,Female,0,0,40,Germany,<=50K
46,Local-gov,175754,Masters,14,Divorced,Prof-specialty,Not-in-family,White,Female,0,1876,60,United-States,<=50K
24,Private,223515,HS-grad,9,Married-civ-spouse,Craft-repair,Husband,White,Male,0,0,45,United-States,<=50K
26,Private,343506,HS-grad,9,Never-married,Other-service,Own-child,Black,Female,0,0,40,United-States,<=50K
28,Private,231197,10th,6,Married-spouse-absent,Craft-repair,Unmarried,White,Male,0,0,40,Mexico,<=50K
35,Private,35945,Bachelors,13,Married-civ-spouse,Exec-managerial,Husband,White,Male,0,0,40,United-States,>50K
34,Private,115858,HS-grad,9,Divorced,Adm-clerical,Own-child,White,Female,0,0,40,United-States,<=50K
50,State-gov,173020,Some-college,10,Married-civ-spouse,Craft-repair,Husband,White,Male,0,0,40,United-States,<=50K
23,Private,147548,HS-grad,9,Divorced,Other-service,Unmarried,White,Female,0,0,30,United-States,<=50K
39,Private,164866,HS-grad,9,Married-civ-spouse,Machine-op-inspct,Husband,White,Male,0,0,42,United-States,>50K
23,Private,216889,HS-grad,9,Never-married,Handlers-cleaners,Not-in-family,White,Male,0,0,40,United-States,<=50K
37,Private,243409,HS-grad,9,Married-civ-spouse,Transport-moving,Husband,White,Male,0,0,50,United-States,<=50K
62,State-gov,199198,Assoc-voc,11,Widowed,Exec-managerial,Unmarried,Black,Female,0,0,40,United-States,<=50K
44,Private,194924,HS-grad,9,Married-civ-spouse,Sales,Husband,White,Male,0,0,35,United-States,>50K
27,Private,97165,Some-college,10,Never-married,Machine-op-inspct,Other-relative,White,Female,0,0,40,United-States,<=50K
24,Self-emp-not-inc,277700,Some-college,10,Separated,Handlers-cleaners,Own-child,White,Male,0,0,45,United-States,<=50K
41,Private,112507,10th,6,Married-civ-spouse,Transport-moving,Husband,White,Male,0,0,60,United-States,<=50K
32,Private,29312,Some-college,10,Never-married,Handlers-cleaners,Own-child,White,Male,0,0,40,United-States,<=50K
32,Local-gov,100135,Bachelors,13,Married-civ-spouse,Prof-specialty,Wife,White,Female,0,0,35,United-States,>50K
59,Private,108496,Masters,14,Married-civ-spouse,Exec-managerial,Husband,White,Male,0,0,45,United-States,>50K
48,Private,109832,Masters,14,Married-civ-spouse,Prof-specialty,Husband,White,Male,0,1902,40,United-States,>50K
25,Private,306513,Some-college,10,Married-civ-spouse,Adm-clerical,Husband,White,Male,0,0,45,United-States,<=50K
22,,31102,Some-college,10,Never-married,,Own-child,Asian-Pac-Islander,Female,0,0,4,South,<=50K
63,Private,88653,Some-college,10,Married-civ-spouse,Prof-specialty,Husband,White,Male,0,0,40,,<=50K
39,Private,99270,HS-grad,9,Divorced,Adm-clerical,Own-child,White,Female,0,0,40,United-States,<=50K
26,Private,227489,HS-grad,9,Never-married,Tech-support,Other-relative,Black,Male,0,0,40,,<=50K
28,Private,96337,Some-college,10,Never-married,Adm-clerical,Not-in-family,White,Female,0,0,40,United-States,<=50K
39,Private,51264,11th,7,Divorced,Other-service,Own-child,White,Male,0,0,40,United-States,<=50K
31,Local-gov,128016,Bachelors,13,Never-married,Sales,Own-child,White,Female,0,0,40,United-States,<=50K
64,Private,231619,HS-grad,9,Married-civ-spouse,Sales,Wife,White,Female,0,0,21,United-States,<=50K
34,Private,287315,Some-college,10,Married-civ-spouse,Exec-managerial,Husband,White,Male,0,0,55,United-States,>50K
47,Federal-gov,329205,Bachelors,13,Divorced,Prof-specialty,Unmarried,White,Male,0,0,40,United-States,<=50K
21,Without-pay,232719,HS-grad,9,Never-married,Craft-repair,Own-child,Black,Male,0,0,40,United-States,<=50K
20,Private,112668,Some-college,10,Never-married,Other-service,Own-child,White,Female,0,0,20,United-States,<=50K
44,Private,358199,Some-college,10,Married-civ-spouse,Sales,Husband,White,Male,0,0,45,United-States,>50K
22,Private,48988,Some-college,10,Never-married,Transport-moving,Not-in-family,White,Male,0,0,40,United-States,<=50K
46,Self-emp-not-inc,165754,Doctorate,16,Never-married,Prof-specialty,Not-in-family,White,Female,0,0,45,United-States,<=50K
45,Private,449354,Some-college,10,Married-civ-spouse,Exec-managerial,Husband,White,Male,0,0,40,United-States,<=50K
38,Private,203836,HS-grad,9,Married-civ-spouse,Sales,Husband,White,Male,3464,0,40,Columbia,<=50K
26,Private,276548,HS-grad,9,Married-civ-spouse,Sales,Wife,White,Female,0,0,20,United-States,<=50K
22,Private,234474,Some-college,10,Never-married,Adm-clerical,Own-child,Black,Female,0,0,25,United-States,<=50K
36,Private,343476,HS-grad,9,Divorced,Craft-repair,Not-in-family,White,Male,0,0,30,United-States,<=50K
17,Private,228253,10th,6,Never-married,Handlers-cleaners,Own-child,White,Male,0,0,10,United-States,<=50K
58,Private,306233,Bachelors,13,Married-civ-spouse,Sales,Husband,White,Male,15024,0,40,United-States,>50K
27,Private,177398,HS-grad,9,Never-married,Other-service,Unmarried,White,Female,0,0,64,United-States,<=50K
50,Local-gov,220640,Masters,14,Divorced,Prof-specialty,Not-in-family,Amer-Indian-Eskimo,Female,0,0,50,United-States,>50K
29,Self-emp-not-inc,181466,HS-grad,9,Married-civ-spouse,Sales,Husband,White,Male,0,0,35,United-States,<=50K
51,Local-gov,136823,HS-grad,9,Married-civ-spouse,Exec-managerial,Wife,White,Female,0,0,32,United-States,<=50K
36,Private,89508,Some-college,10,Divorced,Prof-specialty,Not-in-family,White,Male,0,0,50,United-States,<=50K
21,Private,57951,Some-college,10,Never-married,Other-service,Own-child,White,Female,0,0,30,United-States,<=50K
17,,86786,10th,6,Never-married,,Own-child,White,Female,0,0,40,United-States,<=50K
36,Private,317040,Assoc-voc,11,Divorced,Adm-clerical,Unmarried,Black,Female,0,0,54,United-States,<=50K
21,Private,170456,Some-college,10,Never-married,Other-service,Own-child,White,Male,0,0,35,Italy,<=50K
26,Private,227489,Some-college,10,Never-married,Handlers-cleaners,Other-relative,Black,Male,0,0,40,,<=50K
62,Private,174355,HS-grad,9,Widowed,Other-service,Not-in-family,White,Female,0,0,40,United-States,<=50K
22,Private,58222,HS-grad,9,Married-civ-spouse,Craft-repair,Husband,White,Male,0,0,40,United-States,<=50K
23,Private,352139,Some-college,10,Never-married,Other-service,Not-in-family,White,Female,0,0,24,United-States,<=50K
22,Private,235829,Some-college,10,Never-married,Adm-clerical,Own-child,White,Female,0,0,40,United-States,<=50K
35,Private,241998,HS-grad,9,Married-civ-spouse,Craft-repair,Husband,White,Male,0,0,40,United-States,>50K
49,Private,182752,Some-college,10,Married-civ-spouse,Adm-clerical,Wife,White,Female,0,0,40,United-States,>50K
21,,175166,Some-college,10,Never-married,,Own-child,White,Female,2176,0,40,United-States,<=50K
69,,106566,Doctorate,16,Married-civ-spouse,,Husband,White,Male,0,0,50,United-States,>50K
37,Private,179137,Some-college,10,Divorced,Adm-clerical,Unmarried,White,Female,0,0,39,United-States,<=50K
37,Private,80638,Bachelors,13,Married-civ-spouse,Other-service,Husband,Asian-Pac-Islander,Male,0,0,30,China,<=50K
43,Private,187728,Some-college,10,Married-civ-spouse,Prof-specialty,Wife,White,Female,0,1887,50,United-States,>50K
53,Private,104461,Bachelors,13,Never-married,Other-service,Not-in-family,White,Male,8614,0,50,Italy,>50K
45,Private,99971,HS-grad,9,Married-civ-spouse,Transport-moving,Husband,White,Male,0,0,50,United-States,<=50K
33,Private,188861,HS-grad,9,Married-civ-spouse,Machine-op-inspct,Husband,White,Male,0,0,40,United-States,<=50K
40,Private,240504,Bachelors,13,Married-civ-spouse,Sales,Husband,White,Male,0,0,45,United-States,>50K
20,Private,185452,HS-grad,9,Never-married,Adm-clerical,Own-child,White,Female,0,0,40,United-States,<=50K
53,Private,88842,HS-grad,9,Married-civ-spouse,Exec-managerial,Husband,White,Male,99999,0,40,United-States,>50K
45,Local-gov,162187,HS-grad,9,Married-civ-spouse,Protective-serv,Husband,White,Male,0,0,40,United-States,>50K
38,,121135,HS-grad,9,Married-civ-spouse,,Husband,White,Male,0,0,40,United-States,<=50K
21,Private,438139,HS-grad,9,Never-married,Sales,Not-in-family,White,Male,0,0,50,United-States,<=50K
19,Private,213644,HS-grad,9,Never-married,Machine-op-inspct,Not-in-family,White,Male,0,0,40,United-States,<=50K
22,Private,202416,Bachelors,13,Never-married,Adm-clerical,Own-child,White,Female,0,0,40,United-States,<=50K
46,Private,155489,HS-grad,9,Married-civ-spouse,Adm-clerical,Husband,White,Male,0,0,58,United-States,>50K
44,Private,242861,HS-grad,9,Married-civ-spouse,Transport-moving,Husband,White,Male,0,0,40,United-States,<=50K
17,Private,265657,11th,7,Never-married,Other-service,Own-child,White,Male,0,0,25,United-States,<=50K
28,Private,210867,11th,7,Divorced,Sales,Own-child,White,Male,0,0,40,United-States,<=50K
59,Private,261232,11th,7,Divorced,Farming-fishing,Not-in-family,White,Male,0,0,40,United-States,<=50K
36,Private,105021,Bachelors,13,Married-civ-spouse,Prof-specialty,Husband,White,Male,0,0,55,United-States,<=50K
19,Private,258470,HS-grad,9,Never-married,Handlers-cleaners,Not-in-family,White,Male,0,0,40,United-States,<=50K
67,Private,217028,Masters,14,Never-married,Other-service,Not-in-family,White,Female,0,0,40,United-States,<=50K
40,Private,190621,Some-college,10,Divorced,Exec-managerial,Other-relative,Black,Female,0,0,55,United-States,<=50K
51,Self-emp-not-inc,24790,Some-college,10,Married-civ-spouse,Exec-managerial,Husband,White,Male,0,0,99,United-States,>50K
22,Private,61850,HS-grad,9,Never-married,Other-service,Not-in-family,White,Female,0,0,40,United-States,<=50K
35,Private,219546,Some-college,10,Never-married,Craft-repair,Not-in-family,White,Male,0,0,45,Germany,<=50K
23,State-gov,215443,Some-college,10,Never-married,Adm-clerical,Not-in-family,White,Male,0,0,15,United-States,<=50K
58,Private,193568,11th,7,Widowed,Other-service,Not-in-family,White,Female,0,0,40,United-States,<=50K
50,Self-emp-inc,287598,Some-college,10,Married-civ-spouse,Craft-repair,Husband,White,Male,0,0,70,United-States,<=50K
37,Self-emp-not-inc,362062,Prof-school,15,Married-civ-spouse,Prof-specialty,Husband,White,Male,99999,0,50,United-States,>50K
38,Private,165302,Some-college,10,Divorced,Adm-clerical,Unmarried,Other,Female,0,0,40,United-States,<=50K
29,Private,239753,HS-grad,9,Married-civ-spouse,Adm-clerical,Wife,White,Female,0,2057,20,United-States,<=50K
26,Local-gov,190350,Bachelors,13,Never-married,Prof-specialty,Own-child,Black,Female,0,0,35,United-States,<=50K
24,Private,450695,Some-college,10,Never-married,Sales,Own-child,White,Male,0,0,35,United-States,<=50K
20,Private,211293,Some-college,10,Never-married,Sales,Own-child,Black,Female,0,0,14,United-States,<=50K
45,Self-emp-inc,181307,Prof-school,15,Married-civ-spouse,Prof-specialty,Husband,White,Male,15024,0,43,United-States,>50K
27,Private,419146,5th-6th,3,Never-married,Other-service,Not-in-family,White,Male,0,0,75,Mexico,<=50K
21,Private,231866,HS-grad,9,Never-married,Farming-fishing,Own-child,White,Male,0,0,65,United-States,<=50K
42,Private,134509,Some-college,10,Never-married,Transport-moving,Unmarried,Black,Female,0,0,40,United-States,<=50K
25,Self-emp-inc,86745,Bachelors,13,Never-married,Adm-clerical,Own-child,Asian-Pac-Islander,Female,0,0,40,United-States,<=50K
46,Local-gov,121124,Bachelors,13,Married-civ-spouse,Protective-serv,Husband,White,Male,15024,0,40,United-States,>50K
22,,376277,Some-college,10,Divorced,,Not-in-family,White,Female,0,0,35,United-States,<=50K
33,Private,376483,Bachelors,13,Married-civ-spouse,Adm-clerical,Wife,Black,Female,0,0,30,United-States,<=50K
48,Local-gov,40666,HS-grad,9,Married-civ-spouse,Other-service,Husband,White,Male,0,0,40,United-States,<=50K
29,Private,261375,HS-grad,9,Never-married,Adm-clerical,Own-child,Black,Female,0,0,60,United-States,<=50K
27,Self-emp-not-inc,365110,Bachelors,13,Never-married,Prof-specialty,Not-in-family,White,Female,0,0,20,United-States,<=50K
28,Private,119793,HS-grad,9,Never-married,Sales,Own-child,White,Male,0,0,60,United-States,<=50K
20,Private,33551,HS-grad,9,Never-married,Transport-moving,Own-child,White,Male,0,0,40,United-States,<=50K
43,Local-gov,160574,Bachelors,13,Married-civ-spouse,Craft-repair,Husband,White,Male,0,0,40,United-States,<=50K
28,Private,103389,Masters,14,Divorced,Sales,Own-child,White,Female,0,0,40,United-States,<=50K
21,Private,209483,Some-college,10,Never-married,Sales,Own-child,White,Female,0,0,20,United-States,<=50K
53,Local-gov,164300,Bachelors,13,Divorced,Adm-clerical,Unmarried,White,Female,0,0,38,Dominican-Republic,<=50K
35,Private,258339,Prof-school,15,Married-civ-spouse,Prof-specialty,Husband,White,Male,0,0,55,United-States,>50K
50,Private,558490,HS-grad,9,Divorced,Adm-clerical,Not-in-family,Black,Male,0,0,40,United-States,<=50K
31,Private,167725,Bachelors,13,Married-civ-spouse,Prof-specialty,Husband,Asian-Pac-Islander,Male,15024,0,48,Philippines,>50K
60,Private,166330,HS-grad,9,Married-civ-spouse,Adm-clerical,Wife,White,Female,0,0,40,United-States,<=50K
49,Federal-gov,125892,Bachelors,13,Married-civ-spouse,Exec-managerial,Husband,White,Male,0,0,40,United-States,>50K
56,Private,159724,Some-college,10,Married-civ-spouse,Transport-moving,Husband,White,Male,0,0,40,United-States,>50K
27,State-gov,271328,Bachelors,13,Never-married,Prof-specialty,Not-in-family,White,Male,0,0,60,United-States,<=50K
50,Private,121411,12th,8,Divorced,Transport-moving,Not-in-family,White,Male,0,0,40,United-States,<=50K
33,Private,219838,10th,6,Married-civ-spouse,Farming-fishing,Husband,White,Male,0,0,40,United-States,<=50K
22,Private,191324,Some-college,10,Never-married,Protective-serv,Own-child,White,Male,0,0,25,United-States,<=50K
37,Private,337778,11th,7,Divorced,Farming-fishing,Not-in-family,White,Male,0,0,40,United-States,<=50K
60,Local-gov,195453,Assoc-voc,11,Married-civ-spouse,Exec-managerial,Husband,White,Male,0,0,60,United-States,>50K
27,Private,106935,Some-college,10,Separated,Sales,Not-in-family,White,Male,0,0,40,United-States,<=50K
24,Private,390348,HS-grad,9,Never-married,Transport-moving,Not-in-family,White,Male,0,0,40,United-States,<=50K
41,Private,268183,Prof-school,15,Married-civ-spouse,Prof-specialty,Husband,White,Male,0,0,45,United-States,>50K
30,Local-gov,181091,Bachelors,13,Married-civ-spouse,Protective-serv,Husband,White,Male,0,0,40,United-States,<=50K
32,Self-emp-not-inc,56328,Bachelors,13,Married-civ-spouse,Prof-specialty,Wife,White,Female,0,0,8,United-States,>50K
44,Private,244974,HS-grad,9,Married-civ-spouse,Sales,Husband,White,Male,0,0,60,United-States,<=50K
55,Federal-gov,146477,Some-college,10,Married-civ-spouse,Craft-repair,Husband,White,Male,0,0,45,United-States,<=50K
28,Private,129460,Assoc-voc,11,Married-civ-spouse,Handlers-cleaners,Wife,White,Female,0,0,30,Ecuador,<=50K
27,Private,506436,Some-college,10,Divorced,Sales,Unmarried,White,Female,0,0,40,Peru,<=50K
33,Self-emp-inc,40444,Some-college,10,Married-civ-spouse,Exec-managerial,Husband,White,Male,0,0,40,United-States,<=50K
57,State-gov,109015,12th,8,Divorced,Other-service,Unmarried,White,Female,0,0,40,United-States,<=50K
55,Private,419732,Some-college,10,Divorced,Other-service,Unmarried,White,Female,0,0,38,United-States,<=50K
60,Private,245062,HS-grad,9,Married-civ-spouse,Craft-repair,Husband,White,Male,0,0,40,United-States,>50K
52,Federal-gov,123011,HS-grad,9,Divorced,Adm-clerical,Not-in-family,White,Male,0,0,45,United-States,<=50K
55,Federal-gov,189985,Some-college,10,Divorced,Adm-clerical,Unmarried,Black,Female,0,0,40,United-States,<=50K
34,Private,117983,HS-grad,9,Never-married,Adm-clerical,Not-in-family,White,Female,0,0,40,United-States,<=50K
52,Local-gov,278522,Some-college,10,Married-civ-spouse,Transport-moving,Husband,Black,Male,0,0,40,United-States,<=50K
31,Private,574005,Bachelors,13,Married-civ-spouse,Craft-repair,Husband,White,Male,0,0,44,United-States,>50K
55,Private,163083,Masters,14,Married-civ-spouse,Prof-specialty,Husband,White,Male,0,0,40,United-States,>50K
49,Private,197418,HS-grad,9,Widowed,Adm-clerical,Unmarried,White,Female,0,0,20,United-States,<=50K
41,Private,187881,Some-college,10,Married-civ-spouse,Sales,Husband,White,Male,3942,0,40,United-States,<=50K
29,,65372,Some-college,10,Divorced,,Unmarried,White,Female,0,0,40,United-States,<=50K
21,,199915,Some-college,10,Never-married,,Own-child,White,Female,0,0,35,United-States,<=50K
23,Local-gov,287988,Bachelors,13,Never-married,Prof-specialty,Not-in-family,White,Male,0,0,40,United-States,<=50K
61,Private,128831,HS-grad,9,Married-civ-spouse,Machine-op-inspct,Husband,White,Male,0,0,40,United-States,<=50K
32,Private,83253,Some-college,10,Married-civ-spouse,Transport-moving,Husband,White,Male,0,0,60,United-States,<=50K
57,Federal-gov,21626,Some-college,10,Divorced,Other-service,Not-in-family,White,Male,0,0,40,United-States,<=50K
45,Private,89028,HS-grad,9,Divorced,Craft-repair,Not-in-family,Asian-Pac-Islander,Male,10520,0,40,United-States,>50K
19,Private,140459,11th,7,Never-married,Craft-repair,Other-relative,White,Male,0,0,25,United-States,<=50K
34,Private,35595,Assoc-voc,11,Married-civ-spouse,Tech-support,Husband,White,Male,0,0,40,United-States,<=50K
22,,196943,Some-college,10,Separated,,Own-child,White,Male,0,0,25,United-States,<=50K
50,Local-gov,169182,HS-grad,9,Divorced,Other-service,Unmarried,White,Female,0,0,49,Dominican-Republic,<=50K
28,Private,375313,HS-grad,9,Never-married,Tech-support,Not-in-family,Asian-Pac-Islander,Male,0,0,50,United-States,<=50K
37,Private,112660,9th,5,Divorced,Craft-repair,Own-child,White,Male,0,0,35,United-States,<=50K
32,Local-gov,100135,HS-grad,9,Divorced,Adm-clerical,Unmarried,White,Female,0,0,40,United-States,<=50K
31,Private,446358,Some-college,10,Married-civ-spouse,Machine-op-inspct,Husband,White,Male,0,0,40,Mexico,<=50K
42,State-gov,184682,Assoc-acdm,12,Divorced,Other-service,Not-in-family,White,Female,0,0,40,United-States,<=50K
21,Private,34616,Some-college,10,Never-married,Sales,Own-child,White,Female,0,0,20,United-States,<=50K
19,Self-emp-not-inc,36012,Some-college,10,Never-married,Craft-repair,Own-child,White,Male,0,0,20,United-States,<=50K
46,Self-emp-not-inc,176319,HS-grad,9,Married-civ-spouse,Sales,Own-child,White,Female,7298,0,40,United-States,>50K
24,Private,327518,Assoc-voc,11,Married-civ-spouse,Craft-repair,Husband,White,Male,0,0,45,United-States,<=50K
70,Private,105376,Some-college,10,Never-married,Tech-support,Other-relative,White,Male,0,0,40,United-States,<=50K
39,Private,403489,11th,7,Divorced,Transport-moving,Own-child,White,Male,0,0,40,United-States,<=50K
25,Private,222254,HS-grad,9,Never-married,Other-service,Not-in-family,Black,Female,0,0,40,United-States,<=50K
35,Private,219902,HS-grad,9,Separated,Transport-moving,Unmarried,Black,Female,0,0,48,United-States,<=50K
74,,33114,10th,6,Married-civ-spouse,,Husband,Amer-Indian-Eskimo,Male,1797,0,30,United-States,<=50K
60,Private,250552,HS-grad,9,Married-civ-spouse,Other-service,Husband,White,Male,0,0,40,United-States,>50K
43,Private,303051,Assoc-voc,11,Married-civ-spouse,Exec-managerial,Husband,White,Male,15024,0,40,United-States,>50K
25,Private,248990,5th-6th,3,Never-married,Machine-op-inspct,Not-in-family,White,Male,0,0,40,Mexico,<=50K
27,Private,137063,Bachelors,13,Married-civ-spouse,Sales,Husband,White,Male,0,0,50,United-States,<=50K
38,Private,177305,HS-grad,9,Married-civ-spouse,Craft-repair,Husband,White,Male,0,0,45,United-States,<=50K
26,Private,274724,Some-college,10,Never-married,Other-service,Other-relative,White,Male,0,0,40,Nicaragua,<=50K
24,Private,157332,Some-college,10,Never-married,Machine-op-inspct,Own-child,White,Female,0,0,42,United-States,<=50K
41,Self-emp-inc,220821,Bachelors,13,Married-civ-spouse,Exec-managerial,Husband,White,Male,7688,0,40,United-States,>50K
23,Private,198992,HS-grad,9,Never-married,Adm-clerical,Own-child,White,Female,0,0,35,United-States,<=50K
65,Private,171584,Bachelors,13,Never-married,Exec-managerial,Not-in-family,White,Male,0,0,40,United-States,<=50K
59,Self-emp-not-inc,178353,HS-grad,9,Married-civ-spouse,Exec-managerial,Husband,White,Male,0,0,50,United-States,>50K
19,,112780,Some-college,10,Never-married,,Own-child,White,Female,0,0,30,United-States,<=50K
44,Private,277533,Some-college,10,Married-civ-spouse,Craft-repair,Husband,White,Male,0,0,40,United-States,<=50K
41,Private,421871,HS-grad,9,Married-civ-spouse,Craft-repair,Husband,Black,Male,0,0,40,United-States,>50K
33,,173998,HS-grad,9,Married-civ-spouse,,Wife,White,Female,0,1485,38,United-States,<=50K
23,Private,131275,HS-grad,9,Never-married,Craft-repair,Own-child,Amer-Indian-Eskimo,Male,0,0,40,United-States,<=50K
37,Private,195148,HS-grad,9,Married-civ-spouse,Craft-repair,Own-child,White,Male,3137,0,40,United-States,<=50K
47,Federal-gov,168191,Some-college,10,Married-civ-spouse,Craft-repair,Husband,White,Male,0,0,40,,<=50K
20,Private,406641,HS-grad,9,Never-married,Adm-clerical,Not-in-family,White,Female,0,0,30,United-States,<=50K
47,Private,110243,11th,7,Married-civ-spouse,Other-service,Husband,White,Male,0,0,40,United-States,<=50K
28,Self-emp-inc,153291,HS-grad,9,Never-married,Adm-clerical,Own-child,White,Female,0,0,35,United-States,<=50K
57,State-gov,19520,Doctorate,16,Divorced,Prof-specialty,Unmarried,White,Female,0,0,50,United-States,<=50K
62,,160155,7th-8th,4,Married-civ-spouse,,Husband,White,Male,6418,0,40,United-States,>50K
58,Private,97562,HS-grad,9,Married-civ-spouse,Sales,Wife,White,Female,0,0,38,United-States,<=50K
22,Self-emp-not-inc,361280,Bachelors,13,Never-married,Prof-specialty,Own-child,Asian-Pac-Islander,Male,0,0,20,India,<=50K
58,Self-emp-not-inc,165315,HS-grad,9,Married-civ-spouse,Sales,Husband,White,Male,0,0,35,United-States,>50K
40,Private,116632,Bachelors,13,Never-married,Sales,Own-child,White,Male,0,0,40,United-States,<=50K
19,Private,165310,HS-grad,9,Married-civ-spouse,Machine-op-inspct,Other-relative,White,Male,0,0,20,United-States,<=50K
47,Private,275361,Assoc-acdm,12,Widowed,Other-service,Own-child,White,Female,0,0,35,United-States,<=50K
25,Private,321205,Bachelors,13,Never-married,Exec-managerial,Not-in-family,White,Male,4101,0,35,United-States,<=50K
61,Private,72442,11th,7,Married-civ-spouse,Other-service,Husband,White,Male,0,0,40,United-States,>50K
41,Self-emp-inc,299813,9th,5,Married-civ-spouse,Sales,Wife,White,Female,0,0,70,Dominican-Republic,<=50K
40,Private,220460,HS-grad,9,Never-married,Craft-repair,Not-in-family,White,Male,0,0,40,Canada,<=50K
49,Self-emp-inc,44671,Assoc-acdm,12,Married-civ-spouse,Craft-repair,Husband,White,Male,0,0,40,United-States,>50K
23,Private,293565,10th,6,Never-married,Handlers-cleaners,Not-in-family,White,Male,0,0,40,United-States,<=50K
51,,175985,HS-grad,9,Married-civ-spouse,,Husband,White,Male,0,0,40,United-States,<=50K
59,Private,99131,Masters,14,Widowed,Exec-managerial,Not-in-family,White,Female,0,0,40,United-States,>50K
20,Private,131852,HS-grad,9,Never-married,Adm-clerical,Not-in-family,White,Female,0,0,40,United-States,<=50K
21,Private,396790,HS-grad,9,Never-married,Transport-moving,Own-child,Black,Male,0,0,20,United-States,<=50K
26,Private,171114,Some-college,10,Never-married,Farming-fishing,Not-in-family,White,Female,0,0,38,United-States,<=50K
76,Private,208843,7th-8th,4,Widowed,Protective-serv,Not-in-family,White,Male,0,0,30,United-States,<=50K
44,Private,152629,Bachelors,13,Married-civ-spouse,Adm-clerical,Husband,White,Male,3103,0,40,United-States,>50K
47,Self-emp-not-inc,218676,Masters,14,Married-civ-spouse,Exec-managerial,Husband,White,Male,0,0,45,United-States,<=50K
46,Private,83064,Assoc-acdm,12,Married-civ-spouse,Machine-op-inspct,Husband,White,Male,0,0,40,United-States,>50K
25,Private,268222,HS-grad,9,Separated,Handlers-cleaners,Unmarried,Black,Female,0,0,40,United-States,<=50K
62,Private,272209,HS-grad,9,Divorced,Priv-house-serv,Unmarried,Black,Female,0,0,99,United-States,<=50K
43,Private,197397,Some-college,10,Married-civ-spouse,Prof-specialty,Wife,Other,Female,0,0,6,Puerto-Rico,<=50K
56,Private,182062,Bachelors,13,Married-civ-spouse,Tech-support,Husband,White,Male,0,0,48,United-States,>50K
63,Private,180911,11th,7,Married-civ-spouse,Protective-serv,Husband,White,Male,4386,0,37,United-States,>50K
52,Private,72743,HS-grad,9,Married-spouse-absent,Adm-clerical,Not-in-family,White,Female,0,0,50,United-States,<=50K
28,Private,249870,Prof-school,15,Never-married,Prof-specialty,Not-in-family,Black,Male,0,0,50,United-States,<=50K
45,Private,154430,Bachelors,13,Widowed,Prof-specialty,Not-in-family,White,Female,10520,0,50,United-States,>50K
28,Private,277746,10th,6,Married-civ-spouse,Machine-op-inspct,Husband,White,Male,0,0,40,United-States,<=50K
90,Local-gov,187749,Assoc-acdm,12,Married-civ-spouse,Adm-clerical,Husband,Asian-Pac-Islander,Male,0,0,20,Philippines,<=50K
34,Private,34572,HS-grad,9,Never-married,Handlers-cleaners,Not-in-family,White,Male,0,0,60,United-States,<=50K
41,Private,49797,Some-college,10,Separated,Exec-managerial,Not-in-family,Black,Female,0,0,40,United-States,<=50K
38,,365465,Assoc-voc,11,Never-married,,Own-child,White,Male,0,0,15,United-States,<=50K
29,Private,232914,Assoc-voc,11,Never-married,Adm-clerical,Own-child,Black,Female,0,0,40,United-States,<=50K
66,Private,115498,Bachelors,13,Married-civ-spouse,Exec-managerial,Husband,White,Male,99999,0,55,,>50K
42,Private,110028,HS-grad,9,Married-civ-spouse,Craft-repair,Husband,White,Male,0,0,40,United-States,<=50K
45,Self-emp-not-inc,256866,Some-college,10,Married-civ-spouse,Sales,Husband,White,Male,5013,0,40,United-States,<=50K
31,State-gov,78291,Bachelors,13,Never-married,Prof-specialty,Not-in-family,White,Female,0,0,40,United-States,<=50K
35,Self-emp-inc,187053,Bachelors,13,Separated,Prof-specialty,Not-in-family,White,Female,0,0,50,United-States,<=50K
31,Private,170430,Prof-school,15,Never-married,Prof-specialty,Not-in-family,White,Female,0,0,80,,<=50K
46,,148489,HS-grad,9,Married-spouse-absent,,Not-in-family,Asian-Pac-Islander,Male,0,0,40,Philippines,<=50K
36,Private,130589,Some-college,10,Divorced,Exec-managerial,Not-in-family,White,Male,0,0,45,United-States,<=50K
23,Private,202284,Bachelors,13,Never-married,Sales,Own-child,White,Male,0,0,20,United-States,<=50K
63,,149698,Some-college,10,Married-civ-spouse,,Husband,White,Male,0,0,15,United-States,<=50K
46,Private,186172,Bachelors,13,Married-civ-spouse,Prof-specialty,Husband,White,Male,3103,0,40,United-States,>50K
50,Private,129673,Bachelors,13,Divorced,Exec-managerial,Not-in-family,White,Female,0,0,50,United-States,>50K
48,Federal-gov,205707,Masters,14,Married-spouse-absent,Exec-managerial,Not-in-family,White,Female,10520,0,50,United-States,>50K
44,Federal-gov,240628,Assoc-acdm,12,Divorced,Exec-managerial,Not-in-family,White,Female,2354,0,40,United-States,<=50K
27,Private,192236,Bachelors,13,Never-married,Prof-specialty,Not-in-family,White,Male,0,0,45,United-States,<=50K
62,State-gov,159699,Bachelors,13,Married-civ-spouse,Adm-clerical,Husband,White,Male,0,0,38,United-States,<=50K
65,Private,93318,Some-college,10,Married-civ-spouse,Exec-managerial,Wife,White,Female,0,0,45,United-States,<=50K
47,State-gov,189123,HS-grad,9,Married-civ-spouse,Other-service,Husband,White,Male,0,0,40,United-States,<=50K
51,Private,124963,Assoc-acdm,12,Married-civ-spouse,Sales,Husband,White,Male,0,0,50,United-States,<=50K
39,Self-emp-not-inc,315640,Bachelors,13,Never-married,Sales,Own-child,Asian-Pac-Islander,Male,0,0,60,Iran,<=50K
48,Self-emp-not-inc,218835,Masters,14,Married-civ-spouse,Sales,Husband,White,Male,0,0,50,England,<=50K
55,Private,113912,Assoc-voc,11,Married-civ-spouse,Prof-specialty,Wife,White,Female,0,0,20,United-States,<=50K
44,Local-gov,212665,Some-college,10,Married-civ-spouse,Protective-serv,Husband,Black,Male,0,0,99,United-States,<=50K
48,Private,207120,Some-college,10,Married-civ-spouse,Prof-specialty,Husband,White,Male,0,0,40,United-States,<=50K
17,,275778,9th,5,Never-married,,Own-child,White,Female,0,0,25,Mexico,<=50K
50,Private,108926,Some-college,10,Divorced,Machine-op-inspct,Not-in-family,Black,Female,0,0,40,United-States,<=50K
30,Private,343699,HS-grad,9,Divorced,Craft-repair,Unmarried,White,Female,0,0,40,United-States,<=50K
66,Self-emp-not-inc,174788,Some-college,10,Never-married,Sales,Not-in-family,White,Female,0,0,20,United-States,<=50K
60,Private,56248,Some-college,10,Married-civ-spouse,Sales,Husband,White,Male,0,0,40,United-States,<=50K
23,Private,580248,HS-grad,9,Never-married,Tech-support,Not-in-family,White,Female,0,0,40,United-States,<=50K
30,State-gov,54318,11th,7,Married-civ-spouse,Transport-moving,Husband,White,Male,0,0,40,United-States,<=50K
59,Local-gov,196013,Bachelors,13,Married-civ-spouse,Prof-specialty,Husband,White,Male,0,0,40,United-States,>50K
53,Private,274276,HS-grad,9,Divorced,Adm-clerical,Not-in-family,White,Female,0,0,40,United-States,<=50K
19,Private,333953,12th,8,Never-married,Other-service,Other-relative,White,Female,0,0,30,United-States,<=50K
41,Private,174201,HS-grad,9,Divorced,Handlers-cleaners,Unmarried,White,Male,0,0,40,United-States,<=50K
38,Private,127601,Some-college,10,Widowed,Exec-managerial,Not-in-family,White,Female,0,0,40,United-States,>50K
36,Private,273604,Bachelors,13,Never-married,Other-service,Not-in-family,White,Female,0,0,40,United-States,<=50K
32,Private,34437,HS-grad,9,Never-married,Transport-moving,Own-child,White,Male,0,0,40,United-States,<=50K
37,Private,336598,5th-6th,3,Married-civ-spouse,Farming-fishing,Husband,White,Male,0,0,36,Mexico,<=50K
29,Private,110226,Masters,14,Never-married,Sales,Not-in-family,White,Male,0,0,65,,<=50K
54,Private,194580,Assoc-voc,11,Married-civ-spouse,Sales,Husband,White,Male,0,0,50,United-States,<=50K
33,Self-emp-not-inc,102884,Bachelors,13,Married-civ-spouse,Sales,Own-child,White,Male,0,0,20,United-States,<=50K
41,Local-gov,173051,Some-college,10,Divorced,Other-service,Unmarried,White,Female,0,0,45,United-States,<=50K
30,Private,257849,7th-8th,4,Married-civ-spouse,Craft-repair,Husband,White,Male,0,0,48,United-States,<=50K
29,Private,137618,Some-college,10,Never-married,Other-service,Not-in-family,White,Female,0,0,41,United-States,>50K
33,Private,136331,HS-grad,9,Married-spouse-absent,Craft-repair,Unmarried,White,Male,0,0,50,United-States,<=50K
19,Private,183041,HS-grad,9,Never-married,Other-service,Own-child,White,Male,0,0,20,United-States,<=50K
28,Private,221215,10th,6,Never-married,Handlers-cleaners,Other-relative,White,Male,0,0,40,Mexico,<=50K
37,Private,238311,HS-grad,9,Married-civ-spouse,Machine-op-inspct,Husband,Black,Male,0,0,36,United-States,>50K
54,Private,53833,HS-grad,9,Married-civ-spouse,Machine-op-inspct,Husband,White,Male,0,0,40,United-States,>50K
26,Private,247025,HS-grad,9,Never-married,Protective-serv,Unmarried,White,Male,0,0,44,United-States,<=50K
41,State-gov,108945,HS-grad,9,Never-married,Transport-moving,Not-in-family,White,Female,14344,0,40,United-States,>50K
49,Local-gov,298445,Prof-school,15,Married-civ-spouse,Prof-specialty,Wife,White,Female,0,1977,60,United-States,>50K
40,Private,174515,HS-grad,9,Widowed,Machine-op-inspct,Unmarried,White,Female,0,0,40,United-States,<=50K
50,Local-gov,100480,Masters,14,Married-civ-spouse,Exec-managerial,Husband,White,Male,0,0,60,United-States,>50K
25,Private,195994,1st-4th,2,Never-married,Priv-house-serv,Not-in-family,White,Female,0,0,40,Guatemala,<=50K
57,Private,70720,HS-grad,9,Married-civ-spouse,Other-service,Husband,White,Male,0,0,78,United-States,<=50K
41,Federal-gov,253770,Some-college,10,Married-civ-spouse,Transport-moving,Wife,White,Female,7298,0,40,United-States,>50K
38,Private,172755,HS-grad,9,Never-married,Prof-specialty,Not-in-family,White,Male,0,0,40,United-States,<=50K
23,Private,39615,Some-college,10,Never-married,Handlers-cleaners,Own-child,White,Male,0,0,10,United-States,<=50K
17,Private,32607,10th,6,Never-married,Farming-fishing,Own-child,White,Male,0,0,20,United-States,<=50K
44,Local-gov,357814,12th,8,Married-civ-spouse,Other-service,Other-relative,White,Female,0,0,35,Mexico,<=50K
46,Private,228372,Bachelors,13,Divorced,Sales,Unmarried,White,Male,0,0,40,United-States,>50K
21,Private,82847,Some-college,10,Never-married,Tech-support,Not-in-family,White,Female,0,0,50,United-States,<=50K
30,Private,231413,Some-college,10,Married-civ-spouse,Craft-repair,Husband,White,Male,0,0,40,United-States,>50K
23,,296613,Some-college,10,Never-married,,Own-child,White,Female,0,0,32,United-States,<=50K
67,Self-emp-inc,171564,HS-grad,9,Married-civ-spouse,Prof-specialty,Wife,White,Female,20051,0,30,England,>50K
22,Local-gov,123727,Some-college,10,Never-married,Prof-specialty,Not-in-family,White,Female,0,0,21,United-States,<=50K
33,,190027,HS-grad,9,Never-married,,Unmarried,Black,Female,0,0,20,United-States,<=50K
47,Local-gov,97419,Bachelors,13,Divorced,Prof-specialty,Not-in-family,Black,Female,0,0,40,United-States,<=50K
39,Private,175681,Bachelors,13,Married-civ-spouse,Prof-specialty,Husband,Black,Male,0,0,60,,<=50K
30,Local-gov,159773,Bachelors,13,Married-civ-spouse,Protective-serv,Husband,White,Male,0,0,45,United-States,>50K
35,Private,343403,Some-college,10,Never-married,Sales,Not-in-family,White,Female,0,0,40,United-States,<=50K
45,Private,99179,11th,7,Widowed,Adm-clerical,Unmarried,White,Female,0,0,40,United-States,<=50K
34,Self-emp-inc,314375,Some-college,10,Married-civ-spouse,Sales,Husband,White,Male,0,0,60,United-States,>50K
35,Private,101387,HS-grad,9,Divorced,Sales,Not-in-family,White,Female,0,0,50,United-States,<=50K
29,Private,222249,HS-grad,9,Never-married,Adm-clerical,Other-relative,White,Female,0,0,40,United-States,<=50K
21,Private,20728,HS-grad,9,Never-married,Sales,Own-child,White,Female,4101,0,40,United-States,<=50K
18,,36348,Some-college,10,Never-married,,Own-child,White,Male,0,0,48,United-States,<=50K
52,Private,204584,Bachelors,13,Married-spouse-absent,Exec-managerial,Not-in-family,White,Female,0,0,42,United-States,<=50K
45,Private,31339,Bachelors,13,Married-civ-spouse,Adm-clerical,Husband,White,Male,0,0,45,United-States,>50K
51,Self-emp-not-inc,78631,Some-college,10,Married-civ-spouse,Exec-managerial,Husband,Amer-Indian-Eskimo,Male,0,0,60,United-States,<=50K
44,Self-emp-not-inc,83812,Bachelors,13,Divorced,Exec-managerial,Not-in-family,White,Male,0,0,60,United-States,<=50K
31,Local-gov,102130,Masters,14,Married-civ-spouse,Prof-specialty,Husband,White,Male,0,0,45,United-States,<=50K
41,Local-gov,340682,HS-grad,9,Divorced,Adm-clerical,Not-in-family,White,Female,0,0,40,United-States,<=50K
21,Private,265148,HS-grad,9,Never-married,Handlers-cleaners,Other-relative,White,Male,0,0,38,Jamaica,<=50K
54,Local-gov,279452,HS-grad,9,Married-civ-spouse,Farming-fishing,Husband,White,Male,0,0,40,United-States,<=50K
32,Private,118551,Bachelors,13,Married-civ-spouse,Adm-clerical,Wife,White,Female,0,0,35,,>50K
26,Private,485117,Bachelors,13,Never-married,Transport-moving,Own-child,White,Male,0,0,20,United-States,<=50K
44,Self-emp-not-inc,33121,Some-college,10,Married-civ-spouse,Farming-fishing,Husband,White,Male,0,0,72,United-States,<=50K
22,Private,157332,Some-college,10,Never-married,Prof-specialty,Own-child,White,Female,0,0,40,United-States,<=50K
46,Private,171550,HS-grad,9,Divorced,Machine-op-inspct,Not-in-family,White,Female,0,0,38,United-States,<=50K
63,Private,124242,HS-grad,9,Married-civ-spouse,Adm-clerical,Husband,Black,Male,0,0,40,United-States,<=50K
24,Private,257500,HS-grad,9,Separated,Machine-op-inspct,Own-child,Black,Female,0,0,40,United-States,<=50K
52,Private,204402,HS-grad,9,Married-civ-spouse,Transport-moving,Husband,White,Male,0,0,85,United-States,>50K
74,Self-emp-inc,231002,HS-grad,9,Married-civ-spouse,Exec-managerial,Husband,White,Male,0,0,30,United-States,>50K
49,Private,278322,HS-grad,9,Married-civ-spouse,Craft-repair,Husband,White,Male,0,0,40,United-States,>50K
33,Private,295589,Bachelors,13,Never-married,Prof-specialty,Not-in-family,Black,Male,0,0,50,United-States,>50K
52,Self-emp-inc,51048,Bachelors,13,Married-civ-spouse,Sales,Husband,White,Male,0,0,55,United-States,<=50K
22,Private,213902,5th-6th,3,Never-married,Priv-house-serv,Other-relative,White,Female,0,0,40,El-Salvador,<=50K
42,Private,59474,HS-grad,9,Divorced,Machine-op-inspct,Not-in-family,White,Male,0,0,40,United-States,<=50K
33,Private,63184,HS-grad,9,Never-married,Farming-fishing,Not-in-family,White,Male,0,0,40,United-States,<=50K
51,Private,386773,Bachelors,13,Never-married,Sales,Not-in-family,White,Male,0,0,55,United-States,>50K
42,Self-emp-not-inc,140474,Assoc-acdm,12,Divorced,Craft-repair,Own-child,Amer-Indian-Eskimo,Male,0,0,35,United-States,<=50K
50,Private,157043,11th,7,Divorced,Other-service,Not-in-family,Black,Female,0,0,40,United-States,<=50K
51,Self-emp-not-inc,175897,9th,5,Married-civ-spouse,Craft-repair,Husband,White,Male,0,0,20,United-States,<=50K
41,Self-emp-not-inc,227065,Some-college,10,Separated,Craft-repair,Not-in-family,White,Male,0,0,40,United-States,<=50K
46,State-gov,107231,Some-college,10,Married-civ-spouse,Exec-managerial,Husband,White,Male,0,1740,40,United-States,<=50K
30,Federal-gov,68330,Bachelors,13,Never-married,Prof-specialty,Not-in-family,White,Male,0,0,40,United-States,>50K
32,Private,160634,Bachelors,13,Married-civ-spouse,Farming-fishing,Husband,White,Male,0,0,60,United-States,<=50K
32,Private,163530,HS-grad,9,Divorced,Other-service,Unmarried,Amer-Indian-Eskimo,Female,0,0,40,United-States,<=50K
30,Local-gov,83066,HS-grad,9,Married-civ-spouse,Other-service,Husband,Black,Male,0,0,40,United-States,<=50K
51,Private,191965,HS-grad,9,Widowed,Other-service,Unmarried,White,Female,0,0,32,United-States,<=50K
30,Private,288566,Bachelors,13,Never-married,Other-service,Not-in-family,White,Male,0,0,40,United-States,<=50K
24,Private,185821,Some-college,10,Never-married,Sales,Own-child,White,Female,0,0,40,United-States,<=50K
29,Federal-gov,301010,Some-college,10,Never-married,Armed-Forces,Not-in-family,Black,Male,0,0,60,United-States,<=50K
62,Private,77884,5th-6th,3,Married-civ-spouse,Farming-fishing,Husband,Asian-Pac-Islander,Male,0,0,40,Philippines,<=50K
46,Private,207301,HS-grad,9,Never-married,Adm-clerical,Not-in-family,White,Female,0,0,37,United-States,<=50K
28,Private,77009,7th-8th,4,Divorced,Other-service,Unmarried,White,Female,0,0,50,United-States,<=50K
45,Self-emp-not-inc,114396,Bachelors,13,Divorced,Prof-specialty,Not-in-family,White,Male,0,0,35,United-States,<=50K
35,Private,170263,Some-college,10,Never-married,Tech-support,Unmarried,White,Female,0,0,40,United-States,<=50K
38,Private,32837,Bachelors,13,Divorced,Prof-specialty,Unmarried,White,Female,0,0,56,United-States,<=50K
60,Local-gov,232769,11th,7,Married-civ-spouse,Transport-moving,Husband,White,Male,0,0,20,United-States,<=50K
20,,129240,Some-college,10,Never-married,,Own-child,White,Female,0,0,25,United-States,<=50K
47,State-gov,118447,Bachelors,13,Married-civ-spouse,Prof-specialty,Husband,White,Male,0,0,60,United-States,>50K
56,Private,265086,HS-grad,9,Married-civ-spouse,Craft-repair,Husband,White,Male,0,0,50,United-States,>50K
21,Private,349041,HS-grad,9,Never-married,Handlers-cleaners,Not-in-family,White,Male,0,0,40,United-States,<=50K
25,Private,164488,Bachelors,13,Married-civ-spouse,Prof-specialty,Husband,White,Male,0,0,40,,<=50K
41,Private,113491,Some-college,10,Married-civ-spouse,Prof-specialty,Husband,White,Male,0,0,40,United-States,>50K
28,Private,185957,HS-grad,9,Married-civ-spouse,Adm-clerical,Wife,White,Female,0,0,40,United-States,<=50K
54,Private,280292,Some-college,10,Married-civ-spouse,Sales,Husband,White,Male,0,0,32,United-States,<=50K
40,Self-emp-not-inc,125206,Prof-school,15,Married-civ-spouse,Prof-specialty,Husband,White,Male,0,0,40,United-States,<=50K
56,Private,161662,Bachelors,13,Married-civ-spouse,Exec-managerial,Husband,White,Male,0,0,42,United-States,>50K
42,Private,413297,Some-college,10,Married-civ-spouse,Tech-support,Husband,White,Male,0,0,40,United-States,<=50K
90,Local-gov,153602,HS-grad,9,Married-civ-spouse,Other-service,Husband,White,Male,6767,0,40,United-States,<=50K
41,Private,274363,Some-college,10,Married-civ-spouse,Machine-op-inspct,Husband,White,Male,7298,0,42,United-States,>50K
28,Private,60374,HS-grad,9,Married-civ-spouse,Other-service,Own-child,White,Female,0,0,35,United-States,<=50K
48,Private,155659,Assoc-voc,11,Married-civ-spouse,Craft-repair,Husband,White,Male,0,0,40,United-States,<=50K
17,Private,130806,10th,6,Never-married,Handlers-cleaners,Own-child,White,Male,0,0,24,United-States,<=50K
59,Self-emp-not-inc,140957,Assoc-voc,11,Never-married,Exec-managerial,Not-in-family,White,Male,0,0,35,United-States,>50K
66,,99888,Assoc-voc,11,Widowed,,Not-in-family,White,Female,0,0,40,United-States,<=50K
24,Private,196675,HS-grad,9,Married-civ-spouse,Handlers-cleaners,Husband,Black,Male,0,0,70,United-States,<=50K
64,Private,46087,Bachelors,13,Divorced,Exec-managerial,Not-in-family,White,Female,0,0,50,United-States,<=50K
51,State-gov,172281,Bachelors,13,Married-civ-spouse,Exec-managerial,Husband,White,Male,0,0,35,United-States,>50K
40,Private,150471,Assoc-acdm,12,Divorced,Other-service,Not-in-family,White,Female,0,0,40,United-States,<=50K
54,Private,175912,10th,6,Married-civ-spouse,Transport-moving,Husband,White,Male,0,0,40,United-States,<=50K
48,Private,232145,HS-grad,9,Divorced,Machine-op-inspct,Not-in-family,White,Male,0,0,40,United-States,<=50K
27,Private,213421,Prof-school,15,Never-married,Prof-specialty,Not-in-family,White,Male,0,0,50,United-States,<=50K
37,Private,242713,12th,8,Separated,Priv-house-serv,Unmarried,Black,Female,0,0,40,United-States,<=50K
20,Private,194848,Some-college,10,Never-married,Craft-repair,Own-child,White,Male,0,0,40,United-States,<=50K
17,Private,143331,10th,6,Never-married,Sales,Own-child,White,Male,0,0,15,United-States,<=50K
48,Private,224870,HS-grad,9,Divorced,Machine-op-inspct,Other-relative,Other,Female,0,0,38,Ecuador,<=50K
61,Private,175331,10th,6,Married-civ-spouse,Transport-moving,Husband,White,Male,0,0,40,United-States,<=50K
46,Local-gov,160187,Masters,14,Widowed,Exec-managerial,Unmarried,Black,Female,0,0,35,United-States,<=50K
56,Local-gov,391926,HS-grad,9,Married-civ-spouse,Exec-managerial,Husband,White,Male,0,0,40,United-States,<=50K
46,Private,101430,11th,7,Divorced,Handlers-cleaners,Unmarried,Black,Female,0,0,40,United-States,<=50K
25,Private,114150,HS-grad,9,Never-married,Handlers-cleaners,Other-relative,White,Male,0,0,40,United-States,<=50K
74,Self-emp-not-inc,292915,Bachelors,13,Married-civ-spouse,Exec-managerial,Husband,White,Male,0,1825,12,United-States,>50K
68,State-gov,235882,Doctorate,16,Married-civ-spouse,Prof-specialty,Husband,White,Male,0,2377,60,United-States,>50K
18,Private,156874,12th,8,Never-married,Other-service,Own-child,White,Male,0,0,27,United-States,<=50K
28,Private,132686,Some-college,10,Married-civ-spouse,Exec-managerial,Husband,White,Male,0,0,40,United-States,>50K
30,Private,194901,11th,7,Never-married,Handlers-cleaners,Own-child,White,Male,0,0,40,United-States,<=50K
27,Private,167737,Some-college,10,Never-married,Handlers-cleaners,Not-in-family,White,Male,0,0,48,United-States,<=50K
39,Self-emp-inc,135500,HS-grad,9,Married-civ-spouse,Exec-managerial,Husband,White,Male,0,1977,40,United-States,>50K
40,Local-gov,95639,HS-grad,9,Never-married,Craft-repair,Other-relative,Amer-Indian-Eskimo,Male,0,0,40,United-States,<=50K
55,Private,393768,Assoc-voc,11,Married-civ-spouse,Exec-managerial,Husband,White,Male,0,0,40,United-States,<=50K
22,Private,173736,HS-grad,9,Never-married,Craft-repair,Not-in-family,White,Male,0,0,50,United-States,<=50K
39,Private,147258,10th,6,Married-civ-spouse,Craft-repair,Husband,White,Male,0,0,40,United-States,<=50K
42,Private,274913,HS-grad,9,Divorced,Craft-repair,Unmarried,White,Male,0,0,45,United-States,<=50K
28,State-gov,89564,Bachelors,13,Married-civ-spouse,Protective-serv,Husband,White,Male,0,0,50,United-States,<=50K
39,Private,117381,HS-grad,9,Never-married,Tech-support,Not-in-family,White,Male,0,0,62,England,<=50K
31,Private,198069,HS-grad,9,Never-married,Other-service,Own-child,White,Male,0,0,24,United-States,<=50K
32,Private,193042,Prof-school,15,Married-civ-spouse,Sales,Husband,White,Male,15024,0,60,United-States,>50K
57,Private,250201,HS-grad,9,Widowed,Transport-moving,Unmarried,White,Male,0,0,50,United-States,<=50K
25,Private,212800,Some-college,10,Never-married,Sales,Own-child,White,Female,0,0,40,United-States,<=50K
17,Private,102726,12th,8,Never-married,Other-service,Own-child,White,Male,0,0,16,United-States,<=50K
32,Self-emp-not-inc,115066,HS-grad,9,Married-civ-spouse,Sales,Husband,White,Male,0,0,60,United-States,>50K
20,Private,225811,HS-grad,9,Never-married,Sales,Own-child,White,Female,0,0,23,United-States,<=50K
36,Private,220585,Assoc-acdm,12,Married-civ-spouse,Exec-managerial,Husband,White,Male,0,0,50,United-States,>50K
65,,195733,Some-college,10,Married-civ-spouse,,Husband,White,Male,0,0,30,United-States,>50K
46,Private,332355,Some-college,10,Married-civ-spouse,Adm-clerical,Husband,White,Male,0,0,40,United-States,<=50K
39,Private,150057,Masters,14,Never-married,Sales,Not-in-family,White,Male,0,0,50,United-States,>50K
35,Private,101978,HS-grad,9,Separated,Transport-moving,Not-in-family,White,Male,0,0,50,United-States,<=50K
46,Private,173243,HS-grad,9,Married-civ-spouse,Craft-repair,Husband,White,Male,0,0,40,United-States,<=50K
46,Private,216666,9th,5,Married-civ-spouse,Machine-op-inspct,Husband,White,Male,0,0,40,Guatemala,<=50K
55,Private,156430,Bachelors,13,Married-civ-spouse,Prof-specialty,Husband,White,Male,0,0,40,United-States,>50K
44,Private,103218,HS-grad,9,Divorced,Adm-clerical,Unmarried,Black,Female,0,0,40,United-States,<=50K
21,Private,305874,Some-college,10,Married-civ-spouse,Other-service,Husband,White,Male,0,0,40,United-States,<=50K
63,Private,71800,7th-8th,4,Widowed,Other-service,Not-in-family,White,Female,0,0,41,United-States,<=50K
39,Self-emp-inc,124685,Masters,14,Divorced,Exec-managerial,Not-in-family,Asian-Pac-Islander,Male,0,0,99,Japan,>50K
40,Private,111067,Bachelors,13,Married-civ-spouse,Handlers-cleaners,Husband,White,Male,0,0,80,United-States,>50K
31,Private,117526,Some-college,10,Never-married,Farming-fishing,Not-in-family,White,Female,0,0,45,United-States,<=50K
25,Local-gov,190057,Bachelors,13,Never-married,Prof-specialty,Own-child,White,Female,0,0,40,United-States,<=50K
24,Private,99386,Bachelors,13,Married-spouse-absent,Prof-specialty,Own-child,White,Female,0,0,40,United-States,<=50K
23,Private,180837,HS-grad,9,Never-married,Machine-op-inspct,Own-child,Black,Female,0,0,40,United-States,<=50K
39,Private,185624,Some-college,10,Married-civ-spouse,Machine-op-inspct,Husband,White,Male,0,0,50,United-States,<=50K
25,Private,109009,11th,7,Married-civ-spouse,Craft-repair,Husband,White,Male,0,0,40,United-States,<=50K
19,,425447,HS-grad,9,Never-married,,Unmarried,Black,Female,0,0,40,United-States,<=50K
28,Private,25955,Some-college,10,Never-married,Craft-repair,Own-child,Amer-Indian-Eskimo,Male,0,0,40,United-States,<=50K
30,Local-gov,289442,HS-grad,9,Never-married,Protective-serv,Not-in-family,White,Male,0,0,40,United-States,<=50K
57,Self-emp-not-inc,287229,HS-grad,9,Married-civ-spouse,Craft-repair,Husband,White,Male,0,0,48,United-States,>50K
28,Private,181916,Some-college,10,Separated,Machine-op-inspct,Not-in-family,White,Male,0,0,40,United-States,<=50K
21,,249271,Some-college,10,Married-civ-spouse,,Husband,White,Male,0,0,40,United-States,<=50K
18,Private,126071,HS-grad,9,Never-married,Craft-repair,Own-child,White,Male,0,0,40,United-States,<=50K
34,Private,19847,HS-grad,9,Divorced,Adm-clerical,Unmarried,White,Female,0,0,40,United-States,<=50K
51,Private,202956,Assoc-voc,11,Married-civ-spouse,Sales,Husband,White,Male,0,0,40,United-States,<=50K
25,Private,135568,HS-grad,9,Married-civ-spouse,Handlers-cleaners,Husband,White,Male,0,0,40,United-States,<=50K
33,,216908,10th,6,Never-married,,Other-relative,White,Male,0,0,40,United-States,<=50K
46,Private,173613,HS-grad,9,Divorced,Sales,Unmarried,White,Female,0,0,30,United-States,<=50K
44,Private,98466,10th,6,Never-married,Farming-fishing,Unmarried,White,Male,0,0,35,United-States,<=50K
46,Private,173243,Some-college,10,Married-civ-spouse,Tech-support,Husband,White,Male,5178,0,40,United-States,>50K
35,Private,285102,Masters,14,Never-married,Prof-specialty,Not-in-family,Asian-Pac-Islander,Female,0,0,40,Taiwan,>50K
39,Private,175972,Some-college,10,Married-civ-spouse,Other-service,Wife,White,Female,0,0,15,United-States,<=50K
24,State-gov,133586,Bachelors,13,Married-civ-spouse,Exec-managerial,Wife,White,Female,0,0,40,United-States,<=50K
63,Private,266083,7th-8th,4,Married-civ-spouse,Transport-moving,Husband,White,Male,0,0,60,United-States,>50K
47,Private,140219,HS-grad,9,Never-married,Adm-clerical,Other-relative,White,Female,0,0,40,United-States,<=50K
27,Private,295799,Some-college,10,Married-civ-spouse,Craft-repair,Husband,White,Male,0,0,40,United-States,<=50K
48,Private,34186,HS-grad,9,Married-civ-spouse,Farming-fishing,Husband,White,Male,0,0,70,United-States,<=50K
45,Private,160724,HS-grad,9,Married-civ-spouse,Craft-repair,Husband,Asian-Pac-Islander,Male,0,0,40,Vietnam,<=50K
57,Private,183810,Some-college,10,Married-civ-spouse,Prof-specialty,Husband,White,Male,0,0,40,United-States,>50K
24,Private,49218,HS-grad,9,Divorced,Machine-op-inspct,Not-in-family,White,Male,0,0,40,United-States,<=50K
50,Private,289390,HS-grad,9,Married-civ-spouse,Craft-repair,Husband,White,Male,0,0,47,United-States,<=50K
45,Private,190088,HS-grad,9,Married-spouse-absent,Adm-clerical,Unmarried,White,Female,0,0,30,United-States,<=50K
61,Private,80896,HS-grad,9,Separated,Transport-moving,Unmarried,Asian-Pac-Islander,Male,0,0,45,United-States,>50K
42,Private,52781,Some-college,10,Married-civ-spouse,Tech-support,Husband,White,Male,0,0,40,United-States,<=50K
59,Local-gov,114401,HS-grad,9,Widowed,Other-service,Not-in-family,White,Female,0,1504,19,United-States,<=50K
27,Private,169815,Bachelors,13,Never-married,Sales,Own-child,White,Male,0,0,40,United-States,<=50K
43,Private,170730,Bachelors,13,Married-civ-spouse,Exec-managerial,Husband,White,Male,0,1977,50,United-States,>50K
51,Private,290856,HS-grad,9,Married-civ-spouse,Adm-clerical,Husband,White,Male,0,0,40,United-States,>50K
18,Private,192409,Some-college,10,Never-married,Sales,Own-child,White,Female,0,0,20,United-States,<=50K
43,Private,183891,HS-grad,9,Divorced,Exec-managerial,Unmarried,White,Female,0,0,40,United-States,<=50K
32,Private,316589,Bachelors,13,Married-civ-spouse,Exec-managerial,Husband,White,Male,0,0,40,United-States,>50K
23,Private,186813,HS-grad,9,Never-married,Protective-serv,Own-child,Amer-Indian-Eskimo,Male,0,0,40,United-States,<=50K
32,Private,269182,Some-college,10,Separated,Tech-support,Unmarried,Black,Female,3887,0,40,United-States,<=50K
19,Private,206777,HS-grad,9,Never-married,Handlers-cleaners,Other-relative,White,Male,0,0,40,United-States,<=50K
46,,206357,5th-6th,3,Married-civ-spouse,,Wife,White,Female,0,0,40,Mexico,<=50K
23,Private,122048,HS-grad,9,Never-married,Machine-op-inspct,Other-relative,White,Female,0,0,40,United-States,<=50K
62,Private,194167,HS-grad,9,Divorced,Machine-op-inspct,Not-in-family,White,Female,2174,0,40,United-States,<=50K
34,Local-gov,90934,Assoc-voc,11,Divorced,Protective-serv,Own-child,Asian-Pac-Islander,Male,0,0,40,United-States,<=50K
36,Private,179358,HS-grad,9,Widowed,Handlers-cleaners,Unmarried,White,Female,0,0,30,United-States,<=50K
27,Private,229803,HS-grad,9,Never-married,Craft-repair,Own-child,Black,Male,0,0,40,United-States,<=50K
41,Private,173682,Masters,14,Married-civ-spouse,Machine-op-inspct,Husband,White,Male,0,0,40,United-States,<=50K
36,Private,245521,7th-8th,4,Married-civ-spouse,Farming-fishing,Husband,White,Male,0,0,35,Mexico,<=50K
27,Private,69757,Some-college,10,Never-married,Adm-clerical,Not-in-family,White,Female,0,0,60,United-States,<=50K
33,Private,214129,Some-college,10,Divorced,Adm-clerical,Not-in-family,White,Female,0,0,40,United-States,<=50K
43,Local-gov,125461,Bachelors,13,Never-married,Prof-specialty,Not-in-family,White,Male,0,0,40,United-States,<=50K
54,Self-emp-not-inc,117674,Some-college,10,Divorced,Craft-repair,Not-in-family,White,Male,0,0,40,,<=50K
44,Private,194049,Some-college,10,Divorced,Other-service,Unmarried,Black,Female,0,0,35,United-States,<=50K
39,State-gov,121838,HS-grad,9,Divorced,Other-service,Unmarried,Black,Female,0,0,40,United-States,<=50K
19,,47713,Some-college,10,Never-married,,Own-child,White,Female,0,0,40,United-States,<=50K
47,Federal-gov,220269,Some-college,10,Married-civ-spouse,Handlers-cleaners,Husband,White,Male,0,0,40,United-States,>50K
36,Private,83893,Some-college,10,Married-civ-spouse,Exec-managerial,Husband,White,Male,0,0,40,United-States,>50K
39,Private,123983,Bachelors,13,Divorced,Sales,Not-in-family,Asian-Pac-Islander,Male,0,0,40,China,<=50K
28,Self-emp-not-inc,410351,HS-grad,9,Married-civ-spouse,Exec-managerial,Husband,White,Male,0,0,40,Poland,<=50K
32,Private,267736,Some-college,10,Never-married,Adm-clerical,Own-child,Black,Female,0,0,40,United-States,<=50K
39,Private,324231,HS-grad,9,Widowed,Machine-op-inspct,Unmarried,Black,Female,0,0,40,United-States,<=50K
30,Private,345898,HS-grad,9,Never-married,Craft-repair,Not-in-family,Black,Male,0,0,46,United-States,<=50K
18,Private,137646,11th,7,Never-married,Other-service,Own-child,White,Female,0,0,15,United-States,<=50K
48,Private,54759,HS-grad,9,Divorced,Prof-specialty,Unmarried,White,Female,0,0,38,United-States,<=50K
21,Private,254904,HS-grad,9,Never-married,Craft-repair,Not-in-family,White,Female,0,0,30,United-States,<=50K
35,Private,276552,HS-grad,9,Divorced,Craft-repair,Not-in-family,White,Male,0,0,40,United-States,<=50K
39,Private,34028,Bachelors,13,Divorced,Exec-managerial,Unmarried,White,Female,0,0,48,United-States,<=50K
20,Private,116830,HS-grad,9,Never-married,Machine-op-inspct,Not-in-family,White,Male,0,0,40,United-States,<=50K
19,Private,223648,11th,7,Never-married,Sales,Own-child,White,Male,0,0,20,,<=50K
43,State-gov,60949,HS-grad,9,Married-civ-spouse,Craft-repair,Husband,White,Male,0,0,40,United-States,<=50K
50,Self-emp-inc,155574,Masters,14,Married-civ-spouse,Prof-specialty,Husband,White,Male,7298,0,50,United-States,>50K
41,Self-emp-not-inc,113324,Assoc-voc,11,Married-civ-spouse,Farming-fishing,Husband,White,Male,0,0,70,United-States,>50K
35,Private,27408,Some-college,10,Never-married,Sales,Not-in-family,White,Male,0,0,40,United-States,<=50K
31,Private,120857,HS-grad,9,Married-civ-spouse,Sales,Wife,White,Female,0,0,18,United-States,<=50K
50,Private,88842,Bachelors,13,Married-civ-spouse,Transport-moving,Husband,White,Male,7298,0,40,United-States,>50K
32,Private,183916,HS-grad,9,Never-married,Other-service,Not-in-family,White,Female,0,0,34,United-States,<=50K
23,Private,320294,HS-grad,9,Never-married,Exec-managerial,Not-in-family,White,Male,0,0,40,United-States,<=50K
31,Private,56510,Some-college,10,Married-civ-spouse,Craft-repair,Husband,Asian-Pac-Islander,Male,0,0,40,United-States,<=50K
22,Private,231085,Some-college,10,Never-married,Other-service,Own-child,White,Male,0,0,30,United-States,<=50K
24,Private,153583,Some-college,10,Never-married,Sales,Own-child,White,Female,0,0,40,United-States,<=50K
42,Private,657397,HS-grad,9,Married-civ-spouse,Machine-op-inspct,Husband,White,Male,0,0,40,Mexico,<=50K
44,Private,153489,HS-grad,9,Never-married,Other-service,Unmarried,White,Male,0,0,40,United-States,<=50K
41,Private,37997,12th,8,Divorced,Transport-moving,Not-in-family,White,Male,0,0,84,United-States,>50K
36,Private,262688,Some-college,10,Married-civ-spouse,Sales,Husband,Black,Male,7688,0,50,United-States,>50K
25,Private,124111,Some-college,10,Never-married,Adm-clerical,Own-child,White,Female,0,0,40,United-States,<=50K
28,,223745,Some-college,10,Never-married,,Unmarried,White,Female,0,0,40,United-States,<=50K
40,Private,199599,10th,6,Married-civ-spouse,Exec-managerial,Husband,White,Male,0,0,40,United-States,>50K
75,Self-emp-not-inc,213349,HS-grad,9,Married-civ-spouse,Farming-fishing,Husband,White,Male,0,0,20,United-States,<=50K
29,Private,201954,Bachelors,13,Never-married,Exec-managerial,Not-in-family,White,Male,0,0,35,United-States,<=50K
37,Private,172846,Some-college,10,Married-civ-spouse,Sales,Husband,White,Male,0,0,45,United-States,>50K
35,Private,342768,HS-grad,9,Married-civ-spouse,Craft-repair,Husband,White,Male,0,0,40,United-States,<=50K
29,Private,29732,Bachelors,13,Married-civ-spouse,Prof-specialty,Wife,White,Female,0,0,24,United-States,<=50K
55,Self-emp-not-inc,193374,HS-grad,9,Divorced,Craft-repair,Not-in-family,White,Male,0,0,40,United-States,<=50K
63,Self-emp-not-inc,52144,Some-college,10,Widowed,Exec-managerial,Not-in-family,White,Male,0,0,35,United-States,<=50K
36,Local-gov,224947,Bachelors,13,Never-married,Prof-specialty,Unmarried,White,Male,0,0,40,United-States,<=50K
36,Private,418702,Assoc-voc,11,Divorced,Adm-clerical,Unmarried,White,Female,0,0,40,United-States,<=50K
65,,143732,HS-grad,9,Widowed,,Not-in-family,Black,Female,0,0,40,United-States,<=50K
64,,267198,Prof-school,15,Married-civ-spouse,,Husband,White,Male,0,0,16,United-States,<=50K
44,Private,265266,10th,6,Married-civ-spouse,Transport-moving,Husband,White,Male,0,0,40,United-States,<=50K
40,Private,221172,Masters,14,Married-civ-spouse,Exec-managerial,Husband,White,Male,0,0,65,United-States,>50K
60,,106282,9th,5,Widowed,,Not-in-family,White,Female,0,0,40,United-States,<=50K
72,Private,497280,9th,5,Widowed,Other-service,Unmarried,Black,Female,0,0,20,United-States,<=50K
34,Private,162814,HS-grad,9,Divorced,Protective-serv,Not-in-family,Black,Male,0,0,45,United-States,<=50K
47,Private,280483,HS-grad,9,Separated,Craft-repair,Unmarried,Black,Female,0,0,40,United-States,<=50K
43,Private,45156,Some-college,10,Married-civ-spouse,Transport-moving,Husband,White,Male,0,0,60,United-States,<=50K
39,Private,269323,Some-college,10,Married-civ-spouse,Exec-managerial,Husband,White,Male,0,0,40,United-States,>50K
31,Private,171871,Masters,14,Never-married,Prof-specialty,Not-in-family,White,Female,0,0,46,United-States,<=50K
36,Private,206951,Bachelors,13,Married-civ-spouse,Sales,Husband,White,Male,0,1902,45,United-States,>50K
28,Private,191935,Assoc-acdm,12,Never-married,Sales,Own-child,White,Male,0,0,20,United-States,<=50K
46,Private,188161,HS-grad,9,Separated,Machine-op-inspct,Own-child,Black,Female,0,0,40,United-States,<=50K
26,State-gov,70447,HS-grad,9,Married-civ-spouse,Protective-serv,Husband,Asian-Pac-Islander,Male,0,0,40,United-States,>50K
51,Private,92463,HS-grad,9,Married-civ-spouse,Adm-clerical,Husband,White,Male,0,0,40,United-States,<=50K
65,Private,90907,5th-6th,3,Married-civ-spouse,Other-service,Husband,Asian-Pac-Islander,Male,0,0,40,United-States,<=50K
36,Private,218948,9th,5,Separated,Other-service,Unmarried,Black,Female,0,0,40,,<=50K
38,Self-emp-not-inc,198867,11th,7,Married-civ-spouse,Craft-repair,Husband,White,Male,0,0,40,United-States,<=50K
23,,27415,11th,7,Never-married,,Own-child,Amer-Indian-Eskimo,Male,0,0,40,United-States,<=50K
45,Private,738812,HS-grad,9,Married-civ-spouse,Craft-repair,Husband,White,Male,0,0,46,United-States,<=50K
30,Federal-gov,59951,Some-college,10,Married-civ-spouse,Adm-clerical,Own-child,White,Male,0,0,40,United-States,<=50K
42,Private,341178,5th-6th,3,Married-civ-spouse,Other-service,Husband,White,Male,0,0,44,Mexico,<=50K
31,Private,356882,HS-grad,9,Married-civ-spouse,Machine-op-inspct,Husband,White,Male,5013,0,40,United-States,<=50K
41,Private,90021,HS-grad,9,Married-civ-spouse,Handlers-cleaners,Husband,White,Male,0,0,40,,<=50K
21,Private,313873,5th-6th,3,Never-married,Handlers-cleaners,Not-in-family,White,Male,0,0,40,Mexico,<=50K
31,Private,178370,HS-grad,9,Divorced,Other-service,Unmarried,White,Female,0,0,99,United-States,>50K
50,Private,73493,Some-college,10,Divorced,Other-service,Not-in-family,White,Female,0,0,40,United-States,<=50K
34,Private,175413,Assoc-acdm,12,Divorced,Sales,Unmarried,Black,Female,0,0,45,United-States,<=50K
29,Private,142555,Masters,14,Never-married,Prof-specialty,Not-in-family,Black,Male,0,0,42,United-States,<=50K
36,State-gov,110964,Bachelors,13,Married-civ-spouse,Prof-specialty,Wife,White,Female,0,1672,38,United-States,<=50K
28,Private,119793,Bachelors,13,Never-married,Sales,Not-in-family,White,Male,0,0,40,United-States,<=50K
24,Private,175183,HS-grad,9,Never-married,Adm-clerical,Not-in-family,White,Female,0,0,40,United-States,<=50K
21,Private,159567,HS-grad,9,Never-married,Machine-op-inspct,Not-in-family,White,Male,0,0,50,United-States,<=50K
22,Private,235733,HS-grad,9,Never-married,Other-service,Not-in-family,White,Female,0,0,45,United-States,<=50K
44,Private,297991,Assoc-acdm,12,Never-married,Exec-managerial,Not-in-family,Asian-Pac-Islander,Female,0,0,50,United-States,<=50K
28,Private,186720,Some-college,10,Never-married,Other-service,Own-child,White,Female,0,0,50,United-States,<=50K
18,Private,716066,10th,6,Never-married,Machine-op-inspct,Own-child,White,Male,0,0,30,United-States,<=50K
59,Self-emp-not-inc,223131,HS-grad,9,Divorced,Exec-managerial,Not-in-family,White,Male,0,0,60,United-States,<=50K
31,Private,339482,1st-4th,2,Married-civ-spouse,Machine-op-inspct,Husband,White,Male,0,0,40,Mexico,<=50K
34,Private,181091,Bachelors,13,Married-civ-spouse,Exec-managerial,Husband,White,Male,0,1977,45,United-States,>50K
57,Private,180920,10th,6,Married-civ-spouse,Craft-repair,Husband,White,Male,0,0,43,United-States,<=50K
28,,173800,Bachelors,13,Married-spouse-absent,,Not-in-family,Asian-Pac-Islander,Female,0,0,10,Taiwan,<=50K
35,Private,82622,HS-grad,9,Divorced,Exec-managerial,Not-in-family,White,Male,0,0,50,United-States,<=50K
38,Private,65390,Assoc-acdm,12,Married-civ-spouse,Craft-repair,Husband,White,Male,0,0,45,United-States,<=50K
32,Private,218322,HS-grad,9,Married-civ-spouse,Craft-repair,Husband,White,Male,0,0,40,United-States,<=50K
34,State-gov,118551,Bachelors,13,Married-civ-spouse,Tech-support,Own-child,White,Female,5178,0,25,,>50K
60,Self-emp-not-inc,220342,11th,7,Married-civ-spouse,Farming-fishing,Husband,White,Male,0,0,35,United-States,<=50K
56,Private,244605,HS-grad,9,Married-civ-spouse,Craft-repair,Husband,White,Male,0,0,40,United-States,<=50K
48,Private,285335,11th,7,Married-civ-spouse,Exec-managerial,Husband,White,Male,0,0,50,United-States,<=50K
34,Federal-gov,198265,Bachelors,13,Married-civ-spouse,Protective-serv,Husband,White,Male,0,0,60,United-States,<=50K
35,Private,172571,Bachelors,13,Married-civ-spouse,Prof-specialty,Husband,White,Male,0,0,50,United-States,<=50K
18,Private,198087,HS-grad,9,Never-married,Sales,Own-child,White,Female,0,0,30,United-States,<=50K
32,Private,184207,HS-grad,9,Divorced,Craft-repair,Not-in-family,White,Male,0,0,40,United-States,<=50K
35,Self-emp-inc,196373,Bachelors,13,Married-civ-spouse,Exec-managerial,Husband,White,Male,0,0,45,United-States,>50K
58,Private,187067,Bachelors,13,Never-married,Prof-specialty,Not-in-family,White,Female,0,0,62,Canada,<=50K
22,Self-emp-inc,153516,Some-college,10,Never-married,Craft-repair,Own-child,White,Male,0,0,35,United-States,<=50K
32,Private,27051,Bachelors,13,Married-civ-spouse,Adm-clerical,Husband,White,Male,0,0,44,United-States,<=50K
47,Private,125120,Bachelors,13,Divorced,Craft-repair,Not-in-family,White,Female,0,0,50,United-States,<=50K
40,State-gov,174283,Doctorate,16,Married-civ-spouse,Prof-specialty,Husband,White,Male,0,1887,50,United-States,>50K
40,Self-emp-inc,218558,Bachelors,13,Married-civ-spouse,Exec-managerial,Husband,White,Male,0,0,45,United-States,>50K
23,Private,197200,Bachelors,13,Never-married,Prof-specialty,Own-child,White,Male,0,0,60,United-States,<=50K
28,Private,69621,Assoc-acdm,12,Never-married,Sales,Not-in-family,White,Female,0,0,60,United-States,<=50K
30,Private,159589,Bachelors,13,Married-civ-spouse,Prof-specialty,Husband,White,Male,7688,0,50,United-States,>50K
26,,375313,Some-college,10,Never-married,,Own-child,Asian-Pac-Islander,Male,0,0,40,Philippines,<=50K
36,Private,90897,Assoc-acdm,12,Never-married,Tech-support,Not-in-family,White,Female,0,0,40,United-States,<=50K
28,Private,99478,HS-grad,9,Married-civ-spouse,Adm-clerical,Husband,Black,Male,0,0,40,United-States,<=50K
47,Private,264244,HS-grad,9,Married-spouse-absent,Craft-repair,Not-in-family,Black,Female,0,0,40,United-States,<=50K
37,Private,126569,Masters,14,Married-civ-spouse,Exec-managerial,Husband,White,Male,0,1977,40,United-States,>50K
37,Private,348796,Bachelors,13,Divorced,Other-service,Not-in-family,White,Male,0,0,40,United-States,<=50K
54,Local-gov,365049,Some-college,10,Never-married,Prof-specialty,Not-in-family,White,Female,0,0,40,Mexico,<=50K
42,Self-emp-not-inc,30759,HS-grad,9,Married-civ-spouse,Craft-repair,Husband,White,Male,0,0,35,United-States,<=50K
36,Private,156780,HS-grad,9,Never-married,Sales,Other-relative,Asian-Pac-Islander,Female,0,0,40,,<=50K
20,,232799,HS-grad,9,Never-married,,Own-child,Black,Female,0,0,25,United-States,<=50K
24,Private,243190,Assoc-acdm,12,Separated,Craft-repair,Unmarried,Asian-Pac-Islander,Male,8614,0,40,United-States,>50K
35,Private,339772,HS-grad,9,Married-civ-spouse,Handlers-cleaners,Husband,Black,Male,0,0,40,United-States,<=50K
61,Self-emp-not-inc,115882,1st-4th,2,Married-civ-spouse,Craft-repair,Husband,White,Male,0,0,20,United-States,<=50K
58,Private,147989,HS-grad,9,Married-civ-spouse,Transport-moving,Husband,White,Male,0,0,40,United-States,>50K
26,Private,310907,Some-college,10,Married-civ-spouse,Exec-managerial,Wife,White,Female,0,0,35,United-States,<=50K
53,Local-gov,204397,HS-grad,9,Married-civ-spouse,Exec-managerial,Husband,White,Male,0,0,60,United-States,<=50K
67,Private,105252,Some-college,10,Divorced,Adm-clerical,Not-in-family,White,Male,7978,0,35,United-States,<=50K
26,Private,150361,Some-college,10,Never-married,Tech-support,Own-child,White,Female,0,0,40,United-States,<=50K
45,Private,123075,HS-grad,9,Married-civ-spouse,Exec-managerial,Husband,White,Male,0,0,50,United-States,<=50K
57,Private,316000,HS-grad,9,Married-civ-spouse,Craft-repair,Husband,White,Male,0,0,40,United-States,<=50K
31,Private,348504,Bachelors,13,Married-civ-spouse,Exec-managerial,Husband,White,Male,0,0,50,United-States,<=50K
69,Self-emp-not-inc,76968,9th,5,Married-civ-spouse,Farming-fishing,Husband,White,Male,0,0,25,United-States,<=50K
46,Federal-gov,97863,Assoc-voc,11,Married-civ-spouse,Adm-clerical,Husband,White,Male,5178,0,40,United-States,>50K
19,Private,382738,HS-grad,9,Never-married,Other-service,Own-child,Black,Female,0,0,40,United-States,<=50K
44,Private,32185,HS-grad,9,Never-married,Transport-moving,Unmarried,White,Male,0,0,70,United-States,<=50K
38,Federal-gov,207066,HS-grad,9,Married-civ-spouse,Exec-managerial,Husband,White,Male,0,0,42,United-States,>50K
33,Private,40681,Assoc-acdm,12,Never-married,Adm-clerical,Not-in-family,White,Female,0,0,40,United-States,<=50K
43,Federal-gov,192712,Some-college,10,Married-civ-spouse,Prof-specialty,Wife,White,Female,0,0,40,United-States,>50K
40,Self-emp-not-inc,107762,Bachelors,13,Married-civ-spouse,Exec-managerial,Husband,White,Male,0,0,45,United-States,<=50K
51,Private,240988,11th,7,Married-civ-spouse,Machine-op-inspct,Husband,Asian-Pac-Islander,Male,0,0,40,Philippines,<=50K
62,Private,113440,Bachelors,13,Married-civ-spouse,Sales,Husband,White,Male,0,0,35,United-States,<=50K
31,Self-emp-not-inc,357145,Doctorate,16,Never-married,Prof-specialty,Own-child,White,Female,0,0,48,United-States,<=50K
36,Self-emp-inc,251730,Some-college,10,Married-civ-spouse,Protective-serv,Husband,White,Male,0,0,60,United-States,>50K
28,Private,38309,Assoc-voc,11,Married-civ-spouse,Adm-clerical,Husband,White,Male,2407,0,40,United-States,<=50K
45,Private,331482,Bachelors,13,Married-civ-spouse,Prof-specialty,Husband,White,Male,0,0,50,United-States,<=50K
72,,108796,Prof-school,15,Married-civ-spouse,,Husband,White,Male,0,0,40,United-States,>50K
31,Private,69056,HS-grad,9,Divorced,Other-service,Own-child,White,Female,0,0,15,United-States,<=50K
18,Federal-gov,280728,Some-college,10,Never-married,Sales,Own-child,White,Female,0,0,32,United-States,<=50K
47,Private,276087,Assoc-voc,11,Married-civ-spouse,Other-service,Husband,White,Male,0,0,26,United-States,<=50K
35,Private,117567,HS-grad,9,Divorced,Craft-repair,Not-in-family,White,Male,0,0,40,United-States,<=50K
65,Private,469602,Bachelors,13,Married-civ-spouse,Sales,Husband,White,Male,0,0,15,United-States,<=50K
72,,194548,Some-college,10,Married-spouse-absent,,Not-in-family,White,Male,0,0,3,United-States,<=50K
38,Private,234807,Bachelors,13,Married-civ-spouse,Exec-managerial,Wife,White,Female,0,0,50,United-States,>50K
63,Self-emp-inc,110890,Masters,14,Divorced,Prof-specialty,Not-in-family,White,Male,0,0,70,United-States,>50K
66,Self-emp-inc,220543,HS-grad,9,Married-civ-spouse,Adm-clerical,Wife,White,Female,0,0,40,United-States,>50K
50,Private,20795,HS-grad,9,Married-civ-spouse,Farming-fishing,Husband,White,Male,0,0,60,United-States,>50K
38,Private,153685,11th,7,Divorced,Machine-op-inspct,Unmarried,Black,Female,0,0,52,United-States,<=50K
22,State-gov,157332,Some-college,10,Never-married,Other-service,Own-child,White,Female,0,0,15,United-States,<=50K
19,Private,127709,HS-grad,9,Never-married,Farming-fishing,Own-child,Black,Male,0,0,30,United-States,<=50K
29,Private,135296,Bachelors,13,Never-married,Exec-managerial,Not-in-family,White,Female,0,2258,45,United-States,>50K
48,Private,186172,Bachelors,13,Married-civ-spouse,Exec-managerial,Husband,White,Male,0,0,45,United-States,>50K
30,,288419,5th-6th,3,Married-civ-spouse,,Husband,White,Male,0,0,40,Mexico,<=50K
34,Private,193036,Some-college,10,Married-civ-spouse,Adm-clerical,Husband,Black,Male,0,0,40,United-States,>50K
43,Private,293305,Bachelors,13,Married-civ-spouse,Sales,Husband,White,Male,0,1887,40,United-States,>50K
61,Self-emp-inc,84409,HS-grad,9,Married-civ-spouse,Exec-managerial,Husband,White,Male,0,0,35,United-States,>50K
29,Private,95465,HS-grad,9,Never-married,Tech-support,Not-in-family,White,Male,0,0,42,United-States,<=50K
44,Private,112517,Masters,14,Married-civ-spouse,Tech-support,Husband,White,Male,0,0,20,United-States,>50K
47,Private,355320,Bachelors,13,Married-civ-spouse,Prof-specialty,Husband,White,Male,15024,0,40,United-States,>50K
51,Private,139347,HS-grad,9,Married-civ-spouse,Adm-clerical,Wife,White,Female,7688,0,40,United-States,>50K
30,Private,75167,Bachelors,13,Married-civ-spouse,Exec-managerial,Husband,White,Male,0,0,55,United-States,<=50K
36,Private,292570,11th,7,Never-married,Machine-op-inspct,Unmarried,White,Female,0,0,40,United-States,<=50K
18,Private,140164,11th,7,Never-married,Sales,Own-child,White,Female,0,0,40,United-States,<=50K
32,Private,185027,Some-college,10,Married-civ-spouse,Sales,Husband,White,Male,0,0,40,United-States,>50K
53,Private,177916,Bachelors,13,Married-civ-spouse,Adm-clerical,Husband,White,Male,7298,0,40,United-States,>50K
49,Local-gov,107231,HS-grad,9,Married-civ-spouse,Craft-repair,Husband,White,Male,0,2002,40,United-States,<=50K
53,Self-emp-not-inc,46704,Masters,14,Married-civ-spouse,Prof-specialty,Husband,White,Male,0,0,50,United-States,>50K
21,Self-emp-not-inc,74538,Some-college,10,Never-married,Tech-support,Not-in-family,White,Male,0,0,25,United-States,<=50K
44,Private,462838,HS-grad,9,Divorced,Handlers-cleaners,Not-in-family,White,Female,0,0,48,United-States,<=50K
53,Local-gov,231196,HS-grad,9,Married-civ-spouse,Adm-clerical,Husband,White,Male,0,0,40,United-States,<=50K
23,Private,233923,Some-college,10,Never-married,Other-service,Own-child,White,Female,0,0,20,United-States,<=50K
25,Private,61956,Some-college,10,Never-married,Transport-moving,Not-in-family,White,Male,0,0,50,United-States,<=50K
33,,211699,Some-college,10,Divorced,,Unmarried,White,Female,0,0,40,United-States,<=50K
22,Private,88126,Bachelors,13,Never-married,Exec-managerial,Own-child,White,Male,0,0,40,United-States,<=50K
39,Private,196673,HS-grad,9,Married-civ-spouse,Other-service,Wife,White,Female,5013,0,40,United-States,<=50K
36,Self-emp-not-inc,28738,Assoc-acdm,12,Divorced,Sales,Unmarried,White,Female,0,0,35,United-States,<=50K
27,Self-emp-not-inc,37302,11th,7,Married-civ-spouse,Exec-managerial,Husband,White,Male,0,0,50,United-States,<=50K
17,Private,160049,10th,6,Never-married,Other-service,Own-child,White,Female,0,0,12,United-States,<=50K
27,,253873,Some-college,10,Divorced,,Not-in-family,White,Female,0,0,25,United-States,<=50K
27,Private,216481,Bachelors,13,Never-married,Prof-specialty,Not-in-family,White,Female,0,0,40,United-States,<=50K
44,Private,172475,HS-grad,9,Divorced,Adm-clerical,Not-in-family,Asian-Pac-Islander,Female,0,0,40,Vietnam,<=50K
36,Private,127686,HS-grad,9,Separated,Adm-clerical,Unmarried,White,Female,0,0,37,United-States,<=50K
54,Private,340476,HS-grad,9,Separated,Sales,Unmarried,White,Female,0,0,35,United-States,<=50K
38,Private,239755,HS-grad,9,Married-civ-spouse,Machine-op-inspct,Husband,White,Male,0,0,40,United-States,<=50K
37,State-gov,136137,Some-college,10,Separated,Adm-clerical,Not-in-family,White,Male,0,0,40,United-States,<=50K
62,,144583,HS-grad,9,Married-civ-spouse,,Husband,White,Male,0,0,40,United-States,<=50K
27,Private,56658,HS-grad,9,Married-civ-spouse,Handlers-cleaners,Husband,Amer-Indian-Eskimo,Male,0,0,8,United-States,<=50K
25,Private,122999,HS-grad,9,Never-married,Craft-repair,Own-child,White,Male,0,0,40,United-States,<=50K
28,Private,70604,HS-grad,9,Married-civ-spouse,Handlers-cleaners,Husband,White,Male,0,0,38,United-States,<=50K
39,Private,317434,HS-grad,9,Married-civ-spouse,Craft-repair,Husband,White,Male,0,0,40,United-States,<=50K
24,Private,154571,Assoc-voc,11,Never-married,Sales,Unmarried,Asian-Pac-Islander,Male,0,0,50,South,<=50K
37,Local-gov,333664,Some-college,10,Separated,Adm-clerical,Not-in-family,White,Female,0,0,40,United-States,<=50K
34,Private,141118,Bachelors,13,Married-spouse-absent,Prof-specialty,Not-in-family,White,Female,0,0,35,United-States,<=50K
23,Private,203076,Some-college,10,Never-married,Machine-op-inspct,Own-child,White,Male,0,0,40,United-States,<=50K
47,Private,184402,HS-grad,9,Divorced,Other-service,Not-in-family,White,Male,0,0,32,United-States,<=50K
22,Private,180052,Some-college,10,Never-married,Farming-fishing,Own-child,White,Male,0,0,10,United-States,<=50K
58,Self-emp-inc,181974,Doctorate,16,Never-married,Prof-specialty,Not-in-family,White,Female,0,0,99,,<=50K
62,Private,232308,Bachelors,13,Married-civ-spouse,Exec-managerial,Husband,White,Male,0,0,40,United-States,>50K
23,Private,120172,Bachelors,13,Never-married,Exec-managerial,Not-in-family,White,Male,0,0,40,United-States,<=50K
47,Private,212120,Bachelors,13,Married-civ-spouse,Exec-managerial,Husband,White,Male,0,0,45,United-States,>50K
30,Private,167990,Prof-school,15,Married-civ-spouse,Prof-specialty,Husband,White,Male,0,0,60,United-States,>50K
31,Private,59083,Some-college,10,Married-civ-spouse,Other-service,Husband,White,Male,0,1672,50,United-States,<=50K
52,Private,90189,7th-8th,4,Divorced,Priv-house-serv,Own-child,Black,Female,0,0,16,United-States,<=50K
54,Self-emp-inc,96460,HS-grad,9,Married-civ-spouse,Exec-managerial,Husband,White,Male,7688,0,60,United-States,>50K
36,Private,206521,HS-grad,9,Never-married,Machine-op-inspct,Not-in-family,White,Male,0,0,40,United-States,<=50K
44,Private,192878,Bachelors,13,Married-civ-spouse,Machine-op-inspct,Husband,White,Male,0,0,40,United-States,>50K
28,Private,139903,Bachelors,13,Never-married,Machine-op-inspct,Unmarried,Black,Female,0,0,40,United-States,<=50K
20,,327462,10th,6,Divorced,,Not-in-family,White,Female,0,0,40,United-States,<=50K
36,Private,745768,Some-college,10,Never-married,Protective-serv,Unmarried,Black,Female,0,0,40,United-States,<=50K
27,Private,122038,HS-grad,9,Married-civ-spouse,Craft-repair,Husband,White,Male,0,0,48,United-States,<=50K
20,Private,117618,Some-college,10,Never-married,Exec-managerial,Own-child,White,Male,0,0,40,United-States,<=50K
22,,77873,9th,5,Never-married,,Not-in-family,White,Male,0,0,30,United-States,<=50K
49,Private,199058,HS-grad,9,Married-civ-spouse,Adm-clerical,Husband,White,Male,0,0,38,United-States,<=50K
37,Private,82521,Bachelors,13,Married-civ-spouse,Exec-managerial,Husband,White,Male,15024,0,40,United-States,>50K
27,,173800,Masters,14,Never-married,,Unmarried,Asian-Pac-Islander,Male,0,0,20,Taiwan,<=50K
40,Local-gov,303212,Bachelors,13,Married-civ-spouse,Prof-specialty,Husband,White,Male,0,0,40,United-States,>50K
18,Private,25837,11th,7,Never-married,Prof-specialty,Own-child,White,Male,0,0,15,United-States,<=50K
53,Private,172991,Some-college,10,Married-civ-spouse,Sales,Husband,White,Male,0,0,25,United-States,<=50K
29,Private,356133,Some-college,10,Never-married,Prof-specialty,Other-relative,White,Female,0,0,40,United-States,<=50K
53,Private,208570,HS-grad,9,Married-civ-spouse,Sales,Wife,White,Female,0,0,26,United-States,<=50K
45,Self-emp-inc,151584,Prof-school,15,Married-civ-spouse,Prof-specialty,Husband,White,Male,0,0,35,United-States,>50K
26,Private,165673,HS-grad,9,Married-civ-spouse,Sales,Husband,White,Male,0,0,40,United-States,<=50K
36,Private,398931,Bachelors,13,Married-civ-spouse,Prof-specialty,Husband,White,Male,0,1485,50,United-States,>50K
76,Private,239880,HS-grad,9,Divorced,Adm-clerical,Not-in-family,White,Female,0,0,8,United-States,<=50K
55,Private,51008,HS-grad,9,Divorced,Adm-clerical,Unmarried,White,Female,0,0,40,United-States,<=50K
31,Private,243605,Bachelors,13,Widowed,Sales,Unmarried,White,Female,0,1380,40,Cuba,<=50K
53,Private,149217,HS-grad,9,Married-civ-spouse,Craft-repair,Husband,White,Male,0,0,40,Puerto-Rico,<=50K
29,Private,282944,Doctorate,16,Married-civ-spouse,Prof-specialty,Husband,White,Male,0,0,50,United-States,>50K
23,Private,60331,Some-college,10,Never-married,Craft-repair,Not-in-family,White,Male,0,0,40,United-States,<=50K
31,Private,252210,5th-6th,3,Never-married,Other-service,Own-child,White,Male,0,0,40,Mexico,<=50K
34,Private,81223,HS-grad,9,Divorced,Exec-managerial,Not-in-family,White,Female,0,0,48,United-States,<=50K
38,Local-gov,201410,Bachelors,13,Married-civ-spouse,Exec-managerial,Husband,White,Male,0,0,40,United-States,>50K
19,Private,144161,HS-grad,9,Never-married,Transport-moving,Own-child,White,Male,0,0,30,United-States,<=50K
40,Private,170108,Masters,14,Married-civ-spouse,Prof-specialty,Husband,White,Male,0,0,40,United-States,<=50K
24,Private,214542,11th,7,Never-married,Transport-moving,Own-child,White,Male,0,0,40,United-States,<=50K
48,Private,189462,Some-college,10,Married-civ-spouse,Craft-repair,Husband,White,Male,7688,0,40,United-States,>50K
56,Private,271795,11th,7,Divorced,Craft-repair,Not-in-family,White,Male,0,0,49,United-States,<=50K
23,Private,150463,HS-grad,9,Never-married,Priv-house-serv,Unmarried,Other,Female,0,0,40,Guatemala,<=50K
43,Self-emp-not-inc,187778,HS-grad,9,Married-civ-spouse,Craft-repair,Husband,White,Male,0,0,20,United-States,<=50K
53,Federal-gov,105788,Bachelors,13,Divorced,Exec-managerial,Unmarried,Black,Female,0,0,50,United-States,>50K
38,Private,34996,Some-college,10,Separated,Other-service,Unmarried,White,Female,0,0,40,United-States,<=50K
30,Private,262994,Some-college,10,Divorced,Craft-repair,Not-in-family,Black,Male,0,0,40,United-States,<=50K
38,Private,36989,Bachelors,13,Married-civ-spouse,Other-service,Husband,White,Male,3908,0,70,United-States,<=50K
35,Private,186110,HS-grad,9,Divorced,Transport-moving,Not-in-family,White,Male,0,0,45,United-States,<=50K
59,Private,191965,11th,7,Married-civ-spouse,Other-service,Wife,White,Female,3908,0,28,United-States,<=50K
19,Private,41400,HS-grad,9,Never-married,Handlers-cleaners,Own-child,White,Male,0,0,30,United-States,<=50K
40,Self-emp-inc,193524,Some-college,10,Married-civ-spouse,Farming-fishing,Husband,White,Male,0,0,40,United-States,>50K
20,Private,216436,Bachelors,13,Never-married,Sales,Other-relative,Black,Female,0,0,30,United-States,<=50K
21,,301853,Some-college,10,Never-married,,Own-child,White,Male,0,0,40,United-States,<=50K
48,Private,91251,7th-8th,4,Married-civ-spouse,Other-service,Husband,Asian-Pac-Islander,Male,0,0,30,China,<=50K
27,Private,165365,HS-grad,9,Married-civ-spouse,Machine-op-inspct,Husband,Asian-Pac-Islander,Male,2885,0,40,Laos,<=50K
38,Private,146178,HS-grad,9,Never-married,Craft-repair,Unmarried,Black,Female,0,0,40,United-States,<=50K
35,Self-emp-not-inc,112271,Bachelors,13,Married-civ-spouse,Exec-managerial,Husband,White,Male,0,0,50,United-States,>50K
52,Private,194580,5th-6th,3,Divorced,Farming-fishing,Unmarried,White,Male,0,0,40,United-States,<=50K
20,Private,138768,HS-grad,9,Never-married,Handlers-cleaners,Own-child,White,Male,0,0,40,United-States,<=50K
54,Local-gov,54377,Masters,14,Divorced,Prof-specialty,Not-in-family,White,Female,0,0,40,United-States,<=50K
35,Private,90273,7th-8th,4,Married-civ-spouse,Machine-op-inspct,Husband,White,Male,0,0,40,,>50K
30,Private,226665,Bachelors,13,Married-civ-spouse,Exec-managerial,Husband,Black,Male,0,0,42,United-States,>50K
20,Private,203263,12th,8,Never-married,Other-service,Own-child,White,Male,0,0,35,United-States,<=50K
31,Private,166343,HS-grad,9,Never-married,Machine-op-inspct,Own-child,Black,Male,0,0,50,,<=50K
71,Private,93202,HS-grad,9,Divorced,Other-service,Not-in-family,White,Female,0,0,16,United-States,<=50K
44,Self-emp-not-inc,274562,HS-grad,9,Never-married,Craft-repair,Not-in-family,White,Male,14344,0,40,United-States,>50K
55,Local-gov,98545,10th,6,Married-civ-spouse,Adm-clerical,Husband,White,Male,0,0,40,United-States,<=50K
21,,161930,HS-grad,9,Never-married,,Own-child,Black,Female,0,1504,30,United-States,<=50K
24,Private,249909,HS-grad,9,Married-civ-spouse,Handlers-cleaners,Husband,White,Male,0,0,50,United-States,<=50K
48,Private,148995,Masters,14,Married-civ-spouse,Exec-managerial,Husband,White,Male,0,0,40,United-States,>50K
32,Private,255424,Bachelors,13,Married-civ-spouse,Sales,Husband,White,Male,0,0,60,United-States,>50K
53,Private,126977,HS-grad,9,Separated,Craft-repair,Not-in-family,White,Male,0,0,35,United-States,<=50K
33,Private,111746,Assoc-acdm,12,Married-civ-spouse,Craft-repair,Husband,White,Male,0,0,45,Portugal,<=50K
46,Private,129007,Bachelors,13,Married-civ-spouse,Sales,Husband,White,Male,0,1977,40,United-States,>50K
47,Private,304857,Masters,14,Separated,Tech-support,Not-in-family,White,Male,27828,0,40,United-States,>50K
50,Private,176227,Bachelors,13,Married-civ-spouse,Exec-managerial,Husband,White,Male,0,0,40,,>50K
26,Private,171114,Assoc-voc,11,Separated,Adm-clerical,Unmarried,White,Female,0,0,35,United-States,<=50K
52,Private,202956,7th-8th,4,Married-civ-spouse,Craft-repair,Husband,White,Male,0,0,40,United-States,<=50K
18,Private,151866,Some-college,10,Never-married,Sales,Not-in-family,White,Female,0,0,20,United-States,<=50K
45,Private,102308,Masters,14,Married-civ-spouse,Exec-managerial,Husband,White,Male,15024,0,60,United-States,>50K
41,Self-emp-not-inc,186909,Masters,14,Married-civ-spouse,Sales,Wife,White,Female,0,1902,35,United-States,>50K
74,Self-emp-not-inc,119129,HS-grad,9,Married-civ-spouse,Sales,Husband,White,Male,0,2149,20,United-States,<=50K
55,Private,127014,HS-grad,9,Married-civ-spouse,Other-service,Husband,White,Male,0,0,60,United-States,<=50K
43,Self-emp-not-inc,187322,HS-grad,9,Divorced,Other-service,Unmarried,White,Male,0,0,45,United-States,<=50K
43,Private,269015,HS-grad,9,Married-civ-spouse,Machine-op-inspct,Husband,Black,Male,0,0,40,Germany,>50K
39,Private,191841,Assoc-acdm,12,Separated,Prof-specialty,Not-in-family,White,Female,0,0,30,United-States,<=50K
71,Private,162297,HS-grad,9,Widowed,Sales,Unmarried,White,Female,0,0,20,United-States,<=50K
45,Private,47314,Some-college,10,Married-civ-spouse,Craft-repair,Husband,White,Male,0,1902,40,,>50K
64,Self-emp-not-inc,65991,HS-grad,9,Married-civ-spouse,Farming-fishing,Husband,White,Male,7298,0,45,United-States,>50K
20,Private,100605,HS-grad,9,Never-married,Sales,Own-child,Other,Male,0,0,40,Puerto-Rico,<=50K
71,Local-gov,229110,HS-grad,9,Widowed,Exec-managerial,Other-relative,White,Female,0,0,33,United-States,<=50K
51,Private,194097,HS-grad,9,Married-civ-spouse,Protective-serv,Husband,White,Male,0,0,40,United-States,<=50K
25,Private,172581,Bachelors,13,Never-married,Prof-specialty,Not-in-family,White,Female,0,0,40,United-States,<=50K
35,Private,61518,HS-grad,9,Married-civ-spouse,Exec-managerial,Husband,White,Male,0,0,35,United-States,<=50K
21,Private,138768,Some-college,10,Never-married,Sales,Own-child,White,Male,0,0,40,United-States,<=50K
65,Self-emp-inc,208452,Some-college,10,Married-civ-spouse,Sales,Husband,White,Male,0,0,35,United-States,>50K
26,Private,97153,Assoc-acdm,12,Married-civ-spouse,Machine-op-inspct,Husband,White,Male,5178,0,40,United-States,>50K
45,Private,248993,HS-grad,9,Married-spouse-absent,Farming-fishing,Other-relative,Black,Male,0,0,40,United-States,<=50K
23,Private,109199,5th-6th,3,Married-civ-spouse,Handlers-cleaners,Husband,White,Male,0,0,40,Mexico,<=50K
41,State-gov,48997,HS-grad,9,Married-civ-spouse,Transport-moving,Husband,Black,Male,0,0,40,United-States,<=50K
19,,230874,Some-college,10,Never-married,,Own-child,White,Female,0,0,40,United-States,<=50K
32,Private,252257,Assoc-acdm,12,Never-married,Adm-clerical,Not-in-family,White,Female,0,0,45,United-States,<=50K
21,Private,108687,Some-college,10,Never-married,Sales,Own-child,White,Female,0,0,40,United-States,<=50K
20,Private,117767,Some-college,10,Never-married,Handlers-cleaners,Own-child,White,Male,0,0,40,United-States,<=50K
35,Private,474136,HS-grad,9,Never-married,Craft-repair,Not-in-family,White,Male,0,1408,40,United-States,<=50K
52,Local-gov,175339,Bachelors,13,Married-civ-spouse,Protective-serv,Husband,White,Male,0,0,40,United-States,>50K
50,Self-emp-inc,175339,HS-grad,9,Married-civ-spouse,Craft-repair,Husband,White,Male,0,1672,60,United-States,<=50K
51,Private,138852,HS-grad,9,Married-civ-spouse,Craft-repair,Husband,White,Male,0,0,40,United-States,<=50K
26,Private,248612,Bachelors,13,Never-married,Prof-specialty,Own-child,White,Male,0,0,30,United-States,<=50K
36,State-gov,77146,Masters,14,Never-married,Prof-specialty,Not-in-family,White,Male,0,0,40,United-States,<=50K
27,Private,228472,Bachelors,13,Married-civ-spouse,Craft-repair,Husband,White,Male,0,0,45,United-States,>50K
78,Private,182977,HS-grad,9,Widowed,Other-service,Not-in-family,Black,Female,2964,0,40,United-States,<=50K
37,Private,174150,Masters,14,Married-civ-spouse,Exec-managerial,Husband,White,Male,0,0,40,United-States,>50K
44,Local-gov,145522,Masters,14,Never-married,Prof-specialty,Not-in-family,White,Female,0,0,40,United-States,<=50K
28,Self-emp-inc,201186,HS-grad,9,Married-civ-spouse,Sales,Husband,Black,Male,99999,0,40,United-States,>50K
55,Private,119751,Masters,14,Never-married,Prof-specialty,Other-relative,Asian-Pac-Islander,Female,0,0,40,Thailand,<=50K
23,Private,156513,HS-grad,9,Never-married,Handlers-cleaners,Own-child,Black,Male,0,0,40,United-States,<=50K
61,State-gov,199495,12th,8,Married-civ-spouse,Craft-repair,Husband,White,Male,0,0,40,United-States,<=50K
24,Private,86153,Some-college,10,Never-married,Adm-clerical,Not-in-family,White,Female,0,0,40,United-States,<=50K
34,Private,152453,12th,8,Married-civ-spouse,Craft-repair,Husband,White,Male,0,0,40,Guatemala,<=50K
53,State-gov,281590,HS-grad,9,Married-civ-spouse,Exec-managerial,Wife,White,Female,15024,0,40,United-States,>50K
30,Private,204374,Bachelors,13,Never-married,Sales,Not-in-family,White,Male,0,1741,48,United-States,<=50K
47,Private,344916,Assoc-acdm,12,Divorced,Transport-moving,Not-in-family,Black,Male,0,0,40,United-States,<=50K
41,Private,196344,1st-4th,2,Married-civ-spouse,Sales,Husband,White,Male,0,0,50,Mexico,<=50K
35,Private,176279,Some-college,10,Widowed,Adm-clerical,Unmarried,White,Female,0,0,30,United-States,<=50K
58,Self-emp-not-inc,33309,HS-grad,9,Widowed,Farming-fishing,Not-in-family,White,Male,0,0,80,United-States,<=50K
51,Private,125796,11th,7,Separated,Other-service,Not-in-family,Black,Female,0,0,40,Jamaica,<=50K
50,Private,421561,Some-college,10,Divorced,Exec-managerial,Not-in-family,White,Male,0,0,40,United-States,<=50K
41,Private,138907,HS-grad,9,Divorced,Priv-house-serv,Other-relative,Black,Female,0,0,40,United-States,<=50K
33,Private,129707,Bachelors,13,Never-married,Adm-clerical,Not-in-family,White,Male,0,0,60,United-States,>50K
36,Private,187098,HS-grad,9,Divorced,Adm-clerical,Unmarried,White,Female,0,0,40,United-States,<=50K
31,Private,20511,Bachelors,13,Never-married,Other-service,Not-in-family,White,Female,0,0,25,United-States,<=50K
52,Private,196894,11th,7,Separated,Handlers-cleaners,Unmarried,White,Male,0,0,40,United-States,<=50K
57,Federal-gov,310320,Bachelors,13,Married-civ-spouse,Tech-support,Husband,White,Male,0,0,48,United-States,>50K
20,Private,411862,Assoc-voc,11,Never-married,Other-service,Not-in-family,White,Male,0,0,30,United-States,<=50K
18,Private,148952,Some-college,10,Never-married,Other-service,Own-child,White,Female,0,0,24,United-States,<=50K
42,Private,220776,HS-grad,9,Separated,Handlers-cleaners,Unmarried,White,Male,0,0,40,Poland,<=50K
32,State-gov,542265,HS-grad,9,Never-married,Adm-clerical,Not-in-family,White,Female,0,0,40,United-States,<=50K
30,Private,255486,HS-grad,9,Married-civ-spouse,Other-service,Husband,Black,Male,0,0,25,United-States,<=50K
17,Private,93235,12th,8,Never-married,Other-service,Own-child,White,Female,0,1721,25,United-States,<=50K
44,Self-emp-inc,118212,Bachelors,13,Married-civ-spouse,Exec-managerial,Husband,White,Male,99999,0,70,United-States,>50K
40,Private,124520,Assoc-voc,11,Divorced,Craft-repair,Unmarried,White,Male,0,0,50,United-States,>50K
70,Private,187292,Bachelors,13,Married-civ-spouse,Handlers-cleaners,Husband,White,Male,6418,0,40,United-States,>50K
26,Self-emp-inc,366662,HS-grad,9,Never-married,Sales,Own-child,White,Male,0,0,50,United-States,<=50K
23,,381741,Assoc-acdm,12,Never-married,,Own-child,White,Male,0,1721,20,United-States,<=50K
27,Private,145784,Some-college,10,Married-civ-spouse,Adm-clerical,Wife,Amer-Indian-Eskimo,Female,0,0,45,United-States,<=50K
24,Private,132327,Some-college,10,Married-spouse-absent,Sales,Unmarried,Other,Female,0,0,30,Ecuador,<=50K
57,Federal-gov,62020,Prof-school,15,Divorced,Exec-managerial,Not-in-family,Black,Male,0,0,55,United-States,>50K
50,Private,55527,Assoc-acdm,12,Divorced,Craft-repair,Not-in-family,Black,Male,0,0,45,United-States,<=50K
51,Local-gov,110965,Masters,14,Never-married,Prof-specialty,Own-child,White,Male,0,0,40,United-States,<=50K
30,Self-emp-not-inc,176185,Assoc-acdm,12,Married-civ-spouse,Sales,Husband,White,Male,0,0,60,Iran,<=50K
24,Private,174461,Some-college,10,Never-married,Exec-managerial,Own-child,White,Female,0,0,45,United-States,<=50K
23,Private,260617,10th,6,Never-married,Craft-repair,Not-in-family,White,Male,0,0,40,United-States,<=50K
42,State-gov,455553,HS-grad,9,Never-married,Adm-clerical,Unmarried,Black,Female,0,0,40,United-States,<=50K
33,Private,111363,Bachelors,13,Married-civ-spouse,Exec-managerial,Husband,White,Male,0,0,40,United-States,>50K
22,,335453,Some-college,10,Never-married,,Own-child,White,Female,0,0,16,United-States,<=50K
61,Private,231183,HS-grad,9,Widowed,Exec-managerial,Not-in-family,White,Female,0,0,40,United-States,<=50K
58,Private,259014,Some-college,10,Never-married,Transport-moving,Not-in-family,White,Male,0,0,20,United-States,<=50K
39,Private,80638,Some-college,10,Married-civ-spouse,Other-service,Husband,Asian-Pac-Islander,Male,0,0,84,United-States,>50K
42,Private,201723,HS-grad,9,Divorced,Adm-clerical,Unmarried,White,Male,0,0,40,United-States,<=50K
24,Private,229773,Bachelors,13,Never-married,Exec-managerial,Not-in-family,White,Male,0,0,40,United-States,<=50K
35,,374716,9th,5,Married-civ-spouse,,Wife,White,Female,0,0,35,United-States,<=50K
47,Local-gov,148576,Prof-school,15,Married-civ-spouse,Prof-specialty,Husband,White,Male,0,0,35,United-States,<=50K
42,Private,183241,Masters,14,Married-civ-spouse,Prof-specialty,Wife,White,Female,0,0,45,United-States,>50K
19,Private,206599,Some-college,10,Never-married,Adm-clerical,Own-child,White,Female,0,0,16,United-States,<=50K
61,Private,153048,HS-grad,9,Widowed,Sales,Not-in-family,White,Female,0,0,35,United-States,<=50K
49,State-gov,423222,Masters,14,Married-civ-spouse,Sales,Husband,White,Male,99999,0,80,United-States,>50K
32,Private,152940,Some-college,10,Married-civ-spouse,Sales,Husband,White,Male,0,0,40,United-States,>50K
28,Private,177119,Masters,14,Never-married,Exec-managerial,Not-in-family,White,Female,0,0,80,,<=50K
57,State-gov,399246,Bachelors,13,Married-civ-spouse,Adm-clerical,Husband,Asian-Pac-Islander,Male,0,1485,40,China,<=50K
59,,145574,Assoc-acdm,12,Married-civ-spouse,,Husband,White,Male,0,0,35,United-States,>50K
62,Self-emp-not-inc,192236,Bachelors,13,Divorced,Prof-specialty,Not-in-family,White,Female,0,0,40,United-States,>50K
55,Private,158702,Some-college,10,Never-married,Adm-clerical,Not-in-family,Black,Female,0,2339,45,,<=50K
56,Private,279340,11th,7,Separated,Other-service,Not-in-family,Black,Female,0,0,40,United-States,<=50K
57,Self-emp-not-inc,84231,Some-college,10,Married-civ-spouse,Other-service,Husband,White,Male,0,0,48,United-States,<=50K
32,Private,330715,Some-college,10,Married-civ-spouse,Craft-repair,Husband,White,Male,0,0,40,United-States,<=50K
24,Private,172146,9th,5,Never-married,Machine-op-inspct,Not-in-family,White,Male,0,1721,40,United-States,<=50K
27,Private,203776,HS-grad,9,Married-civ-spouse,Craft-repair,Husband,White,Male,0,0,50,United-States,<=50K
37,Private,164526,Bachelors,13,Married-civ-spouse,Prof-specialty,Husband,White,Male,0,0,40,United-States,<=50K
31,Private,154297,HS-grad,9,Never-married,Sales,Unmarried,Black,Female,0,0,24,United-States,<=50K
52,Local-gov,152795,Some-college,10,Married-civ-spouse,Craft-repair,Husband,White,Male,0,0,40,United-States,<=50K
60,Private,143932,HS-grad,9,Married-civ-spouse,Craft-repair,Husband,White,Male,0,0,40,United-States,<=50K
18,Private,183824,12th,8,Never-married,Other-service,Own-child,White,Male,0,0,30,United-States,<=50K
24,Private,116968,Bachelors,13,Never-married,Exec-managerial,Not-in-family,White,Male,0,0,45,United-States,<=50K
41,Self-emp-not-inc,126094,HS-grad,9,Married-civ-spouse,Exec-managerial,Husband,White,Male,0,0,38,United-States,<=50K
56,Private,158752,Masters,14,Married-civ-spouse,Exec-managerial,Wife,White,Female,0,0,50,United-States,<=50K
22,Private,332194,Some-college,10,Never-married,Other-service,Own-child,Black,Male,0,0,40,United-States,<=50K
67,Private,174603,HS-grad,9,Never-married,Exec-managerial,Not-in-family,White,Female,0,0,35,United-States,<=50K
18,Private,126125,HS-grad,9,Never-married,Other-service,Own-child,White,Male,0,0,20,United-States,<=50K
37,Private,305597,HS-grad,9,Divorced,Craft-repair,Not-in-family,White,Male,0,0,40,United-States,<=50K
33,State-gov,121245,Bachelors,13,Married-civ-spouse,Prof-specialty,Husband,White,Male,0,0,60,United-States,>50K
22,Private,83315,HS-grad,9,Never-married,Adm-clerical,Unmarried,White,Male,0,0,40,United-States,<=50K
20,Private,180052,Some-college,10,Never-married,Sales,Own-child,White,Male,0,0,20,United-States,<=50K
24,Private,291407,HS-grad,9,Married-civ-spouse,Transport-moving,Husband,Black,Male,0,0,40,United-States,<=50K
21,Private,240063,Some-college,10,Never-married,Handlers-cleaners,Own-child,White,Male,0,0,25,United-States,<=50K
44,Private,192878,HS-grad,9,Divorced,Prof-specialty,Not-in-family,White,Male,0,0,40,United-States,<=50K
43,Private,178417,Bachelors,13,Divorced,Prof-specialty,Not-in-family,White,Male,0,0,40,United-States,<=50K
27,Private,204098,10th,6,Never-married,Craft-repair,Not-in-family,White,Male,0,0,30,United-States,<=50K
21,Private,38772,Some-college,10,Never-married,Sales,Own-child,White,Male,0,0,20,United-States,<=50K
49,Private,265295,HS-grad,9,Never-married,Craft-repair,Not-in-family,White,Male,0,0,40,United-States,<=50K
34,,190027,HS-grad,9,Never-married,,Unmarried,Black,Female,0,0,40,United-States,<=50K
42,Private,201785,Masters,14,Married-civ-spouse,Sales,Husband,White,Male,0,0,50,United-States,>50K
28,Private,156257,Some-college,10,Married-civ-spouse,Craft-repair,Husband,White,Male,0,0,60,United-States,>50K
39,Private,327435,Bachelors,13,Married-civ-spouse,Prof-specialty,Wife,White,Female,0,0,36,United-States,>50K
51,Private,104651,Bachelors,13,Married-civ-spouse,Craft-repair,Husband,White,Male,0,0,50,United-States,<=50K
36,Private,206253,Some-college,10,Never-married,Other-service,Not-in-family,White,Female,0,1617,40,United-States,<=50K
27,Private,211032,Preschool,1,Married-civ-spouse,Farming-fishing,Other-relative,White,Male,41310,0,24,Mexico,<=50K
23,Private,273206,Bachelors,13,Never-married,Adm-clerical,Not-in-family,White,Female,0,0,23,United-States,<=50K
45,State-gov,320818,Some-college,10,Married-spouse-absent,Other-service,Other-relative,Black,Male,0,0,40,Haiti,<=50K
28,Private,185127,Some-college,10,Never-married,Sales,Not-in-family,White,Male,0,0,40,United-States,<=50K
42,Private,143342,Some-college,10,Divorced,Machine-op-inspct,Not-in-family,White,Female,0,0,40,United-States,<=50K
56,Private,128764,7th-8th,4,Widowed,Transport-moving,Not-in-family,White,Male,0,0,20,United-States,<=50K
18,Private,32244,11th,7,Never-married,Handlers-cleaners,Own-child,White,Male,594,0,30,United-States,<=50K
36,Self-emp-not-inc,241998,Some-college,10,Married-civ-spouse,Sales,Husband,White,Male,99999,0,20,United-States,>50K
32,Private,97429,Bachelors,13,Divorced,Exec-managerial,Unmarried,White,Female,0,0,40,Canada,<=50K
44,Private,173382,Assoc-acdm,12,Divorced,Tech-support,Unmarried,White,Female,0,0,40,United-States,<=50K
49,Self-emp-inc,306289,HS-grad,9,Married-civ-spouse,Exec-managerial,Husband,White,Male,0,0,40,United-States,>50K
53,Private,96827,Bachelors,13,Never-married,Other-service,Not-in-family,White,Male,0,0,40,Canada,<=50K
20,Private,162688,Assoc-voc,11,Never-married,Other-service,Own-child,White,Male,0,0,40,United-States,<=50K
25,Private,250038,Masters,14,Married-civ-spouse,Machine-op-inspct,Not-in-family,White,Male,0,0,40,Mexico,<=50K
21,State-gov,39236,Some-college,10,Never-married,Prof-specialty,Not-in-family,White,Female,0,0,8,United-States,<=50K
57,Federal-gov,197875,HS-grad,9,Divorced,Adm-clerical,Not-in-family,White,Female,0,0,40,United-States,<=50K
31,Self-emp-inc,236415,Some-college,10,Married-civ-spouse,Adm-clerical,Wife,White,Female,0,0,20,United-States,>50K
50,Private,182360,HS-grad,9,Separated,Prof-specialty,Unmarried,Other,Female,0,0,60,Puerto-Rico,<=50K
32,State-gov,513416,Masters,14,Never-married,Prof-specialty,Not-in-family,White,Male,0,0,10,United-States,<=50K
30,Private,349148,Bachelors,13,Never-married,Prof-specialty,Not-in-family,White,Male,0,0,70,United-States,<=50K
45,Private,50163,HS-grad,9,Divorced,Other-service,Not-in-family,White,Female,0,0,30,United-States,<=50K
34,Private,203034,Bachelors,13,Separated,Sales,Not-in-family,White,Male,0,2824,50,United-States,>50K
23,Private,217961,Some-college,10,Never-married,Handlers-cleaners,Own-child,White,Male,0,0,15,United-States,<=50K
23,Private,109307,Assoc-voc,11,Never-married,Exec-managerial,Own-child,White,Male,0,0,40,United-States,<=50K
28,Private,64940,Some-college,10,Never-married,Other-service,Own-child,White,Female,0,0,30,United-States,<=50K
56,Private,131608,Some-college,10,Married-civ-spouse,Sales,Husband,White,Male,0,0,40,United-States,>50K
20,Private,219835,Some-college,10,Never-married,Handlers-cleaners,Not-in-family,White,Male,0,0,30,United-States,<=50K
47,Private,161950,HS-grad,9,Divorced,Other-service,Unmarried,White,Female,0,0,32,United-States,<=50K
20,Private,196745,Some-college,10,Never-married,Other-service,Own-child,White,Female,0,0,16,United-States,<=50K
20,Private,337639,Some-college,10,Never-married,Sales,Own-child,White,Male,0,0,40,United-States,<=50K
51,Private,306108,Doctorate,16,Never-married,Prof-specialty,Not-in-family,White,Male,0,0,40,United-States,>50K
40,Local-gov,42703,Some-college,10,Married-civ-spouse,Adm-clerical,Wife,White,Female,0,0,40,United-States,>50K
17,Private,721712,10th,6,Never-married,Other-service,Own-child,White,Male,0,0,15,United-States,<=50K
32,Private,98656,Masters,14,Never-married,Exec-managerial,Not-in-family,White,Female,0,0,40,United-States,<=50K
35,Self-emp-not-inc,225399,HS-grad,9,Never-married,Machine-op-inspct,Own-child,White,Male,8614,0,40,United-States,>50K
41,State-gov,518030,Bachelors,13,Never-married,Protective-serv,Not-in-family,Black,Male,0,1590,40,Puerto-Rico,<=50K
28,Local-gov,180271,Bachelors,13,Married-civ-spouse,Handlers-cleaners,Husband,White,Male,0,0,65,United-States,>50K
50,Private,193884,7th-8th,4,Married-civ-spouse,Craft-repair,Husband,White,Male,0,0,40,Ecuador,<=50K
34,Private,198091,HS-grad,9,Married-civ-spouse,Craft-repair,Husband,White,Male,0,0,72,United-States,<=50K
53,Private,200190,Some-college,10,Divorced,Craft-repair,Not-in-family,White,Male,0,0,40,United-States,>50K
36,Local-gov,282602,Assoc-voc,11,Separated,Adm-clerical,Own-child,Black,Female,0,0,40,United-States,<=50K
29,Private,211299,Assoc-voc,11,Never-married,Sales,Not-in-family,Black,Male,0,0,45,United-States,<=50K
18,Private,57413,Some-college,10,Divorced,Other-service,Own-child,White,Male,0,0,15,United-States,<=50K
42,,109912,Assoc-acdm,12,Never-married,,Other-relative,White,Female,0,0,40,United-States,<=50K
23,Private,378546,Some-college,10,Never-married,Craft-repair,Own-child,White,Male,0,0,40,United-States,<=50K
48,Private,102359,Bachelors,13,Married-civ-spouse,Exec-managerial,Husband,White,Male,7298,0,60,United-States,>50K
21,Private,113163,Some-college,10,Never-married,Adm-clerical,Own-child,White,Male,0,0,50,United-States,<=50K
19,Private,459248,HS-grad,9,Never-married,Handlers-cleaners,Not-in-family,White,Male,0,0,30,United-States,<=50K
53,Private,150726,Some-college,10,Divorced,Adm-clerical,Not-in-family,White,Female,0,0,40,United-States,<=50K
17,Private,340557,11th,7,Never-married,Other-service,Own-child,White,Male,0,0,25,United-States,<=50K
37,Private,361888,Bachelors,13,Never-married,Prof-specialty,Not-in-family,White,Male,10520,0,40,United-States,>50K
77,Private,142646,7th-8th,4,Widowed,Priv-house-serv,Unmarried,White,Female,0,0,23,United-States,<=50K
59,Private,50223,HS-grad,9,Married-civ-spouse,Craft-repair,Husband,White,Male,0,0,40,United-States,<=50K
32,Self-emp-not-inc,116508,Some-college,10,Married-civ-spouse,Farming-fishing,Husband,White,Male,0,0,50,United-States,>50K
33,Local-gov,190027,Some-college,10,Never-married,Adm-clerical,Unmarried,Black,Female,0,0,18,United-States,<=50K
47,Private,26994,Some-college,10,Divorced,Adm-clerical,Not-in-family,White,Female,0,0,35,United-States,<=50K
29,Private,199499,Assoc-voc,11,Never-married,Other-service,Not-in-family,Black,Male,0,0,40,United-States,<=50K
51,Federal-gov,40808,Bachelors,13,Never-married,Prof-specialty,Not-in-family,Amer-Indian-Eskimo,Female,0,0,43,United-States,<=50K
33,Private,119409,HS-grad,9,Married-civ-spouse,Machine-op-inspct,Wife,Other,Female,0,0,40,Columbia,<=50K
35,Self-emp-not-inc,128876,7th-8th,4,Married-civ-spouse,Farming-fishing,Husband,White,Male,0,0,40,United-States,<=50K
22,State-gov,347803,Some-college,10,Never-married,Adm-clerical,Not-in-family,Other,Male,0,0,20,United-States,<=50K
38,Private,364782,HS-grad,9,Married-civ-spouse,Craft-repair,Husband,White,Male,0,0,40,United-States,>50K
67,Self-emp-inc,73559,HS-grad,9,Married-civ-spouse,Exec-managerial,Husband,White,Male,9386,0,50,United-States,>50K
53,Private,291755,Assoc-voc,11,Married-civ-spouse,Craft-repair,Husband,White,Male,0,0,40,United-States,<=50K
31,State-gov,93589,HS-grad,9,Divorced,Protective-serv,Own-child,Other,Male,0,0,40,United-States,<=50K
22,Private,205839,Some-college,10,Never-married,Other-service,Not-in-family,White,Male,0,0,45,United-States,<=50K
53,Self-emp-not-inc,240138,HS-grad,9,Married-civ-spouse,Craft-repair,Husband,White,Male,0,0,60,United-States,<=50K
19,Private,146679,Some-college,10,Never-married,Exec-managerial,Own-child,Black,Male,0,0,30,United-States,<=50K
20,Private,238685,Some-college,10,Never-married,Sales,Not-in-family,White,Female,0,0,30,United-States,<=50K
58,Private,234213,HS-grad,9,Divorced,Craft-repair,Not-in-family,White,Male,14344,0,48,United-States,>50K
46,Private,160061,Some-college,10,Married-civ-spouse,Machine-op-inspct,Husband,Black,Male,0,0,40,United-States,<=50K
43,Private,413297,HS-grad,9,Married-civ-spouse,Craft-repair,Husband,White,Male,0,0,45,United-States,<=50K
28,Private,115464,HS-grad,9,Never-married,Other-service,Own-child,Black,Female,0,0,40,United-States,<=50K
48,Local-gov,334409,Bachelors,13,Married-civ-spouse,Prof-specialty,Wife,White,Female,0,0,50,United-States,>50K
29,Local-gov,188278,Some-college,10,Married-civ-spouse,Prof-specialty,Husband,White,Male,0,0,40,United-States,<=50K
44,Private,249332,HS-grad,9,Married-civ-spouse,Transport-moving,Husband,White,Male,0,0,40,Ecuador,<=50K
33,Private,170769,HS-grad,9,Married-civ-spouse,Craft-repair,Husband,White,Male,0,0,40,United-States,<=50K
25,Local-gov,334133,Masters,14,Never-married,Prof-specialty,Own-child,White,Male,0,0,20,United-States,<=50K
56,Private,108276,Bachelors,13,Widowed,Other-service,Not-in-family,White,Female,0,0,40,United-States,<=50K
51,Private,339905,HS-grad,9,Married-civ-spouse,Sales,Husband,White,Male,7688,0,40,United-States,>50K
66,,186030,7th-8th,4,Married-civ-spouse,,Husband,White,Male,0,0,32,United-States,<=50K
22,Private,285775,Assoc-voc,11,Never-married,Craft-repair,Own-child,White,Male,0,0,40,United-States,<=50K
40,Private,201495,11th,7,Never-married,Transport-moving,Own-child,White,Male,0,0,35,United-States,<=50K
41,Local-gov,26669,Some-college,10,Divorced,Exec-managerial,Not-in-family,White,Female,0,0,40,United-States,<=50K
33,Private,149184,Prof-school,15,Married-civ-spouse,Prof-specialty,Husband,White,Male,0,1977,50,United-States,>50K
47,Private,343742,HS-grad,9,Separated,Craft-repair,Unmarried,Black,Male,0,0,40,United-States,<=50K
62,Private,122033,HS-grad,9,Widowed,Adm-clerical,Not-in-family,White,Female,0,0,38,United-States,<=50K
46,Private,157991,Assoc-voc,11,Divorced,Tech-support,Unmarried,Black,Female,0,625,40,United-States,<=50K
43,Private,154374,Some-college,10,Married-civ-spouse,Craft-repair,Husband,White,Male,15024,0,60,United-States,>50K
45,Self-emp-not-inc,239093,Some-college,10,Married-civ-spouse,Exec-managerial,Husband,Amer-Indian-Eskimo,Male,3137,0,40,United-States,<=50K
90,Private,87285,HS-grad,9,Never-married,Other-service,Own-child,White,Female,0,0,24,United-States,<=50K
47,Federal-gov,380127,HS-grad,9,Never-married,Exec-managerial,Not-in-family,White,Female,0,0,40,United-States,<=50K
37,Private,538443,HS-grad,9,Divorced,Craft-repair,Not-in-family,White,Male,14344,0,40,United-States,>50K
23,Private,309580,Masters,14,Never-married,Prof-specialty,Not-in-family,White,Male,0,0,40,United-States,<=50K
23,Private,399022,HS-grad,9,Never-married,Other-service,Own-child,White,Male,0,0,35,United-States,<=50K
21,Private,32950,Some-college,10,Never-married,Sales,Unmarried,White,Male,0,0,40,United-States,<=50K
35,Private,207066,Bachelors,13,Never-married,Sales,Not-in-family,White,Male,10520,0,45,United-States,>50K
56,Private,105363,Bachelors,13,Married-civ-spouse,Exec-managerial,Husband,White,Male,4508,0,40,United-States,<=50K
38,Federal-gov,161463,Some-college,10,Married-civ-spouse,Other-service,Husband,Black,Male,0,0,40,United-States,<=50K
29,Self-emp-inc,31778,HS-grad,9,Separated,Prof-specialty,Other-relative,White,Male,0,0,25,United-States,<=50K
65,Private,261334,9th,5,Widowed,Sales,Not-in-family,White,Female,0,0,40,United-States,<=50K
39,Self-emp-not-inc,148443,HS-grad,9,Married-civ-spouse,Farming-fishing,Husband,White,Male,0,0,60,United-States,<=50K
21,Private,194723,Some-college,10,Never-married,Adm-clerical,Other-relative,White,Female,0,0,40,Mexico,<=50K
20,Private,197997,Some-college,10,Never-married,Prof-specialty,Own-child,White,Male,0,0,40,United-States,<=50K
43,Private,244172,HS-grad,9,Separated,Transport-moving,Unmarried,White,Male,0,0,40,Mexico,<=50K
24,Private,424034,HS-grad,9,Never-married,Exec-managerial,Unmarried,White,Male,0,0,40,United-States,<=50K
26,State-gov,177035,11th,7,Divorced,Other-service,Unmarried,White,Female,0,0,40,United-States,<=50K
46,Private,174995,HS-grad,9,Divorced,Adm-clerical,Unmarried,White,Female,0,0,45,United-States,<=50K
49,Private,204629,Bachelors,13,Married-civ-spouse,Exec-managerial,Husband,White,Male,0,0,40,United-States,>50K
37,Self-emp-not-inc,205359,Some-college,10,Married-civ-spouse,Exec-managerial,Wife,White,Female,0,0,15,United-States,<=50K
30,Private,267161,Some-college,10,Married-civ-spouse,Tech-support,Wife,Black,Female,0,0,45,United-States,<=50K
31,Private,208881,Some-college,10,Married-civ-spouse,Craft-repair,Husband,White,Male,0,0,40,United-States,<=50K
50,Private,180522,Some-college,10,Never-married,Handlers-cleaners,Not-in-family,White,Male,0,0,38,United-States,<=50K
32,Private,117779,HS-grad,9,Never-married,Transport-moving,Own-child,White,Female,0,0,35,United-States,<=50K
62,Federal-gov,177295,HS-grad,9,Widowed,Adm-clerical,Unmarried,White,Female,0,0,40,United-States,<=50K
28,Private,142712,Bachelors,13,Never-married,Exec-managerial,Not-in-family,White,Male,0,0,50,United-States,>50K
23,Private,434467,Some-college,10,Married-civ-spouse,Tech-support,Husband,White,Male,0,0,42,United-States,<=50K
41,Private,306405,Some-college,10,Married-civ-spouse,Tech-support,Wife,White,Female,0,0,40,United-States,<=50K
28,Private,154571,Some-college,10,Married-civ-spouse,Exec-managerial,Husband,Asian-Pac-Islander,Male,0,0,40,Philippines,<=50K
46,Self-emp-not-inc,43348,Prof-school,15,Married-civ-spouse,Exec-managerial,Husband,White,Male,15024,0,55,United-States,>50K
23,Private,166371,Some-college,10,Never-married,Tech-support,Own-child,White,Male,0,0,60,United-States,<=50K
53,Federal-gov,39643,HS-grad,9,Widowed,Exec-managerial,Not-in-family,White,Female,0,0,58,United-States,<=50K
19,Private,188864,HS-grad,9,Never-married,Sales,Unmarried,Black,Female,0,0,20,United-States,<=50K
60,,366531,Assoc-voc,11,Widowed,,Not-in-family,White,Female,0,0,40,United-States,<=50K
26,Private,212793,HS-grad,9,Never-married,Machine-op-inspct,Not-in-family,White,Male,0,0,40,United-States,<=50K
45,Local-gov,331482,Assoc-acdm,12,Divorced,Tech-support,Own-child,White,Male,0,0,40,United-States,<=50K
47,Private,52795,Some-college,10,Married-civ-spouse,Machine-op-inspct,Husband,White,Male,0,0,46,United-States,<=50K
59,Private,214052,5th-6th,3,Divorced,Machine-op-inspct,Unmarried,White,Female,0,0,40,United-States,<=50K
19,Private,278870,Some-college,10,Never-married,Handlers-cleaners,Own-child,White,Male,0,0,16,United-States,<=50K
52,Private,174421,Assoc-acdm,12,Divorced,Prof-specialty,Unmarried,White,Female,0,0,32,United-States,<=50K
58,Self-emp-not-inc,141165,HS-grad,9,Married-civ-spouse,Farming-fishing,Husband,White,Male,0,0,50,United-States,<=50K
41,Local-gov,37848,HS-grad,9,Never-married,Other-service,Unmarried,White,Female,0,0,25,United-States,<=50K
38,Private,170174,10th,6,Married-civ-spouse,Machine-op-inspct,Husband,White,Male,0,0,40,United-States,>50K
37,Private,294292,Prof-school,15,Married-civ-spouse,Exec-managerial,Husband,White,Male,0,0,40,United-States,<=50K
61,Private,139391,Some-college,10,Never-married,Tech-support,Own-child,White,Male,0,0,16,United-States,<=50K
42,Federal-gov,91468,HS-grad,9,Divorced,Adm-clerical,Not-in-family,White,Female,0,0,40,United-States,<=50K
41,Self-emp-not-inc,97277,Assoc-voc,11,Divorced,Other-service,Unmarried,White,Female,0,0,10,United-States,<=50K
41,Private,173858,HS-grad,9,Married-civ-spouse,Other-service,Husband,Asian-Pac-Islander,Male,0,0,40,China,<=50K
36,Private,111545,HS-grad,9,Married-civ-spouse,Craft-repair,Husband,White,Male,0,0,70,United-States,<=50K
19,Private,217039,Some-college,10,Never-married,Adm-clerical,Own-child,White,Male,0,0,28,United-States,<=50K
23,Private,184665,HS-grad,9,Never-married,Adm-clerical,Not-in-family,White,Female,0,0,50,United-States,<=50K
24,Private,233856,HS-grad,9,Never-married,Machine-op-inspct,Other-relative,Black,Male,0,0,45,United-States,<=50K
25,Private,356344,Bachelors,13,Never-married,Adm-clerical,Own-child,White,Female,0,0,40,United-States,<=50K
46,Private,271828,HS-grad,9,Married-civ-spouse,Machine-op-inspct,Husband,White,Male,0,0,40,United-States,>50K
31,Private,156464,10th,6,Divorced,Other-service,Not-in-family,White,Male,0,0,40,United-States,<=50K
58,Private,109015,Some-college,10,Divorced,Adm-clerical,Unmarried,White,Female,0,0,40,United-States,<=50K
68,Private,168794,7th-8th,4,Married-civ-spouse,Other-service,Husband,White,Male,0,0,30,United-States,<=50K
52,Self-emp-inc,77392,HS-grad,9,Married-civ-spouse,Farming-fishing,Husband,White,Male,0,0,60,United-States,<=50K
27,Private,153869,HS-grad,9,Never-married,Handlers-cleaners,Own-child,White,Male,0,0,37,United-States,<=50K
49,Self-emp-inc,187563,Some-college,10,Married-civ-spouse,Transport-moving,Husband,White,Male,0,0,50,United-States,>50K
31,Private,244665,Some-college,10,Never-married,Exec-managerial,Not-in-family,White,Male,0,0,45,Honduras,<=50K
24,Private,233777,Some-college,10,Never-married,Sales,Unmarried,White,Male,0,0,50,Mexico,<=50K
21,State-gov,196827,Assoc-acdm,12,Never-married,Tech-support,Own-child,White,Male,0,0,10,United-States,<=50K
42,Private,137698,5th-6th,3,Married-spouse-absent,Farming-fishing,Not-in-family,White,Male,0,0,35,Mexico,<=50K
68,Private,217424,HS-grad,9,Married-civ-spouse,Protective-serv,Husband,White,Male,0,0,24,United-States,<=50K
33,Private,157747,9th,5,Divorced,Handlers-cleaners,Not-in-family,White,Male,0,0,70,United-States,<=50K
24,Private,215251,Bachelors,13,Never-married,Exec-managerial,Not-in-family,White,Female,0,0,50,United-States,<=50K
43,Self-emp-not-inc,101534,Some-college,10,Married-civ-spouse,Exec-managerial,Husband,White,Male,0,1902,15,United-States,>50K
46,Private,551962,HS-grad,9,Separated,Handlers-cleaners,Unmarried,White,Female,0,0,50,Peru,<=50K
29,Private,162312,Assoc-voc,11,Never-married,Machine-op-inspct,Not-in-family,Other,Male,0,0,40,United-States,<=50K
17,Private,110798,11th,7,Never-married,Sales,Own-child,White,Female,0,0,20,United-States,<=50K
30,Private,188403,Some-college,10,Never-married,Machine-op-inspct,Not-in-family,White,Male,0,0,40,United-States,<=50K
23,Private,140764,Assoc-voc,11,Never-married,Other-service,Own-child,White,Female,0,0,15,United-States,<=50K
52,Local-gov,153064,Some-college,10,Married-civ-spouse,Exec-managerial,Husband,White,Male,0,0,40,United-States,>50K
45,Self-emp-not-inc,149640,Prof-school,15,Never-married,Prof-specialty,Not-in-family,White,Male,0,0,30,United-States,>50K
40,Private,94080,Assoc-acdm,12,Married-civ-spouse,Exec-managerial,Husband,White,Male,0,0,40,United-States,>50K
54,Self-emp-not-inc,175804,Bachelors,13,Married-civ-spouse,Exec-managerial,Husband,White,Male,0,0,40,United-States,>50K
60,Private,163729,HS-grad,9,Divorced,Tech-support,Unmarried,White,Female,2597,0,40,United-States,<=50K
48,Private,34845,HS-grad,9,Divorced,Craft-repair,Other-relative,White,Male,0,0,40,United-States,<=50K
17,Private,126832,10th,6,Never-married,Other-service,Own-child,White,Male,0,0,30,United-States,<=50K
60,Private,83850,HS-grad,9,Married-civ-spouse,Sales,Husband,White,Male,0,0,40,United-States,<=50K
66,Self-emp-not-inc,291362,Prof-school,15,Married-civ-spouse,Prof-specialty,Husband,White,Male,0,0,50,United-States,<=50K
44,Private,33521,Some-college,10,Married-civ-spouse,Exec-managerial,Husband,White,Male,0,0,40,United-States,>50K
53,Local-gov,216691,Doctorate,16,Divorced,Prof-specialty,Not-in-family,White,Female,10520,0,40,United-States,>50K
30,Private,391114,HS-grad,9,Married-civ-spouse,Handlers-cleaners,Husband,White,Male,0,0,60,United-States,<=50K
49,Private,277946,Some-college,10,Married-civ-spouse,Exec-managerial,Husband,White,Male,0,0,50,United-States,>50K
24,Private,169129,Some-college,10,Never-married,Prof-specialty,Not-in-family,White,Male,0,0,40,United-States,<=50K
43,Private,149909,HS-grad,9,Married-civ-spouse,Craft-repair,Husband,White,Male,0,0,42,United-States,>50K
42,Local-gov,137232,HS-grad,9,Divorced,Protective-serv,Unmarried,White,Female,0,0,50,United-States,<=50K
40,Federal-gov,241895,HS-grad,9,Married-civ-spouse,Adm-clerical,Husband,White,Male,0,0,40,United-States,<=50K
53,Self-emp-not-inc,311020,10th,6,Married-civ-spouse,Farming-fishing,Husband,White,Male,0,0,60,United-States,<=50K
45,,98265,HS-grad,9,Divorced,,Not-in-family,White,Female,0,0,40,United-States,<=50K
61,,198542,Bachelors,13,Divorced,,Not-in-family,White,Female,0,0,40,United-States,<=50K
24,Private,464103,HS-grad,9,Never-married,Adm-clerical,Not-in-family,White,Male,0,0,50,United-States,<=50K
44,Private,43711,Assoc-acdm,12,Married-civ-spouse,Sales,Husband,White,Male,7688,0,40,United-States,>50K
49,Private,72393,9th,5,Divorced,Machine-op-inspct,Not-in-family,White,Female,0,0,40,United-States,<=50K
59,Private,230039,HS-grad,9,Never-married,Exec-managerial,Unmarried,White,Female,0,625,38,United-States,<=50K
31,,99483,HS-grad,9,Never-married,,Own-child,Amer-Indian-Eskimo,Male,0,0,40,United-States,<=50K
35,,139770,Assoc-voc,11,Married-civ-spouse,,Wife,White,Female,0,0,20,United-States,>50K
42,Private,132481,Assoc-acdm,12,Divorced,Prof-specialty,Not-in-family,White,Female,0,0,24,United-States,<=50K
38,Private,98360,Masters,14,Married-civ-spouse,Prof-specialty,Husband,White,Male,0,0,40,United-States,>50K
84,Self-emp-inc,172907,Some-college,10,Married-civ-spouse,Sales,Husband,White,Male,0,0,35,United-States,>50K
62,Private,155256,HS-grad,9,Married-civ-spouse,Exec-managerial,Husband,White,Male,0,0,45,United-States,>50K
38,Private,257416,9th,5,Married-civ-spouse,Transport-moving,Husband,Black,Male,0,0,40,United-States,<=50K
38,Self-emp-not-inc,29430,Some-college,10,Divorced,Machine-op-inspct,Unmarried,White,Male,0,0,40,United-States,<=50K
25,Private,336440,Some-college,10,Never-married,Other-service,Not-in-family,White,Male,0,0,40,United-States,<=50K
42,Federal-gov,153143,Some-college,10,Divorced,Adm-clerical,Other-relative,White,Female,0,0,40,Puerto-Rico,<=50K
28,Private,132686,Bachelors,13,Married-civ-spouse,Exec-managerial,Husband,White,Male,0,0,55,United-States,<=50K
41,Self-emp-not-inc,252986,Masters,14,Married-civ-spouse,Prof-specialty,Husband,White,Male,0,0,40,United-States,>50K
26,Private,44308,Bachelors,13,Never-married,Tech-support,Not-in-family,White,Male,0,0,40,United-States,<=50K
75,,111177,Bachelors,13,Widowed,,Not-in-family,White,Female,25124,0,16,United-States,>50K
34,Private,331126,HS-grad,9,Never-married,Other-service,Unmarried,Black,Male,0,0,30,United-States,<=50K
53,State-gov,151580,Assoc-voc,11,Married-civ-spouse,Prof-specialty,Husband,White,Male,4386,0,40,United-States,>50K
17,Private,151141,11th,7,Never-married,Handlers-cleaners,Own-child,White,Male,0,0,15,United-States,<=50K
59,Private,153484,Bachelors,13,Married-civ-spouse,Craft-repair,Husband,White,Male,15024,0,50,United-States,>50K
39,Private,160623,Assoc-acdm,12,Never-married,Craft-repair,Own-child,White,Male,0,0,40,United-States,<=50K
25,Private,316688,HS-grad,9,Never-married,Machine-op-inspct,Not-in-family,Black,Male,0,0,40,United-States,<=50K
68,Private,144137,Some-college,10,Divorced,Priv-house-serv,Other-relative,White,Female,0,0,30,United-States,<=50K
57,Private,173090,HS-grad,9,Widowed,Sales,Unmarried,White,Female,0,0,32,United-States,<=50K
25,Private,323229,Bachelors,13,Never-married,Adm-clerical,Not-in-family,White,Male,0,0,40,United-States,<=50K
46,Private,187226,9th,5,Divorced,Other-service,Not-in-family,White,Male,0,0,25,United-States,<=50K
31,Private,73514,HS-grad,9,Never-married,Sales,Own-child,Asian-Pac-Islander,Female,0,0,40,United-States,<=50K
32,Private,226883,HS-grad,9,Married-civ-spouse,Craft-repair,Husband,White,Male,0,0,40,Germany,<=50K
56,Federal-gov,155238,HS-grad,9,Married-civ-spouse,Adm-clerical,Husband,White,Male,0,0,40,United-States,>50K
22,,269221,Some-college,10,Never-married,,Own-child,White,Male,0,0,40,United-States,<=50K
38,Private,153976,HS-grad,9,Married-civ-spouse,Craft-repair,Husband,White,Male,0,0,40,United-States,<=50K
65,,123484,HS-grad,9,Widowed,,Other-relative,White,Female,0,0,25,United-States,<=50K
35,Private,163237,Bachelors,13,Married-civ-spouse,Sales,Husband,White,Male,0,0,52,United-States,>50K
32,Private,408328,7th-8th,4,Married-civ-spouse,Craft-repair,Husband,White,Male,0,0,40,United-States,<=50K
49,Private,102945,7th-8th,4,Widowed,Machine-op-inspct,Not-in-family,White,Female,0,0,40,United-States,<=50K
21,Private,56520,Some-college,10,Never-married,Adm-clerical,Own-child,White,Male,0,0,40,United-States,<=50K
23,Private,167424,Some-college,10,Never-married,Other-service,Own-child,White,Female,0,0,35,United-States,<=50K
45,Self-emp-inc,208802,Prof-school,15,Divorced,Prof-specialty,Unmarried,White,Male,25236,0,36,United-States,>50K
57,Self-emp-inc,123053,Prof-school,15,Married-civ-spouse,Prof-specialty,Husband,Asian-Pac-Islander,Male,15024,0,50,India,>50K
56,Local-gov,157525,Some-college,10,Divorced,Protective-serv,Not-in-family,Black,Male,0,0,48,United-States,<=50K
34,,317219,Some-college,10,Married-civ-spouse,,Wife,White,Female,0,0,20,United-States,>50K
24,Private,112706,Assoc-voc,11,Never-married,Tech-support,Own-child,White,Male,0,0,40,United-States,<=50K
22,,214238,7th-8th,4,Never-married,,Unmarried,White,Female,0,0,40,Mexico,<=50K
52,Private,74275,Some-college,10,Married-civ-spouse,Sales,Husband,White,Male,7298,0,45,United-States,>50K
35,Private,498216,Bachelors,13,Divorced,Exec-managerial,Unmarried,White,Female,0,0,40,United-States,<=50K
19,State-gov,135162,Some-college,10,Never-married,Adm-clerical,Own-child,White,Female,0,0,10,United-States,<=50K
57,,155259,Some-college,10,Divorced,,Not-in-family,White,Female,0,0,40,United-States,<=50K
43,Private,174575,Bachelors,13,Divorced,Exec-managerial,Not-in-family,White,Male,0,1564,45,United-States,>50K
44,Private,79864,Masters,14,Separated,Exec-managerial,Unmarried,White,Female,0,0,20,United-States,<=50K
45,Private,175262,9th,5,Married-civ-spouse,Handlers-cleaners,Husband,Asian-Pac-Islander,Male,0,0,40,India,<=50K
38,Private,208358,Assoc-voc,11,Married-civ-spouse,Sales,Husband,White,Male,0,0,40,United-States,<=50K
51,Self-emp-inc,195638,Some-college,10,Separated,Sales,Not-in-family,White,Female,0,0,40,United-States,<=50K
32,Local-gov,250585,Bachelors,13,Never-married,Prof-specialty,Not-in-family,White,Female,0,0,50,United-States,<=50K
57,Private,205708,Some-college,10,Married-civ-spouse,Craft-repair,Husband,White,Male,0,0,40,Poland,<=50K
60,Private,75726,HS-grad,9,Divorced,Exec-managerial,Not-in-family,White,Female,0,1092,40,United-States,<=50K
64,,178556,10th,6,Married-civ-spouse,,Husband,White,Male,0,0,56,United-States,>50K
47,Private,256866,HS-grad,9,Married-civ-spouse,Transport-moving,Husband,White,Male,0,0,48,United-States,<=50K
34,,353881,Assoc-voc,11,Married-civ-spouse,,Husband,White,Male,3103,0,60,United-States,>50K
17,Private,27032,10th,6,Never-married,Sales,Own-child,White,Female,0,0,12,United-States,<=50K
27,Private,171655,HS-grad,9,Never-married,Adm-clerical,Not-in-family,White,Female,0,0,42,United-States,<=50K
28,Private,478315,Bachelors,13,Never-married,Prof-specialty,Own-child,Black,Female,0,0,40,United-States,<=50K
41,Private,123403,HS-grad,9,Married-civ-spouse,Adm-clerical,Husband,White,Male,0,0,40,United-States,<=50K
36,Private,255454,HS-grad,9,Never-married,Craft-repair,Own-child,Black,Male,0,0,30,United-States,<=50K
24,Private,211129,Bachelors,13,Never-married,Sales,Own-child,White,Female,0,0,35,United-States,<=50K
49,Private,133917,Assoc-voc,11,Never-married,Sales,Other-relative,Black,Male,0,0,40,,<=50K
34,Private,195602,Assoc-acdm,12,Married-civ-spouse,Craft-repair,Husband,White,Male,0,0,44,United-States,<=50K
34,Private,30673,Masters,14,Married-civ-spouse,Prof-specialty,Husband,White,Male,0,0,55,United-States,<=50K
41,Private,77373,Some-college,10,Married-civ-spouse,Transport-moving,Husband,White,Male,0,1848,65,United-States,>50K
43,Private,252519,Bachelors,13,Married-civ-spouse,Handlers-cleaners,Husband,Black,Male,0,0,40,Haiti,>50K
43,Private,58447,Doctorate,16,Married-civ-spouse,Prof-specialty,Husband,White,Male,99999,0,55,United-States,>50K
33,Private,205950,HS-grad,9,Never-married,Other-service,Own-child,White,Male,0,0,40,United-States,<=50K
41,Private,202508,HS-grad,9,Married-civ-spouse,Machine-op-inspct,Husband,White,Male,0,0,48,United-States,<=50K
29,Private,118337,HS-grad,9,Married-civ-spouse,Transport-moving,Husband,White,Male,0,0,60,United-States,<=50K
46,Private,155890,Bachelors,13,Married-civ-spouse,Transport-moving,Husband,White,Male,0,0,40,United-States,>50K
63,Private,268965,12th,8,Widowed,Sales,Unmarried,White,Female,0,0,40,United-States,<=50K
30,Local-gov,327825,HS-grad,9,Divorced,Protective-serv,Own-child,White,Female,0,0,32,United-States,<=50K
49,Local-gov,52590,HS-grad,9,Widowed,Protective-serv,Not-in-family,Black,Male,0,0,40,United-States,<=50K
52,Private,150930,Assoc-voc,11,Married-civ-spouse,Craft-repair,Husband,White,Male,0,0,40,United-States,<=50K
31,Private,114937,Assoc-acdm,12,Married-civ-spouse,Adm-clerical,Husband,White,Male,0,0,40,United-States,>50K
53,Local-gov,103995,Bachelors,13,Divorced,Prof-specialty,Not-in-family,White,Female,0,1876,54,United-States,<=50K
21,Private,47541,HS-grad,9,Divorced,Machine-op-inspct,Other-relative,White,Male,0,0,40,United-States,<=50K
18,Private,210932,HS-grad,9,Never-married,Adm-clerical,Own-child,White,Female,0,0,40,United-States,<=50K
50,Private,166565,HS-grad,9,Married-civ-spouse,Transport-moving,Husband,White,Male,0,0,40,United-States,<=50K
50,Private,22211,Masters,14,Married-civ-spouse,Prof-specialty,Husband,White,Male,7688,0,50,United-States,>50K
80,Private,173488,Some-college,10,Widowed,Adm-clerical,Not-in-family,White,Female,0,0,20,United-States,<=50K
51,Private,171914,Bachelors,13,Married-civ-spouse,Prof-specialty,Husband,White,Male,0,0,50,United-States,>50K
41,State-gov,293485,Some-college,10,Married-civ-spouse,Adm-clerical,Wife,White,Female,3103,0,40,United-States,>50K
46,Private,193047,HS-grad,9,Married-civ-spouse,Exec-managerial,Husband,White,Male,0,0,40,United-States,>50K
21,Private,149809,HS-grad,9,Never-married,Farming-fishing,Own-child,White,Male,0,0,24,United-States,<=50K
68,Private,284763,11th,7,Divorced,Transport-moving,Not-in-family,White,Male,0,0,70,United-States,<=50K
43,Private,262038,5th-6th,3,Married-spouse-absent,Farming-fishing,Unmarried,White,Male,0,0,35,Mexico,<=50K
25,Private,130793,Some-college,10,Divorced,Other-service,Not-in-family,White,Male,0,0,30,United-States,<=50K
65,,192825,7th-8th,4,Married-civ-spouse,,Husband,White,Male,0,0,25,United-States,<=50K
53,Local-gov,228723,HS-grad,9,Divorced,Craft-repair,Not-in-family,Other,Male,0,0,40,,>50K
61,Self-emp-not-inc,140300,HS-grad,9,Never-married,Sales,Not-in-family,White,Female,0,0,44,United-States,<=50K
27,,130856,Bachelors,13,Never-married,,Not-in-family,White,Male,0,0,40,United-States,<=50K
51,Private,175339,Bachelors,13,Married-civ-spouse,Sales,Husband,White,Male,0,0,47,United-States,>50K
46,Private,224202,Some-college,10,Married-civ-spouse,Sales,Husband,White,Male,0,0,50,United-States,<=50K
17,Self-emp-inc,254859,11th,7,Never-married,Prof-specialty,Own-child,White,Male,0,0,20,United-States,<=50K
39,Private,110426,Assoc-acdm,12,Married-civ-spouse,Exec-managerial,Wife,White,Female,15024,0,45,United-States,>50K
40,Private,408229,1st-4th,2,Never-married,Other-service,Not-in-family,White,Male,0,0,45,El-Salvador,<=50K
35,Private,139086,HS-grad,9,Married-civ-spouse,Handlers-cleaners,Husband,White,Male,0,0,40,United-States,<=50K
44,Self-emp-not-inc,147206,Some-college,10,Never-married,Craft-repair,Own-child,White,Male,0,0,12,United-States,<=50K
45,Private,20534,Some-college,10,Separated,Craft-repair,Not-in-family,White,Male,0,0,41,United-States,<=50K
20,,298155,Some-college,10,Never-married,,Own-child,Black,Female,0,0,40,United-States,<=50K
39,Local-gov,352628,Assoc-acdm,12,Married-civ-spouse,Craft-repair,Wife,White,Female,0,0,50,United-States,>50K
47,Federal-gov,20956,Bachelors,13,Married-civ-spouse,Craft-repair,Husband,White,Male,0,1740,40,United-States,<=50K
37,Local-gov,34173,HS-grad,9,Married-civ-spouse,Other-service,Wife,White,Female,0,0,25,United-States,<=50K
35,Self-emp-not-inc,176101,HS-grad,9,Married-civ-spouse,Farming-fishing,Husband,White,Male,0,0,80,United-States,>50K
54,Private,185407,HS-grad,9,Married-civ-spouse,Craft-repair,Husband,White,Male,7688,0,40,United-States,>50K
21,Private,222490,Some-college,10,Never-married,Handlers-cleaners,Own-child,White,Female,0,0,40,United-States,<=50K
68,Private,144056,HS-grad,9,Married-civ-spouse,Adm-clerical,Husband,White,Male,3818,0,40,United-States,<=50K
22,Private,65704,HS-grad,9,Never-married,Sales,Own-child,White,Female,0,0,40,,<=50K
57,Local-gov,109973,HS-grad,9,Divorced,Other-service,Not-in-family,White,Female,0,0,40,United-States,<=50K
33,Local-gov,55921,Assoc-voc,11,Never-married,Protective-serv,Not-in-family,White,Male,0,0,70,United-States,<=50K
46,Private,201699,HS-grad,9,Married-civ-spouse,Craft-repair,Husband,White,Male,0,0,40,United-States,>50K
51,Federal-gov,45334,Some-college,10,Married-civ-spouse,Protective-serv,Husband,Asian-Pac-Islander,Male,0,0,70,,<=50K
22,Private,162667,HS-grad,9,Never-married,Handlers-cleaners,Own-child,White,Male,0,0,50,Portugal,<=50K
20,Private,221955,5th-6th,3,Married-spouse-absent,Farming-fishing,Other-relative,White,Male,0,0,40,Mexico,<=50K
30,Private,128016,Bachelors,13,Never-married,Exec-managerial,Not-in-family,White,Female,0,0,55,United-States,<=50K
90,Private,51744,HS-grad,9,Never-married,Other-service,Not-in-family,Black,Male,0,2206,40,United-States,<=50K
20,Private,26842,Some-college,10,Never-married,Machine-op-inspct,Not-in-family,White,Female,2176,0,40,United-States,<=50K
67,,192916,HS-grad,9,Married-civ-spouse,,Husband,White,Male,3818,0,11,United-States,<=50K
32,Self-emp-inc,195447,Bachelors,13,Married-civ-spouse,Sales,Husband,White,Male,0,0,45,United-States,<=50K
46,Self-emp-inc,120902,Bachelors,13,Married-civ-spouse,Exec-managerial,Husband,White,Male,3103,0,37,United-States,>50K
26,Private,350853,5th-6th,3,Never-married,Transport-moving,Not-in-family,White,Male,0,0,40,,<=50K
23,Private,199915,Bachelors,13,Never-married,Adm-clerical,Own-child,White,Female,0,0,35,United-States,<=50K
49,Self-emp-inc,102771,Bachelors,13,Married-civ-spouse,Sales,Husband,White,Male,0,0,52,United-States,>50K
20,Self-emp-not-inc,197207,HS-grad,9,Divorced,Sales,Not-in-family,White,Female,0,0,30,United-States,<=50K
20,Private,231231,Some-college,10,Never-married,Sales,Not-in-family,White,Male,0,0,30,United-States,<=50K
43,Local-gov,105896,Some-college,10,Divorced,Protective-serv,Unmarried,White,Female,0,0,40,United-States,<=50K
29,State-gov,240738,HS-grad,9,Married-civ-spouse,Craft-repair,Husband,White,Male,0,0,40,United-States,>50K
39,Federal-gov,129573,Some-college,10,Married-civ-spouse,Adm-clerical,Husband,White,Male,0,0,50,United-States,<=50K
34,Private,73585,Masters,14,Married-civ-spouse,Prof-specialty,Husband,White,Male,0,0,40,,<=50K
50,Federal-gov,159670,HS-grad,9,Married-civ-spouse,Adm-clerical,Husband,White,Male,0,0,40,United-States,>50K
44,Self-emp-inc,64632,Doctorate,16,Married-civ-spouse,Prof-specialty,Husband,White,Male,0,0,60,United-States,<=50K
36,Private,185203,HS-grad,9,Never-married,Sales,Not-in-family,White,Female,0,0,40,United-States,<=50K
51,Private,182187,Bachelors,13,Never-married,Prof-specialty,Not-in-family,Black,Male,0,0,35,United-States,<=50K
35,Private,172186,Some-college,10,Never-married,Craft-repair,Own-child,White,Male,0,0,40,United-States,<=50K
41,Private,425049,HS-grad,9,Married-civ-spouse,Transport-moving,Husband,White,Male,0,0,50,United-States,>50K
30,Local-gov,145692,Some-college,10,Never-married,Protective-serv,Not-in-family,Black,Male,0,1974,40,United-States,<=50K
29,Private,105422,HS-grad,9,Married-civ-spouse,Prof-specialty,Husband,White,Male,0,0,40,United-States,>50K
47,Private,159389,Assoc-acdm,12,Never-married,Adm-clerical,Not-in-family,White,Female,0,0,40,United-States,<=50K
59,Private,348430,Bachelors,13,Married-civ-spouse,Prof-specialty,Husband,White,Male,0,1902,43,United-States,>50K
38,Private,323269,Some-college,10,Married-civ-spouse,Other-service,Wife,Black,Female,0,0,40,United-States,<=50K
53,Private,49715,HS-grad,9,Divorced,Transport-moving,Unmarried,White,Male,0,0,40,United-States,<=50K
40,Private,228535,Assoc-acdm,12,Married-civ-spouse,Prof-specialty,Husband,White,Male,7298,0,36,United-States,>50K
52,Local-gov,43909,HS-grad,9,Divorced,Adm-clerical,Unmarried,Black,Female,0,0,40,United-States,<=50K
17,Private,154908,10th,6,Never-married,Other-service,Own-child,White,Female,0,0,10,United-States,<=50K
66,Private,101607,HS-grad,9,Divorced,Machine-op-inspct,Not-in-family,White,Male,0,0,10,United-States,<=50K
24,Self-emp-not-inc,186831,Some-college,10,Never-married,Exec-managerial,Not-in-family,Black,Male,0,0,45,United-States,<=50K
31,Private,185732,HS-grad,9,Never-married,Other-service,Own-child,White,Female,0,0,30,United-States,<=50K
42,Self-emp-not-inc,27661,Bachelors,13,Married-civ-spouse,Sales,Husband,White,Male,0,0,45,United-States,<=50K
57,Federal-gov,135028,HS-grad,9,Separated,Adm-clerical,Other-relative,Black,Female,0,0,35,United-States,<=50K
66,Local-gov,376506,Doctorate,16,Divorced,Prof-specialty,Not-in-family,White,Female,3273,0,40,United-States,<=50K
43,Private,152159,Bachelors,13,Married-civ-spouse,Machine-op-inspct,Husband,Black,Male,0,0,40,United-States,<=50K
33,Private,177675,Bachelors,13,Married-civ-spouse,Exec-managerial,Husband,White,Male,0,0,50,Germany,>50K
33,Self-emp-inc,132601,HS-grad,9,Married-civ-spouse,Craft-repair,Husband,White,Male,0,0,40,United-States,>50K
53,Private,123703,HS-grad,9,Divorced,Transport-moving,Not-in-family,White,Male,0,0,40,United-States,<=50K
19,Private,223669,Some-college,10,Never-married,Other-service,Own-child,White,Male,0,0,30,United-States,<=50K
19,Private,127190,HS-grad,9,Never-married,Other-service,Own-child,White,Female,0,0,15,United-States,<=50K
32,Private,207668,Bachelors,13,Never-married,Exec-managerial,Other-relative,White,Male,0,2444,50,United-States,>50K
34,Private,134737,Assoc-voc,11,Married-civ-spouse,Machine-op-inspct,Husband,White,Male,0,0,40,United-States,<=50K
47,Private,32509,Some-college,10,Divorced,Other-service,Unmarried,White,Female,0,0,40,United-States,<=50K
65,Self-emp-not-inc,22907,7th-8th,4,Married-civ-spouse,Farming-fishing,Husband,White,Male,0,0,40,United-States,<=50K
55,Private,229029,Bachelors,13,Married-civ-spouse,Exec-managerial,Husband,White,Male,15024,0,48,United-States,>50K
53,Private,104879,HS-grad,9,Married-civ-spouse,Tech-support,Husband,White,Male,0,0,40,United-States,>50K
46,Private,282538,Assoc-voc,11,Separated,Machine-op-inspct,Not-in-family,Black,Female,0,0,40,United-States,<=50K
28,Private,142712,Some-college,10,Married-civ-spouse,Craft-repair,Husband,White,Male,0,0,40,United-States,<=50K
32,Private,372317,9th,5,Separated,Other-service,Unmarried,White,Female,0,0,23,Mexico,<=50K
49,Private,218357,Assoc-voc,11,Divorced,Prof-specialty,Not-in-family,White,Female,0,0,38,United-States,<=50K
41,Private,294270,9th,5,Married-civ-spouse,Transport-moving,Husband,White,Male,0,0,35,United-States,<=50K
47,Private,97842,Some-college,10,Married-civ-spouse,Craft-repair,Husband,White,Male,0,0,40,United-States,<=50K
50,Local-gov,370733,HS-grad,9,Married-civ-spouse,Adm-clerical,Husband,Black,Male,0,0,40,United-States,<=50K
47,Private,168195,HS-grad,9,Married-civ-spouse,Sales,Husband,White,Male,0,0,55,United-States,<=50K
34,Private,96483,Assoc-acdm,12,Never-married,Adm-clerical,Not-in-family,Asian-Pac-Islander,Female,8614,0,60,United-States,>50K
36,Private,228157,Some-college,10,Never-married,Craft-repair,Not-in-family,Asian-Pac-Islander,Male,0,0,40,Laos,<=50K
42,Self-emp-inc,130126,Bachelors,13,Married-civ-spouse,Prof-specialty,Husband,White,Male,0,1977,40,United-States,>50K
59,Private,227856,Bachelors,13,Married-civ-spouse,Sales,Husband,White,Male,0,0,37,United-States,>50K
39,Private,129495,Some-college,10,Separated,Adm-clerical,Unmarried,Black,Female,0,0,40,United-States,<=50K
45,Local-gov,189890,HS-grad,9,Never-married,Adm-clerical,Unmarried,White,Female,0,0,40,United-States,<=50K
49,Self-emp-not-inc,123598,HS-grad,9,Never-married,Craft-repair,Not-in-family,White,Male,0,0,30,United-States,<=50K
24,State-gov,506329,Some-college,10,Never-married,Adm-clerical,Own-child,Asian-Pac-Islander,Male,0,0,40,,<=50K
50,Private,121038,Assoc-voc,11,Married-civ-spouse,Other-service,Wife,Black,Female,0,0,40,United-States,<=50K
22,Private,60783,10th,6,Never-married,Craft-repair,Own-child,White,Male,0,0,15,United-States,<=50K
25,Private,181666,Assoc-acdm,12,Never-married,Tech-support,Own-child,White,Female,0,0,40,United-States,<=50K
36,Private,37778,Some-college,10,Married-civ-spouse,Exec-managerial,Husband,White,Male,0,0,40,United-States,<=50K
28,,308493,HS-grad,9,Married-civ-spouse,,Wife,White,Female,0,0,17,Honduras,<=50K
28,Self-emp-not-inc,209934,5th-6th,3,Married-civ-spouse,Handlers-cleaners,Husband,White,Male,0,0,25,Mexico,<=50K
43,Local-gov,36924,Masters,14,Married-civ-spouse,Prof-specialty,Husband,White,Male,0,0,40,United-States,>50K
26,Private,50103,Some-college,10,Married-civ-spouse,Sales,Wife,White,Female,0,0,40,United-States,<=50K
44,Private,165599,HS-grad,9,Married-civ-spouse,Machine-op-inspct,Husband,White,Male,0,0,48,United-States,<=50K
37,Private,186035,Assoc-acdm,12,Married-civ-spouse,Craft-repair,Husband,White,Male,0,0,55,United-States,<=50K
31,Private,159322,HS-grad,9,Never-married,Handlers-cleaners,Other-relative,White,Male,0,0,40,United-States,<=50K
31,Private,124827,HS-grad,9,Never-married,Other-service,Not-in-family,White,Male,0,0,40,United-States,<=50K
51,Private,29580,11th,7,Married-civ-spouse,Sales,Husband,White,Male,4386,0,30,United-States,>50K
47,Local-gov,178309,Some-college,10,Divorced,Prof-specialty,Not-in-family,White,Female,0,0,40,United-States,<=50K
36,Private,192704,12th,8,Never-married,Exec-managerial,Not-in-family,White,Male,4650,0,50,United-States,<=50K
32,Private,192565,11th,7,Married-civ-spouse,Exec-managerial,Husband,White,Male,0,0,55,United-States,<=50K
32,Private,283268,10th,6,Separated,Other-service,Unmarried,White,Female,0,0,42,United-States,<=50K
33,Private,170336,HS-grad,9,Married-civ-spouse,Adm-clerical,Wife,Other,Female,0,0,19,United-States,<=50K
41,Private,384508,Bachelors,13,Married-civ-spouse,Prof-specialty,Husband,White,Male,0,0,40,United-States,>50K
35,Private,107991,11th,7,Never-married,Sales,Not-in-family,White,Male,0,0,45,United-States,<=50K
40,Private,145160,Doctorate,16,Married-civ-spouse,Prof-specialty,Husband,White,Male,0,0,40,United-States,>50K
53,Private,311269,HS-grad,9,Divorced,Other-service,Not-in-family,White,Female,0,0,40,United-States,<=50K
55,State-gov,136819,HS-grad,9,Married-civ-spouse,Protective-serv,Husband,White,Male,0,0,40,United-States,<=50K
24,Private,326334,Bachelors,13,Never-married,Prof-specialty,Own-child,White,Male,0,0,20,United-States,<=50K
21,Private,155818,HS-grad,9,Never-married,Other-service,Own-child,White,Female,0,0,20,United-States,<=50K
19,Private,211355,HS-grad,9,Never-married,Adm-clerical,Own-child,White,Male,0,0,12,United-States,<=50K
25,Private,28473,Assoc-voc,11,Married-civ-spouse,Craft-repair,Husband,White,Male,0,0,40,United-States,<=50K
17,Local-gov,182070,11th,7,Never-married,Other-service,Own-child,White,Female,0,0,16,United-States,<=50K
21,Private,502837,HS-grad,9,Never-married,Machine-op-inspct,Own-child,White,Female,0,0,40,Peru,<=50K
34,Private,281852,HS-grad,9,Never-married,Transport-moving,Not-in-family,Black,Male,0,0,80,United-States,<=50K
23,Private,138892,HS-grad,9,Never-married,Machine-op-inspct,Own-child,Black,Male,0,0,40,United-States,<=50K
20,Private,247115,Some-college,10,Never-married,Adm-clerical,Unmarried,Black,Female,0,0,35,United-States,<=50K
50,,204577,Bachelors,13,Married-civ-spouse,,Husband,Black,Male,0,1902,60,United-States,>50K
26,Local-gov,242464,HS-grad,9,Married-civ-spouse,Protective-serv,Husband,White,Male,3103,0,40,United-States,>50K
49,Self-emp-not-inc,199590,HS-grad,9,Married-civ-spouse,Craft-repair,Husband,White,Male,0,0,50,Mexico,<=50K
37,Federal-gov,197284,Some-college,10,Never-married,Adm-clerical,Own-child,White,Male,0,0,40,United-States,<=50K
51,Private,282549,HS-grad,9,Married-civ-spouse,Machine-op-inspct,Husband,Black,Male,3137,0,40,United-States,<=50K
23,Private,142766,Some-college,10,Never-married,Adm-clerical,Own-child,White,Male,1055,0,20,United-States,<=50K
48,Self-emp-not-inc,317360,Bachelors,13,Married-civ-spouse,Prof-specialty,Wife,White,Female,0,0,20,United-States,>50K
35,Private,297574,Assoc-acdm,12,Married-civ-spouse,Exec-managerial,Husband,White,Male,0,0,99,United-States,>50K
22,Private,72310,HS-grad,9,Never-married,Transport-moving,Not-in-family,White,Male,0,0,70,United-States,<=50K
42,Local-gov,111252,Masters,14,Married-civ-spouse,Exec-managerial,Husband,White,Male,0,1977,40,United-States,>50K
23,Private,233711,HS-grad,9,Married-civ-spouse,Other-service,Husband,White,Male,0,0,50,United-States,<=50K
26,Private,272669,Bachelors,13,Never-married,Sales,Not-in-family,Asian-Pac-Islander,Male,0,0,20,South,<=50K
55,Private,169611,11th,7,Widowed,Adm-clerical,Unmarried,White,Female,0,0,40,United-States,<=50K
61,Self-emp-not-inc,201965,HS-grad,9,Married-civ-spouse,Exec-managerial,Husband,White,Male,0,0,40,United-States,<=50K
41,Private,180572,Bachelors,13,Divorced,Prof-specialty,Not-in-family,White,Female,0,0,50,United-States,>50K
33,Private,288840,HS-grad,9,Married-spouse-absent,Other-service,Unmarried,Black,Female,0,0,38,United-States,<=50K
47,Private,178341,10th,6,Married-civ-spouse,Machine-op-inspct,Husband,White,Male,0,0,46,United-States,>50K
31,Private,150441,Some-college,10,Divorced,Adm-clerical,Not-in-family,White,Female,0,0,50,United-States,<=50K
37,Private,52221,11th,7,Married-civ-spouse,Transport-moving,Husband,White,Male,0,0,40,United-States,<=50K
29,Private,363963,HS-grad,9,Divorced,Other-service,Not-in-family,White,Female,0,0,40,United-States,<=50K
34,Private,346275,11th,7,Divorced,Handlers-cleaners,Not-in-family,White,Male,0,0,43,United-States,<=50K
53,Private,168107,Bachelors,13,Married-civ-spouse,Exec-managerial,Husband,White,Male,0,0,40,United-States,>50K
52,Private,191529,Bachelors,13,Divorced,Farming-fishing,Not-in-family,White,Male,0,0,40,United-States,<=50K
34,Private,126838,HS-grad,9,Married-civ-spouse,Transport-moving,Husband,White,Male,0,0,40,United-States,<=50K
37,Private,183800,Bachelors,13,Married-civ-spouse,Prof-specialty,Husband,White,Male,7688,0,50,United-States,>50K
35,Private,127306,Assoc-voc,11,Never-married,Adm-clerical,Own-child,White,Female,14344,0,40,United-States,>50K
29,Private,196116,Prof-school,15,Divorced,Prof-specialty,Own-child,White,Female,2174,0,72,United-States,<=50K
74,Private,211075,HS-grad,9,Married-civ-spouse,Exec-managerial,Husband,White,Male,0,0,40,United-States,>50K
31,Private,354464,HS-grad,9,Married-civ-spouse,Other-service,Husband,White,Male,0,0,40,United-States,<=50K
28,Private,224634,Bachelors,13,Married-civ-spouse,Prof-specialty,Wife,White,Female,0,0,45,United-States,>50K
48,,174533,11th,7,Separated,,Unmarried,White,Male,0,0,40,United-States,<=50K
56,Private,197369,7th-8th,4,Married-civ-spouse,Exec-managerial,Husband,White,Male,0,0,40,United-States,>50K
24,Self-emp-not-inc,37440,Bachelors,13,Never-married,Farming-fishing,Unmarried,White,Male,0,0,50,United-States,<=50K
19,Private,198943,Some-college,10,Never-married,Other-service,Own-child,White,Female,0,0,35,United-States,<=50K
23,Private,148709,HS-grad,9,Married-civ-spouse,Adm-clerical,Other-relative,White,Female,0,0,35,United-States,<=50K
41,Self-emp-inc,112262,HS-grad,9,Married-civ-spouse,Craft-repair,Husband,White,Male,0,0,50,United-States,<=50K
40,Self-emp-inc,169878,Assoc-acdm,12,Married-civ-spouse,Exec-managerial,Wife,White,Female,0,0,40,United-States,>50K
44,Private,203897,Bachelors,13,Married-spouse-absent,Adm-clerical,Not-in-family,White,Female,0,0,40,Cuba,<=50K
36,Private,320811,Some-college,10,Married-civ-spouse,Craft-repair,Husband,White,Male,0,0,40,United-States,>50K
51,Private,145409,Some-college,10,Married-civ-spouse,Craft-repair,Husband,White,Male,3103,0,48,United-States,>50K
60,Federal-gov,119832,Some-college,10,Married-civ-spouse,Adm-clerical,Husband,White,Male,7298,0,40,United-States,>50K
46,State-gov,193047,Bachelors,13,Married-civ-spouse,Prof-specialty,Husband,White,Male,0,0,37,United-States,<=50K
24,Private,113466,HS-grad,9,Never-married,Sales,Not-in-family,White,Male,0,0,40,United-States,<=50K
45,Private,264526,Assoc-acdm,12,Divorced,Machine-op-inspct,Own-child,White,Male,0,0,40,United-States,<=50K
28,Self-emp-not-inc,33363,HS-grad,9,Married-civ-spouse,Farming-fishing,Husband,White,Male,0,0,70,United-States,>50K
32,Private,426467,1st-4th,2,Never-married,Craft-repair,Not-in-family,White,Male,3674,0,40,Guatemala,<=50K
36,Private,174308,11th,7,Divorced,Transport-moving,Not-in-family,White,Male,0,0,40,United-States,<=50K
22,Private,408383,Some-college,10,Never-married,Transport-moving,Own-child,White,Male,0,0,40,United-States,<=50K
64,Private,144182,HS-grad,9,Widowed,Prof-specialty,Not-in-family,White,Female,0,0,23,United-States,<=50K
41,Private,235167,5th-6th,3,Married-spouse-absent,Priv-house-serv,Not-in-family,White,Female,0,0,32,Mexico,<=50K
32,Private,73498,7th-8th,4,Divorced,Other-service,Unmarried,White,Female,0,0,40,United-States,<=50K
44,Private,367749,Bachelors,13,Never-married,Prof-specialty,Not-in-family,White,Female,0,0,45,Mexico,<=50K
44,Private,147206,Some-college,10,Married-civ-spouse,Exec-managerial,Husband,White,Male,0,0,40,United-States,<=50K
36,Private,549174,HS-grad,9,Married-civ-spouse,Craft-repair,Husband,White,Male,0,0,40,United-States,<=50K
51,Private,312477,Some-college,10,Married-civ-spouse,Transport-moving,Husband,White,Male,3908,0,40,United-States,<=50K
28,Local-gov,210945,Bachelors,13,Never-married,Prof-specialty,Not-in-family,Black,Female,0,0,60,United-States,<=50K
40,Self-emp-not-inc,165108,Bachelors,13,Married-civ-spouse,Adm-clerical,Husband,White,Male,0,0,40,England,<=50K
41,Private,149102,HS-grad,9,Married-spouse-absent,Craft-repair,Not-in-family,White,Male,0,0,40,Poland,<=50K
18,Private,304169,11th,7,Never-married,Sales,Own-child,White,Male,0,0,35,United-States,<=50K
31,Private,101697,Assoc-voc,11,Married-civ-spouse,Prof-specialty,Wife,White,Female,0,0,40,United-States,<=50K
22,Private,190625,Some-college,10,Never-married,Adm-clerical,Own-child,White,Male,0,0,35,United-States,<=50K
62,Private,138253,Masters,14,Never-married,Handlers-cleaners,Not-in-family,White,Male,4650,0,40,United-States,<=50K
23,Private,375871,HS-grad,9,Married-civ-spouse,Adm-clerical,Wife,White,Female,0,0,40,Mexico,<=50K
33,State-gov,150570,HS-grad,9,Divorced,Adm-clerical,Not-in-family,White,Male,0,0,40,United-States,<=50K
54,State-gov,119565,Bachelors,13,Married-civ-spouse,Exec-managerial,Husband,White,Male,0,0,40,Puerto-Rico,>50K
46,Private,169324,HS-grad,9,Separated,Other-service,Not-in-family,Black,Female,0,0,45,Jamaica,<=50K
47,Private,106544,HS-grad,9,Never-married,Other-service,Not-in-family,White,Female,0,0,40,United-States,<=50K
53,Self-emp-not-inc,35295,Bachelors,13,Never-married,Sales,Unmarried,White,Male,0,0,60,United-States,>50K
35,Private,36989,HS-grad,9,Divorced,Craft-repair,Unmarried,White,Male,0,0,40,United-States,<=50K
74,Self-emp-not-inc,173929,Doctorate,16,Married-spouse-absent,Prof-specialty,Not-in-family,White,Male,0,0,25,United-States,>50K
24,State-gov,191269,Bachelors,13,Never-married,Adm-clerical,Not-in-family,White,Female,0,0,65,United-States,<=50K
46,Self-emp-inc,191978,Masters,14,Married-civ-spouse,Exec-managerial,Husband,White,Male,0,2392,50,United-States,>50K
72,Private,107814,Masters,14,Never-married,Prof-specialty,Not-in-family,White,Male,2329,0,60,United-States,<=50K
26,Private,386585,Some-college,10,Divorced,Tech-support,Not-in-family,White,Male,0,0,60,United-States,<=50K
27,Private,158647,Some-college,10,Never-married,Adm-clerical,Not-in-family,White,Female,0,0,40,United-States,<=50K
46,Private,138999,Some-college,10,Married-civ-spouse,Machine-op-inspct,Husband,White,Male,0,0,40,United-States,<=50K
55,Private,23789,HS-grad,9,Divorced,Exec-managerial,Not-in-family,White,Female,0,0,40,United-States,<=50K
54,Private,174102,Bachelors,13,Married-civ-spouse,Exec-managerial,Husband,White,Male,0,0,40,United-States,>50K
23,Private,200318,Assoc-acdm,12,Never-married,Adm-clerical,Not-in-family,White,Female,0,0,20,United-States,<=50K
35,Private,186035,Assoc-voc,11,Never-married,Tech-support,Not-in-family,White,Male,0,0,40,United-States,<=50K
46,Private,148738,HS-grad,9,Married-civ-spouse,Handlers-cleaners,Husband,White,Male,0,1740,35,United-States,<=50K
28,Private,138692,Bachelors,13,Married-civ-spouse,Prof-specialty,Husband,White,Male,0,1887,40,United-States,>50K
36,Private,183892,Some-college,10,Married-civ-spouse,Craft-repair,Husband,White,Male,7298,0,44,United-States,>50K
36,Private,732569,9th,5,Divorced,Adm-clerical,Unmarried,White,Female,0,0,40,United-States,<=50K
43,State-gov,218542,HS-grad,9,Never-married,Adm-clerical,Unmarried,Black,Female,0,0,40,United-States,<=50K
34,Private,234537,Assoc-acdm,12,Divorced,Sales,Not-in-family,White,Male,0,0,40,United-States,<=50K
44,Private,523484,Bachelors,13,Married-civ-spouse,Exec-managerial,Husband,Black,Male,0,0,40,United-States,>50K
53,,64322,7th-8th,4,Separated,,Not-in-family,White,Male,0,0,40,United-States,<=50K
54,Private,101890,HS-grad,9,Widowed,Sales,Unmarried,White,Female,0,0,40,United-States,<=50K
63,Self-emp-not-inc,231105,Some-college,10,Married-civ-spouse,Machine-op-inspct,Husband,White,Male,0,0,35,United-States,>50K
48,Private,176917,HS-grad,9,Married-civ-spouse,Craft-repair,Husband,White,Male,0,0,55,United-States,<=50K
51,Private,102615,Masters,14,Married-civ-spouse,Protective-serv,Husband,White,Male,0,1977,40,United-States,>50K
30,Private,149368,HS-grad,9,Divorced,Sales,Unmarried,White,Male,1151,0,30,United-States,<=50K
43,Private,104196,Some-college,10,Married-civ-spouse,Adm-clerical,Husband,White,Male,0,0,40,United-States,<=50K
30,Private,313038,HS-grad,9,Never-married,Craft-repair,Not-in-family,White,Male,0,0,40,United-States,<=50K
59,State-gov,163047,Some-college,10,Divorced,Adm-clerical,Not-in-family,White,Female,0,0,38,United-States,<=50K
28,State-gov,78356,Masters,14,Married-civ-spouse,Exec-managerial,Husband,Black,Male,0,0,40,Jamaica,<=50K
22,Private,138542,Some-college,10,Married-civ-spouse,Handlers-cleaners,Husband,White,Male,0,0,35,United-States,<=50K
41,Private,207779,HS-grad,9,Separated,Other-service,Not-in-family,White,Female,0,0,40,United-States,<=50K
33,Private,295591,5th-6th,3,Married-spouse-absent,Craft-repair,Not-in-family,White,Male,0,0,40,Mexico,<=50K
41,Private,116825,Masters,14,Married-civ-spouse,Prof-specialty,Husband,White,Male,0,0,55,United-States,>50K
33,Private,121966,HS-grad,9,Divorced,Adm-clerical,Not-in-family,White,Female,0,0,40,United-States,<=50K
30,Private,165686,Bachelors,13,Never-married,Other-service,Not-in-family,White,Female,0,0,40,United-States,<=50K
41,Self-emp-not-inc,66632,Some-college,10,Divorced,Craft-repair,Not-in-family,White,Male,0,0,40,United-States,<=50K
33,Private,98995,10th,6,Divorced,Handlers-cleaners,Not-in-family,White,Female,0,0,36,United-States,<=50K
62,Self-emp-inc,236096,HS-grad,9,Divorced,Exec-managerial,Not-in-family,Black,Male,0,0,40,United-States,<=50K
42,Private,113324,HS-grad,9,Widowed,Sales,Unmarried,White,Male,0,0,40,United-States,<=50K
39,Private,82540,Some-college,10,Married-civ-spouse,Exec-managerial,Husband,White,Male,0,0,60,United-States,<=50K
68,Private,163346,HS-grad,9,Widowed,Machine-op-inspct,Not-in-family,White,Female,0,0,32,United-States,<=50K
54,Private,93605,HS-grad,9,Married-civ-spouse,Sales,Husband,White,Male,0,1848,40,United-States,>50K
58,Private,105060,Some-college,10,Never-married,Adm-clerical,Not-in-family,Black,Female,0,0,37,United-States,<=50K
26,Private,139116,Some-college,10,Never-married,Other-service,Own-child,Black,Female,0,0,50,United-States,<=50K
19,,169324,Some-college,10,Never-married,,Own-child,White,Male,0,0,10,United-States,<=50K
33,Private,227282,HS-grad,9,Married-civ-spouse,Transport-moving,Husband,White,Male,0,0,60,United-States,<=50K
27,Private,604045,Bachelors,13,Never-married,Sales,Not-in-family,White,Male,0,0,40,United-States,<=50K
31,Private,157887,Some-college,10,Married-civ-spouse,Exec-managerial,Husband,White,Male,0,0,65,United-States,>50K
40,Private,107306,Bachelors,13,Married-civ-spouse,Exec-managerial,Husband,White,Male,0,0,40,United-States,>50K
21,Private,188535,HS-grad,9,Never-married,Machine-op-inspct,Not-in-family,White,Male,0,0,44,United-States,<=50K
32,Private,93213,Assoc-acdm,12,Married-civ-spouse,Machine-op-inspct,Husband,White,Male,0,0,62,United-States,<=50K
41,Private,264663,Some-college,10,Separated,Prof-specialty,Own-child,White,Female,0,3900,40,United-States,<=50K
33,Private,106938,HS-grad,9,Married-civ-spouse,Tech-support,Wife,Black,Female,0,0,38,United-States,<=50K
27,Private,119793,Some-college,10,Married-civ-spouse,Craft-repair,Husband,White,Male,0,0,55,,<=50K
47,Private,173938,Bachelors,13,Married-civ-spouse,Exec-managerial,Husband,White,Male,0,0,57,United-States,>50K
65,Private,154171,Prof-school,15,Married-civ-spouse,Prof-specialty,Husband,White,Male,20051,0,60,United-States,>50K
54,Private,169719,Bachelors,13,Married-civ-spouse,Sales,Husband,White,Male,3103,0,40,United-States,>50K
21,Private,225541,Some-college,10,Never-married,Adm-clerical,Not-in-family,White,Female,0,0,40,United-States,<=50K
47,Private,312088,HS-grad,9,Married-civ-spouse,Craft-repair,Husband,White,Male,0,0,40,United-States,<=50K
38,Local-gov,227154,Bachelors,13,Married-civ-spouse,Craft-repair,Husband,Asian-Pac-Islander,Male,0,0,40,Philippines,<=50K
62,,250091,Bachelors,13,Divorced,,Not-in-family,White,Male,0,0,5,United-States,<=50K
41,Private,171234,Some-college,10,Divorced,Adm-clerical,Not-in-family,White,Female,0,0,55,United-States,<=50K
37,Self-emp-inc,175360,HS-grad,9,Married-civ-spouse,Craft-repair,Husband,White,Male,0,0,40,United-States,>50K
54,Private,138847,HS-grad,9,Married-civ-spouse,Machine-op-inspct,Husband,White,Male,0,0,45,United-States,>50K
44,Self-emp-not-inc,163985,Prof-school,15,Married-civ-spouse,Prof-specialty,Husband,White,Male,0,0,32,United-States,>50K
28,Private,328923,HS-grad,9,Never-married,Adm-clerical,Other-relative,White,Female,0,0,38,United-States,<=50K
46,Private,187581,HS-grad,9,Divorced,Craft-repair,Other-relative,White,Male,0,0,40,United-States,<=50K
23,Private,117480,10th,6,Never-married,Craft-repair,Own-child,White,Male,0,0,44,United-States,<=50K
41,Private,197093,Bachelors,13,Divorced,Prof-specialty,Not-in-family,Black,Male,0,0,40,United-States,<=50K
60,Private,88055,Prof-school,15,Married-civ-spouse,Prof-specialty,Husband,White,Male,3781,0,16,United-States,<=50K
35,Private,240389,Some-college,10,Married-civ-spouse,Sales,Husband,White,Male,0,0,43,United-States,>50K
59,Self-emp-inc,253062,Prof-school,15,Married-civ-spouse,Prof-specialty,Husband,White,Male,0,0,55,United-States,>50K
24,Private,311376,Bachelors,13,Never-married,Prof-specialty,Not-in-family,White,Female,0,0,40,United-States,<=50K
26,Private,282304,Some-college,10,Never-married,Sales,Not-in-family,White,Male,0,0,45,United-States,<=50K
24,Private,96279,HS-grad,9,Never-married,Machine-op-inspct,Own-child,White,Female,0,0,40,United-States,<=50K
36,Private,256636,HS-grad,9,Divorced,Exec-managerial,Not-in-family,White,Male,0,0,40,United-States,<=50K
35,Private,422933,Bachelors,13,Never-married,Other-service,Not-in-family,White,Male,0,0,37,United-States,<=50K
26,Private,199600,HS-grad,9,Never-married,Sales,Not-in-family,Black,Male,0,0,40,United-States,<=50K
69,Private,108196,9th,5,Never-married,Craft-repair,Other-relative,White,Male,2993,0,40,United-States,<=50K
63,Private,149756,Assoc-acdm,12,Divorced,Exec-managerial,Not-in-family,White,Male,0,0,40,United-States,>50K
34,Private,110476,HS-grad,9,Married-civ-spouse,Adm-clerical,Husband,White,Male,0,0,40,United-States,<=50K
76,Self-emp-not-inc,237624,7th-8th,4,Married-civ-spouse,Craft-repair,Husband,White,Male,0,0,10,United-States,<=50K
46,Private,182128,Masters,14,Divorced,Prof-specialty,Unmarried,White,Female,6497,0,50,United-States,<=50K
19,Private,91928,Some-college,10,Never-married,Other-service,Other-relative,White,Female,0,0,35,United-States,<=50K
23,Private,37072,Bachelors,13,Never-married,Sales,Not-in-family,White,Male,0,0,50,United-States,<=50K
52,State-gov,334273,Assoc-acdm,12,Married-civ-spouse,Sales,Husband,White,Male,0,0,40,United-States,>50K
50,Private,238959,Bachelors,13,Married-civ-spouse,Sales,Husband,White,Male,99999,0,60,,>50K
38,Private,60313,HS-grad,9,Never-married,Craft-repair,Not-in-family,White,Male,0,0,40,United-States,<=50K
63,Private,213945,Bachelors,13,Married-civ-spouse,Sales,Husband,White,Male,15024,0,40,Iran,>50K
28,Private,90547,HS-grad,9,Married-civ-spouse,Other-service,Wife,Black,Female,0,0,23,United-States,<=50K
37,Private,454915,10th,6,Divorced,Craft-repair,Not-in-family,White,Male,0,0,40,United-States,<=50K
31,Private,306459,1st-4th,2,Separated,Handlers-cleaners,Unmarried,White,Male,0,0,35,Honduras,<=50K
29,Private,213842,Some-college,10,Married-civ-spouse,Craft-repair,Husband,White,Male,0,0,40,United-States,<=50K
47,State-gov,108890,HS-grad,9,Divorced,Adm-clerical,Unmarried,White,Female,1831,0,38,United-States,<=50K
30,Private,159442,HS-grad,9,Never-married,Other-service,Not-in-family,White,Female,0,0,40,Ireland,<=50K
48,Private,208748,5th-6th,3,Divorced,Machine-op-inspct,Unmarried,Other,Female,0,0,40,Dominican-Republic,<=50K
19,Private,376240,HS-grad,9,Never-married,Machine-op-inspct,Own-child,White,Male,0,0,42,United-States,<=50K
21,Private,203894,Assoc-voc,11,Never-married,Adm-clerical,Own-child,White,Female,0,0,40,United-States,<=50K
24,Private,32311,Some-college,10,Married-civ-spouse,Other-service,Wife,White,Female,0,0,40,United-States,<=50K
45,Private,348854,Some-college,10,Separated,Adm-clerical,Unmarried,White,Female,0,0,27,United-States,<=50K
45,Local-gov,235431,HS-grad,9,Separated,Other-service,Unmarried,Black,Female,0,0,40,United-States,<=50K
56,Private,133819,HS-grad,9,Separated,Craft-repair,Not-in-family,White,Female,0,0,40,United-States,<=50K
90,Private,40388,Bachelors,13,Never-married,Exec-managerial,Not-in-family,White,Male,0,0,55,United-States,<=50K
37,Private,179481,Bachelors,13,Married-civ-spouse,Machine-op-inspct,Husband,White,Male,0,0,40,United-States,>50K
33,Private,188246,Masters,14,Married-civ-spouse,Exec-managerial,Husband,White,Male,7298,0,45,United-States,>50K
17,Local-gov,173497,11th,7,Never-married,Prof-specialty,Own-child,Black,Male,0,0,15,United-States,<=50K
27,Private,200227,Assoc-voc,11,Married-civ-spouse,Adm-clerical,Wife,Black,Female,0,0,40,United-States,<=50K
42,Private,318255,HS-grad,9,Divorced,Adm-clerical,Unmarried,White,Female,0,0,40,United-States,<=50K
34,Private,287737,Some-college,10,Married-civ-spouse,Exec-managerial,Wife,White,Female,0,1485,40,United-States,>50K
26,Private,473625,HS-grad,9,Married-civ-spouse,Other-service,Wife,White,Female,0,0,30,United-States,<=50K
18,Private,298860,11th,7,Never-married,Sales,Own-child,White,Male,0,0,20,United-States,<=50K
39,Private,130620,7th-8th,4,Married-spouse-absent,Machine-op-inspct,Unmarried,Other,Female,0,0,40,Dominican-Republic,<=50K
34,Private,208785,Assoc-acdm,12,Divorced,Sales,Not-in-family,White,Male,0,0,50,United-States,>50K
42,Federal-gov,170230,Masters,14,Never-married,Exec-managerial,Not-in-family,White,Female,14084,0,60,United-States,>50K
47,Private,107682,HS-grad,9,Divorced,Adm-clerical,Unmarried,White,Female,0,0,48,United-States,<=50K
32,Private,323055,HS-grad,9,Married-civ-spouse,Craft-repair,Husband,White,Male,0,0,40,United-States,<=50K
22,Private,43535,Some-college,10,Married-civ-spouse,Exec-managerial,Wife,White,Female,0,0,40,United-States,<=50K
51,Private,282744,Bachelors,13,Married-civ-spouse,Farming-fishing,Husband,White,Male,0,0,40,Canada,<=50K
18,Private,283342,11th,7,Never-married,Other-service,Other-relative,Black,Male,0,0,20,United-States,<=50K
39,Self-emp-inc,216473,Bachelors,13,Married-civ-spouse,Exec-managerial,Husband,White,Male,0,0,60,United-States,>50K
47,Private,358465,Some-college,10,Divorced,Adm-clerical,Not-in-family,White,Female,0,0,40,United-States,<=50K
45,Private,82797,Bachelors,13,Married-civ-spouse,Exec-managerial,Husband,White,Male,0,0,45,United-States,>50K
37,Local-gov,52465,HS-grad,9,Never-married,Other-service,Not-in-family,White,Male,0,0,40,United-States,<=50K
32,Private,127895,Some-college,10,Never-married,Exec-managerial,Unmarried,Black,Female,0,0,35,United-States,<=50K
47,Self-emp-not-inc,159869,HS-grad,9,Married-civ-spouse,Farming-fishing,Husband,White,Male,0,0,56,United-States,>50K
35,Private,183892,10th,6,Married-civ-spouse,Craft-repair,Husband,White,Male,0,0,40,United-States,<=50K
21,Private,213041,HS-grad,9,Never-married,Adm-clerical,Own-child,White,Female,0,0,40,Cuba,<=50K
17,Private,148522,11th,7,Never-married,Other-service,Own-child,White,Male,0,1721,15,United-States,<=50K
58,Private,110213,HS-grad,9,Widowed,Adm-clerical,Not-in-family,White,Female,0,0,40,United-States,>50K
40,Private,272960,Assoc-acdm,12,Married-civ-spouse,Tech-support,Husband,White,Male,0,0,42,United-States,>50K
30,Private,236770,HS-grad,9,Married-civ-spouse,Craft-repair,Husband,White,Male,0,0,40,United-States,<=50K
28,,161290,Some-college,10,Never-married,,Own-child,Black,Female,0,0,40,United-States,<=50K
35,State-gov,89040,Bachelors,13,Married-civ-spouse,Exec-managerial,Husband,White,Male,0,0,40,United-States,>50K
21,Private,212619,Assoc-voc,11,Never-married,Machine-op-inspct,Own-child,White,Male,0,0,40,United-States,<=50K
48,Private,192894,Doctorate,16,Married-civ-spouse,Prof-specialty,Husband,White,Male,0,0,40,United-States,>50K
37,Private,100508,HS-grad,9,Married-civ-spouse,Craft-repair,Husband,White,Male,0,0,40,United-States,>50K
61,Private,668362,1st-4th,2,Widowed,Handlers-cleaners,Not-in-family,White,Female,0,0,40,United-States,<=50K
53,Self-emp-not-inc,34973,Some-college,10,Married-civ-spouse,Farming-fishing,Husband,White,Male,0,0,45,United-States,<=50K
59,Private,131916,HS-grad,9,Married-civ-spouse,Machine-op-inspct,Wife,White,Female,0,0,40,Italy,>50K
49,Private,188515,Some-college,10,Divorced,Adm-clerical,Unmarried,White,Female,0,0,40,United-States,<=50K
26,Private,162312,Some-college,10,Never-married,Adm-clerical,Not-in-family,Asian-Pac-Islander,Male,0,0,20,Philippines,<=50K
22,Private,272615,11th,7,Never-married,Craft-repair,Own-child,White,Male,0,0,40,United-States,<=50K
41,Private,43945,7th-8th,4,Married-civ-spouse,Craft-repair,Husband,White,Male,0,0,40,,<=50K
24,Private,54560,HS-grad,9,Married-civ-spouse,Transport-moving,Husband,White,Male,0,0,45,United-States,<=50K
23,,154373,Bachelors,13,Never-married,,Not-in-family,White,Female,0,0,50,United-States,<=50K
63,,166425,Some-college,10,Widowed,,Not-in-family,Black,Female,0,0,24,United-States,<=50K
25,Private,272428,HS-grad,9,Never-married,Sales,Not-in-family,White,Male,4416,0,42,United-States,<=50K
17,Private,100828,Some-college,10,Never-married,Adm-clerical,Own-child,White,Male,0,0,20,United-States,<=50K
32,Private,313835,Masters,14,Married-civ-spouse,Prof-specialty,Husband,White,Male,0,0,40,United-States,>50K
26,Private,150132,HS-grad,9,Never-married,Adm-clerical,Not-in-family,White,Female,0,0,45,United-States,<=50K
58,Private,191069,HS-grad,9,Married-civ-spouse,Sales,Husband,White,Male,0,0,40,United-States,>50K
29,Private,265638,Some-college,10,Never-married,Other-service,Unmarried,Black,Female,0,0,40,United-States,<=50K
47,Private,46857,Some-college,10,Divorced,Adm-clerical,Not-in-family,White,Male,0,0,40,United-States,<=50K
53,Private,169182,10th,6,Married-spouse-absent,Machine-op-inspct,Not-in-family,White,Female,0,0,40,Columbia,<=50K
34,Private,189809,Some-college,10,Married-civ-spouse,Exec-managerial,Husband,Black,Male,0,0,52,Jamaica,<=50K
24,Private,52242,HS-grad,9,Married-civ-spouse,Sales,Wife,White,Female,0,0,40,United-States,>50K
37,Private,86551,Bachelors,13,Married-civ-spouse,Exec-managerial,Husband,White,Male,0,0,50,United-States,>50K
57,Self-emp-inc,257200,Some-college,10,Married-civ-spouse,Exec-managerial,Husband,White,Male,0,0,40,United-States,>50K
66,,186032,Assoc-voc,11,Widowed,,Not-in-family,White,Female,2964,0,30,United-States,<=50K
64,Private,174826,HS-grad,9,Divorced,Machine-op-inspct,Not-in-family,White,Female,0,0,40,United-States,<=50K
29,Private,58115,Bachelors,13,Married-civ-spouse,Sales,Husband,White,Male,0,0,41,United-States,<=50K
23,Private,342946,11th,7,Never-married,Transport-moving,Own-child,White,Female,0,0,38,United-States,<=50K
40,State-gov,506329,Doctorate,16,Married-civ-spouse,Prof-specialty,Husband,Asian-Pac-Islander,Male,0,0,40,Taiwan,>50K
26,Private,96467,Bachelors,13,Never-married,Prof-specialty,Not-in-family,White,Female,0,0,40,United-States,<=50K
49,Private,186078,Masters,14,Married-civ-spouse,Prof-specialty,Wife,White,Female,0,0,50,United-States,>50K
39,Private,365739,Some-college,10,Divorced,Craft-repair,Not-in-family,White,Male,0,0,40,United-States,<=50K
42,Self-emp-not-inc,98061,Assoc-voc,11,Married-civ-spouse,Exec-managerial,Husband,White,Male,0,0,50,United-States,<=50K
60,Private,117509,9th,5,Married-civ-spouse,Craft-repair,Husband,White,Male,0,0,40,United-States,<=50K
45,Private,214068,Doctorate,16,Married-civ-spouse,Prof-specialty,Husband,White,Male,0,0,50,United-States,>50K
22,Private,138768,Some-college,10,Never-married,Exec-managerial,Own-child,White,Male,0,0,50,United-States,<=50K
20,Private,221095,HS-grad,9,Never-married,Craft-repair,Other-relative,Black,Male,0,0,40,United-States,<=50K
34,Private,172928,HS-grad,9,Married-civ-spouse,Sales,Husband,White,Male,0,0,65,United-States,<=50K
34,Private,287737,Bachelors,13,Never-married,Sales,Not-in-family,White,Female,0,0,40,United-States,<=50K
30,Private,177596,Some-college,10,Never-married,Other-service,Unmarried,White,Female,0,0,36,United-States,<=50K
55,Private,173093,Some-college,10,Divorced,Adm-clerical,Not-in-family,Asian-Pac-Islander,Female,0,0,40,United-States,<=50K
35,Federal-gov,245372,HS-grad,9,Never-married,Adm-clerical,Not-in-family,White,Male,0,0,40,United-States,<=50K
48,Self-emp-inc,149218,Bachelors,13,Married-civ-spouse,Farming-fishing,Husband,White,Male,0,0,70,United-States,>50K
17,Private,211870,9th,5,Never-married,Other-service,Not-in-family,White,Male,0,0,6,United-States,<=50K
47,Private,45857,HS-grad,9,Never-married,Adm-clerical,Unmarried,White,Female,0,0,40,United-States,<=50K
24,Private,83783,Bachelors,13,Never-married,Tech-support,Own-child,White,Female,0,0,40,United-States,<=50K
66,Self-emp-not-inc,274451,9th,5,Married-civ-spouse,Farming-fishing,Husband,White,Male,0,0,25,United-States,>50K
28,Private,250679,HS-grad,9,Married-civ-spouse,Craft-repair,Husband,White,Male,0,0,40,United-States,<=50K
45,Private,34127,Bachelors,13,Married-civ-spouse,Prof-specialty,Husband,White,Male,0,0,50,United-States,>50K
34,Private,177733,9th,5,Separated,Machine-op-inspct,Unmarried,White,Female,0,0,35,Dominican-Republic,<=50K
46,Private,42972,Masters,14,Married-civ-spouse,Prof-specialty,Wife,White,Female,0,0,22,United-States,>50K
19,Private,250639,Some-college,10,Never-married,Other-service,Own-child,White,Male,0,0,24,United-States,<=50K
31,Private,183801,Masters,14,Married-civ-spouse,Prof-specialty,Husband,White,Male,0,1902,43,United-States,>50K
53,Private,311350,Bachelors,13,Married-civ-spouse,Exec-managerial,Husband,White,Male,0,0,50,United-States,>50K
60,Private,121319,7th-8th,4,Married-civ-spouse,Machine-op-inspct,Husband,White,Male,3137,0,40,Poland,<=50K
22,Private,102684,Some-college,10,Never-married,Transport-moving,Not-in-family,White,Male,0,0,32,United-States,<=50K
55,Private,209535,HS-grad,9,Divorced,Transport-moving,Not-in-family,White,Male,0,0,40,United-States,<=50K
23,Private,96635,Some-college,10,Never-married,Machine-op-inspct,Own-child,Asian-Pac-Islander,Male,0,0,30,United-States,<=50K
46,Private,65353,Some-college,10,Divorced,Transport-moving,Own-child,White,Male,3325,0,55,United-States,<=50K
51,Self-emp-inc,183173,HS-grad,9,Married-civ-spouse,Exec-managerial,Husband,White,Male,0,0,70,United-States,>50K
37,Private,166744,HS-grad,9,Divorced,Other-service,Unmarried,White,Female,0,0,12,United-States,<=50K
41,Private,82393,Some-college,10,Never-married,Craft-repair,Own-child,Asian-Pac-Islander,Male,0,0,40,United-States,<=50K
51,Private,146813,Some-college,10,Married-civ-spouse,Prof-specialty,Husband,White,Male,0,0,40,United-States,>50K
22,Private,324922,HS-grad,9,Never-married,Machine-op-inspct,Not-in-family,White,Male,0,0,50,United-States,<=50K
49,Self-emp-not-inc,263568,Bachelors,13,Married-civ-spouse,Exec-managerial,Husband,White,Male,0,0,60,United-States,>50K
49,Self-emp-not-inc,43479,Some-college,10,Married-civ-spouse,Craft-repair,Husband,White,Male,0,0,40,United-States,<=50K
30,Self-emp-not-inc,117944,HS-grad,9,Married-civ-spouse,Prof-specialty,Husband,White,Male,0,0,25,United-States,<=50K
48,Private,39530,HS-grad,9,Divorced,Adm-clerical,Not-in-family,White,Female,0,0,40,United-States,<=50K
30,Local-gov,48542,12th,8,Married-civ-spouse,Adm-clerical,Wife,White,Female,0,0,40,United-States,<=50K
39,Self-emp-not-inc,202027,Prof-school,15,Married-civ-spouse,Prof-specialty,Husband,White,Male,0,1977,50,United-States,>50K
45,Private,238567,Bachelors,13,Married-civ-spouse,Exec-managerial,Husband,White,Male,0,0,40,England,>50K
64,Self-emp-not-inc,134960,Bachelors,13,Married-civ-spouse,Exec-managerial,Husband,White,Male,15024,0,35,United-States,>50K
34,Private,196385,Assoc-voc,11,Married-civ-spouse,Exec-managerial,Husband,White,Male,0,0,40,United-States,<=50K
38,Private,196554,Prof-school,15,Separated,Prof-specialty,Not-in-family,White,Male,0,0,35,United-States,>50K
60,Private,232337,7th-8th,4,Divorced,Machine-op-inspct,Not-in-family,White,Male,0,0,40,United-States,<=50K
30,Private,56004,Some-college,10,Never-married,Exec-managerial,Own-child,Black,Female,0,0,40,United-States,<=50K
34,Private,258170,HS-grad,9,Divorced,Exec-managerial,Unmarried,White,Female,0,0,38,United-States,<=50K
50,Private,43764,Doctorate,16,Married-civ-spouse,Prof-specialty,Husband,White,Male,15024,0,50,United-States,>50K
24,Private,235894,HS-grad,9,Married-civ-spouse,Craft-repair,Husband,White,Male,0,0,38,United-States,<=50K
30,Private,186932,Bachelors,13,Married-civ-spouse,Exec-managerial,Husband,White,Male,0,0,70,United-States,<=50K
37,Private,305379,Bachelors,13,Married-civ-spouse,Exec-managerial,Husband,White,Male,0,0,50,United-States,>50K
26,Private,152035,HS-grad,9,Never-married,Adm-clerical,Own-child,White,Female,0,0,40,United-States,<=50K
44,Private,146659,Masters,14,Married-civ-spouse,Prof-specialty,Husband,White,Male,0,1887,35,United-States,>50K
24,Private,179203,12th,8,Never-married,Sales,Other-relative,White,Male,0,0,55,United-States,<=50K
73,,84053,HS-grad,9,Widowed,,Not-in-family,White,Female,0,0,15,United-States,<=50K
30,Private,235124,HS-grad,9,Married-civ-spouse,Transport-moving,Husband,White,Male,99999,0,40,United-States,>50K
51,Private,93193,HS-grad,9,Divorced,Prof-specialty,Not-in-family,White,Female,0,0,40,United-States,<=50K
31,Private,189759,HS-grad,9,Never-married,Farming-fishing,Not-in-family,White,Male,0,2001,40,United-States,<=50K
30,Self-emp-not-inc,455995,11th,7,Never-married,Craft-repair,Not-in-family,White,Male,0,0,45,United-States,>50K
25,State-gov,120041,Bachelors,13,Never-married,Prof-specialty,Not-in-family,White,Female,0,0,40,United-States,<=50K
53,Private,233780,Assoc-voc,11,Divorced,Adm-clerical,Not-in-family,Black,Female,2202,0,40,United-States,<=50K
54,Private,200098,Bachelors,13,Divorced,Sales,Not-in-family,Black,Female,0,0,60,United-States,<=50K
20,Private,125010,HS-grad,9,Never-married,Other-service,Own-child,White,Female,0,0,30,United-States,<=50K
50,Private,99392,Some-college,10,Divorced,Craft-repair,Not-in-family,Black,Female,0,0,45,United-States,<=50K
25,Private,241626,HS-grad,9,Never-married,Other-service,Own-child,White,Male,0,0,30,United-States,<=50K
40,,162108,Bachelors,13,Divorced,,Not-in-family,White,Female,0,0,50,United-States,<=50K
26,Private,133766,HS-grad,9,Married-civ-spouse,Farming-fishing,Husband,White,Male,0,0,70,United-States,<=50K
28,,424884,10th,6,Separated,,Not-in-family,White,Male,0,0,30,United-States,<=50K
40,State-gov,229364,Masters,14,Divorced,Prof-specialty,Not-in-family,White,Female,0,0,45,United-States,<=50K
20,,200061,Some-college,10,Never-married,,Own-child,White,Female,0,0,40,,<=50K
48,Private,108557,Bachelors,13,Married-civ-spouse,Tech-support,Wife,White,Female,99999,0,40,United-States,>50K
52,Private,25826,10th,6,Married-civ-spouse,Craft-repair,Husband,White,Male,0,1887,47,United-States,>50K
17,Private,260797,10th,6,Never-married,Handlers-cleaners,Own-child,White,Female,0,0,23,United-States,<=50K
31,Private,176831,10th,6,Divorced,Sales,Other-relative,White,Female,0,0,40,United-States,<=50K
24,Private,315476,Assoc-acdm,12,Never-married,Craft-repair,Own-child,White,Male,0,0,40,United-States,<=50K
51,Private,87205,Bachelors,13,Married-civ-spouse,Adm-clerical,Wife,White,Female,7688,0,20,United-States,>50K
30,Private,23778,7th-8th,4,Separated,Handlers-cleaners,Not-in-family,White,Male,0,0,40,United-States,<=50K
40,Private,187702,Bachelors,13,Never-married,Tech-support,Not-in-family,White,Male,0,0,40,United-States,<=50K
29,Private,190777,Bachelors,13,Married-civ-spouse,Sales,Husband,White,Male,0,0,55,United-States,<=50K
50,State-gov,297551,HS-grad,9,Married-civ-spouse,Prof-specialty,Husband,White,Male,0,0,52,United-States,<=50K
49,Private,99361,Prof-school,15,Married-civ-spouse,Prof-specialty,Husband,White,Male,0,0,45,United-States,<=50K
45,,189564,Masters,14,Married-civ-spouse,,Wife,White,Female,0,0,1,United-States,<=50K
28,Private,72443,Some-college,10,Never-married,Exec-managerial,Not-in-family,White,Male,0,1669,60,United-States,<=50K
25,Private,181896,Bachelors,13,Never-married,Adm-clerical,Own-child,White,Female,0,0,40,United-States,<=50K
42,Local-gov,121012,Some-college,10,Married-civ-spouse,Exec-managerial,Husband,White,Male,0,0,45,United-States,>50K
48,,175653,Assoc-acdm,12,Divorced,,Not-in-family,White,Female,14084,0,40,United-States,>50K
29,Private,375078,7th-8th,4,Married-civ-spouse,Other-service,Wife,White,Female,0,0,40,Mexico,<=50K
20,Private,299047,Some-college,10,Never-married,Other-service,Not-in-family,White,Female,0,0,20,United-States,<=50K
68,,123464,HS-grad,9,Married-civ-spouse,,Husband,White,Male,0,0,45,United-States,<=50K
38,Federal-gov,65706,Some-college,10,Divorced,Exec-managerial,Unmarried,White,Female,0,0,38,United-States,<=50K
29,,153167,Some-college,10,Never-married,,Own-child,Black,Female,0,0,40,United-States,<=50K
60,Private,93997,Bachelors,13,Married-civ-spouse,Exec-managerial,Husband,White,Male,15024,0,45,United-States,>50K
18,Private,447882,Some-college,10,Never-married,Adm-clerical,Not-in-family,White,Female,0,0,20,United-States,<=50K
51,Private,384248,Some-college,10,Divorced,Exec-managerial,Unmarried,Black,Female,0,0,50,United-States,<=50K
29,Private,194940,Bachelors,13,Married-civ-spouse,Exec-managerial,Husband,White,Male,0,0,40,United-States,<=50K
36,,187983,HS-grad,9,Never-married,,Unmarried,White,Female,0,0,40,United-States,<=50K
46,Private,128047,Some-college,10,Separated,Sales,Not-in-family,White,Male,0,0,42,United-States,<=50K
44,Private,106900,Masters,14,Married-civ-spouse,Prof-specialty,Husband,White,Male,0,0,44,United-States,>50K
26,Private,196899,Assoc-acdm,12,Separated,Craft-repair,Not-in-family,Other,Female,0,0,40,United-States,<=50K
38,Private,222450,5th-6th,3,Married-civ-spouse,Machine-op-inspct,Husband,White,Male,0,0,40,Mexico,<=50K
34,Private,176831,Bachelors,13,Divorced,Prof-specialty,Unmarried,White,Female,0,0,40,United-States,>50K
28,Private,201861,Some-college,10,Married-civ-spouse,Machine-op-inspct,Husband,White,Male,0,0,45,United-States,<=50K
19,Local-gov,169853,HS-grad,9,Never-married,Craft-repair,Own-child,White,Male,0,0,40,United-States,<=50K
25,State-gov,328697,Some-college,10,Divorced,Protective-serv,Other-relative,White,Male,0,0,45,United-States,<=50K
41,Private,421837,HS-grad,9,Married-civ-spouse,Transport-moving,Husband,White,Male,0,0,40,United-States,<=50K
47,Private,145868,11th,7,Divorced,Other-service,Unmarried,Black,Female,0,0,40,United-States,<=50K
35,Private,401930,HS-grad,9,Married-civ-spouse,Adm-clerical,Wife,White,Female,0,1887,42,United-States,>50K
23,Private,195532,Bachelors,13,Never-married,Exec-managerial,Own-child,White,Female,0,0,40,United-States,<=50K
17,Private,208463,HS-grad,9,Never-married,Sales,Own-child,White,Female,0,0,20,United-States,<=50K
31,Private,369825,Bachelors,13,Never-married,Sales,Not-in-family,White,Male,4101,0,50,United-States,<=50K
26,,431861,10th,6,Separated,,Not-in-family,White,Male,0,0,40,United-States,<=50K
53,Private,158352,5th-6th,3,Married-civ-spouse,Other-service,Other-relative,White,Female,0,0,24,Italy,<=50K
49,Private,124672,HS-grad,9,Married-civ-spouse,Craft-repair,Husband,White,Male,0,0,40,United-States,>50K
47,Local-gov,198660,Bachelors,13,Married-civ-spouse,Prof-specialty,Husband,White,Male,0,0,40,United-States,>50K
56,Local-gov,435836,Masters,14,Divorced,Prof-specialty,Not-in-family,White,Female,0,0,40,United-States,<=50K
44,Private,162028,11th,7,Divorced,Sales,Unmarried,White,Female,0,0,44,United-States,<=50K
62,Private,115387,HS-grad,9,Never-married,Handlers-cleaners,Other-relative,Black,Female,0,0,40,United-States,<=50K
55,Private,199713,9th,5,Married-civ-spouse,Craft-repair,Husband,White,Male,0,0,48,United-States,<=50K
37,Private,155064,Assoc-voc,11,Divorced,Prof-specialty,Unmarried,White,Female,0,0,40,United-States,<=50K
40,Self-emp-not-inc,57233,Assoc-voc,11,Married-civ-spouse,Exec-managerial,Husband,White,Male,0,0,40,United-States,>50K
47,Private,343579,1st-4th,2,Married-spouse-absent,Farming-fishing,Not-in-family,White,Male,0,0,12,Mexico,<=50K
50,Private,135339,12th,8,Married-civ-spouse,Sales,Husband,Asian-Pac-Islander,Male,0,0,40,Cambodia,>50K
28,Private,34532,Bachelors,13,Never-married,Tech-support,Not-in-family,Black,Male,0,0,30,Jamaica,<=50K
37,Self-emp-inc,111128,Some-college,10,Married-civ-spouse,Craft-repair,Husband,White,Male,0,0,50,United-States,>50K
35,Private,48779,HS-grad,9,Married-civ-spouse,Farming-fishing,Husband,White,Male,0,0,35,United-States,<=50K
28,Private,84547,Bachelors,13,Married-civ-spouse,Tech-support,Husband,White,Male,0,0,40,United-States,>50K
59,Private,100313,HS-grad,9,Married-civ-spouse,Exec-managerial,Husband,White,Male,0,1887,40,United-States,>50K
45,Self-emp-inc,106517,HS-grad,9,Divorced,Exec-managerial,Not-in-family,White,Female,0,0,40,United-States,<=50K
52,Private,119111,HS-grad,9,Married-civ-spouse,Machine-op-inspct,Husband,White,Male,0,0,40,United-States,<=50K
42,State-gov,293791,Bachelors,13,Married-civ-spouse,Exec-managerial,Husband,White,Male,0,0,50,United-States,>50K
24,Private,225515,Bachelors,13,Never-married,Exec-managerial,Not-in-family,White,Female,0,0,40,United-States,<=50K
37,Private,259882,Assoc-voc,11,Never-married,Sales,Unmarried,Black,Female,0,0,6,United-States,<=50K
35,Private,182898,HS-grad,9,Never-married,Adm-clerical,Not-in-family,White,Male,8614,0,40,United-States,>50K
50,State-gov,356619,HS-grad,9,Married-civ-spouse,Prof-specialty,Husband,White,Male,0,0,48,United-States,>50K
46,Private,27802,Assoc-voc,11,Married-civ-spouse,Machine-op-inspct,Husband,White,Male,0,0,40,United-States,<=50K
29,Private,140863,Some-college,10,Married-civ-spouse,Tech-support,Husband,White,Male,0,0,40,United-States,<=50K
36,Private,185325,HS-grad,9,Never-married,Transport-moving,Not-in-family,White,Male,0,0,35,United-States,<=50K
42,Private,341204,Assoc-acdm,12,Divorced,Prof-specialty,Unmarried,White,Female,8614,0,40,United-States,>50K
22,,306031,Some-college,10,Never-married,,Own-child,White,Male,0,0,40,United-States,<=50K
58,Private,275859,HS-grad,9,Widowed,Craft-repair,Unmarried,White,Male,8614,0,52,Mexico,>50K
36,Private,160035,HS-grad,9,Never-married,Other-service,Not-in-family,White,Male,0,0,40,United-States,<=50K
42,Private,195755,HS-grad,9,Separated,Craft-repair,Unmarried,White,Male,0,0,40,United-States,<=50K
24,Private,174461,Assoc-acdm,12,Divorced,Other-service,Not-in-family,White,Female,0,0,22,United-States,<=50K
20,Private,131611,Some-college,10,Never-married,Adm-clerical,Own-child,White,Male,0,0,48,United-States,<=50K
46,Private,305160,1st-4th,2,Married-civ-spouse,Handlers-cleaners,Husband,White,Male,0,0,40,Mexico,<=50K
30,Private,154568,Bachelors,13,Married-civ-spouse,Craft-repair,Husband,Asian-Pac-Islander,Male,0,0,36,Vietnam,>50K
38,Local-gov,225605,Some-college,10,Married-civ-spouse,Prof-specialty,Husband,White,Male,0,0,44,United-States,<=50K
55,Private,145214,Some-college,10,Divorced,Adm-clerical,Unmarried,White,Female,4650,0,20,United-States,<=50K
35,Self-emp-not-inc,185848,HS-grad,9,Never-married,Exec-managerial,Not-in-family,White,Male,4650,0,50,United-States,<=50K
25,Private,338013,Some-college,10,Divorced,Tech-support,Not-in-family,White,Female,0,0,40,United-States,<=50K
50,Private,358740,HS-grad,9,Divorced,Adm-clerical,Unmarried,White,Female,0,0,40,England,<=50K
46,Federal-gov,46537,Masters,14,Never-married,Prof-specialty,Not-in-family,White,Female,0,0,40,United-States,<=50K
61,Self-emp-not-inc,215591,HS-grad,9,Married-civ-spouse,Exec-managerial,Husband,White,Male,0,1887,40,United-States,>50K
46,Private,186410,Prof-school,15,Never-married,Exec-managerial,Not-in-family,White,Male,0,0,50,United-States,>50K
25,Private,196771,HS-grad,9,Never-married,Handlers-cleaners,Not-in-family,White,Male,0,0,65,United-States,<=50K
27,Private,193898,HS-grad,9,Divorced,Craft-repair,Not-in-family,White,Male,0,0,50,United-States,<=50K
42,Private,126003,HS-grad,9,Married-civ-spouse,Tech-support,Husband,White,Male,0,0,40,United-States,>50K
50,Self-emp-not-inc,204402,HS-grad,9,Married-civ-spouse,Farming-fishing,Husband,White,Male,0,0,84,United-States,>50K
43,Private,37402,Masters,14,Never-married,Exec-managerial,Not-in-family,White,Female,0,0,25,United-States,<=50K
27,Private,189777,HS-grad,9,Married-civ-spouse,Craft-repair,Husband,White,Male,0,0,40,United-States,<=50K
28,Private,115945,Doctorate,16,Never-married,Adm-clerical,Own-child,White,Male,0,0,18,United-States,<=50K
21,Private,304302,HS-grad,9,Never-married,Handlers-cleaners,Own-child,Amer-Indian-Eskimo,Male,0,0,40,United-States,<=50K
58,Private,301867,HS-grad,9,Married-civ-spouse,Farming-fishing,Husband,White,Male,0,0,40,United-States,<=50K
33,Private,103435,Assoc-voc,11,Separated,Prof-specialty,Not-in-family,White,Male,0,0,45,United-States,<=50K
43,Private,216497,Bachelors,13,Divorced,Adm-clerical,Unmarried,White,Female,0,0,40,Germany,<=50K
25,Private,101812,Assoc-voc,11,Married-civ-spouse,Sales,Husband,White,Male,0,0,41,United-States,<=50K
55,Private,115439,Prof-school,15,Married-civ-spouse,Exec-managerial,Husband,White,Male,99999,0,40,United-States,>50K
25,,34161,12th,8,Separated,,Unmarried,White,Female,0,0,30,United-States,<=50K
40,Private,194360,9th,5,Married-civ-spouse,Handlers-cleaners,Husband,White,Male,0,0,40,United-States,<=50K
59,Private,230899,9th,5,Separated,Machine-op-inspct,Unmarried,White,Female,0,0,40,Mexico,<=50K
36,Private,336367,Assoc-acdm,12,Never-married,Exec-managerial,Unmarried,White,Male,0,0,50,United-States,<=50K
55,Private,236520,Assoc-voc,11,Married-civ-spouse,Craft-repair,Husband,White,Male,0,0,40,United-States,>50K
36,Private,311255,HS-grad,9,Married-civ-spouse,Machine-op-inspct,Husband,Black,Male,0,0,40,Haiti,<=50K
37,Federal-gov,33487,Some-college,10,Divorced,Tech-support,Unmarried,Amer-Indian-Eskimo,Female,0,0,20,United-States,<=50K
55,Self-emp-not-inc,189933,7th-8th,4,Married-civ-spouse,Farming-fishing,Husband,White,Male,0,0,50,United-States,<=50K
36,,214896,9th,5,Divorced,,Unmarried,White,Female,0,0,40,Mexico,<=50K
31,Private,511289,HS-grad,9,Never-married,Farming-fishing,Not-in-family,White,Male,2907,0,99,United-States,<=50K
25,Private,180212,HS-grad,9,Never-married,Adm-clerical,Unmarried,Black,Female,0,0,40,United-States,<=50K
32,State-gov,182556,Bachelors,13,Married-civ-spouse,Protective-serv,Husband,White,Male,0,1887,45,United-States,>50K
46,Private,324601,1st-4th,2,Separated,Machine-op-inspct,Own-child,White,Female,0,0,40,Guatemala,<=50K
40,Private,200574,Assoc-acdm,12,Married-civ-spouse,Tech-support,Husband,White,Male,0,0,44,United-States,<=50K
69,,199591,Prof-school,15,Married-civ-spouse,,Wife,White,Female,0,0,25,,<=50K
37,Private,292855,Assoc-voc,11,Married-civ-spouse,Prof-specialty,Wife,White,Female,0,1887,35,United-States,>50K
50,Private,177896,Doctorate,16,Married-civ-spouse,Prof-specialty,Husband,White,Male,0,0,40,United-States,>50K
21,Private,132320,11th,7,Never-married,Craft-repair,Not-in-family,White,Male,0,0,35,United-States,<=50K
32,Private,311764,10th,6,Married-civ-spouse,Exec-managerial,Wife,White,Female,0,0,35,United-States,<=50K
68,Private,123653,5th-6th,3,Separated,Other-service,Not-in-family,White,Male,0,0,12,Italy,<=50K
25,Private,60358,Bachelors,13,Never-married,Exec-managerial,Own-child,White,Male,0,0,40,United-States,<=50K
21,Private,219137,10th,6,Never-married,Other-service,Own-child,Black,Male,0,0,25,United-States,<=50K
39,Private,387430,HS-grad,9,Never-married,Other-service,Not-in-family,White,Male,0,0,18,United-States,<=50K
42,Self-emp-not-inc,93853,Some-college,10,Married-civ-spouse,Craft-repair,Husband,White,Male,0,0,45,United-States,<=50K
35,Private,158046,Some-college,10,Married-civ-spouse,Sales,Husband,White,Male,5013,0,70,United-States,<=50K
33,State-gov,79440,Masters,14,Never-married,Prof-specialty,Not-in-family,Asian-Pac-Islander,Male,0,0,30,Japan,<=50K
33,Private,221762,Some-college,10,Never-married,Prof-specialty,Not-in-family,Black,Male,0,0,40,United-States,<=50K
19,Self-emp-not-inc,47176,Some-college,10,Never-married,Craft-repair,Not-in-family,White,Female,0,0,15,United-States,<=50K
43,Private,266439,HS-grad,9,Divorced,Machine-op-inspct,Not-in-family,White,Male,0,0,45,United-States,<=50K
66,,376028,HS-grad,9,Married-civ-spouse,,Wife,White,Female,0,0,20,United-States,<=50K
30,,298577,HS-grad,9,Never-married,,Own-child,White,Male,0,0,30,United-States,<=50K
25,Private,98283,Bachelors,13,Never-married,Prof-specialty,Own-child,Asian-Pac-Islander,Male,0,0,40,United-States,<=50K
21,Private,344492,Some-college,10,Never-married,Other-service,Own-child,White,Female,0,0,30,United-States,<=50K
24,Private,399449,Bachelors,13,Never-married,Sales,Own-child,White,Female,0,0,40,United-States,<=50K
23,Private,302195,Bachelors,13,Married-civ-spouse,Prof-specialty,Husband,White,Male,0,0,40,United-States,<=50K
27,Private,259840,Bachelors,13,Married-civ-spouse,Adm-clerical,Husband,White,Male,0,0,45,United-States,<=50K
38,Private,107303,HS-grad,9,Married-civ-spouse,Craft-repair,Husband,White,Male,0,0,40,United-States,<=50K
47,Private,175990,HS-grad,9,Married-civ-spouse,Other-service,Wife,White,Female,0,0,30,United-States,>50K
29,Private,169815,Assoc-acdm,12,Married-civ-spouse,Sales,Husband,White,Male,0,0,50,United-States,>50K
28,Private,218887,HS-grad,9,Never-married,Farming-fishing,Unmarried,White,Female,0,0,35,United-States,<=50K
18,Private,142751,10th,6,Never-married,Handlers-cleaners,Not-in-family,White,Male,0,0,40,United-States,<=50K
20,Private,471452,Some-college,10,Never-married,Other-service,Own-child,White,Male,0,0,30,United-States,<=50K
24,Self-emp-not-inc,322931,7th-8th,4,Married-civ-spouse,Transport-moving,Husband,White,Male,0,1902,40,United-States,>50K
50,Self-emp-not-inc,131982,HS-grad,9,Married-civ-spouse,Other-service,Husband,Asian-Pac-Islander,Male,0,0,60,South,<=50K
29,Private,393264,Bachelors,13,Never-married,Prof-specialty,Not-in-family,White,Male,0,0,40,United-States,<=50K
51,Private,143822,Some-college,10,Married-civ-spouse,Craft-repair,Husband,White,Male,7298,0,40,United-States,>50K
35,Self-emp-not-inc,168475,Some-college,10,Married-civ-spouse,Craft-repair,Husband,White,Male,0,0,60,United-States,>50K
56,Self-emp-not-inc,50791,Masters,14,Divorced,Sales,Not-in-family,White,Male,0,1876,60,United-States,<=50K
71,Self-emp-not-inc,130731,HS-grad,9,Widowed,Adm-clerical,Not-in-family,White,Female,0,0,35,United-States,<=50K
22,Private,46561,Assoc-voc,11,Married-civ-spouse,Machine-op-inspct,Husband,White,Male,0,0,40,United-States,<=50K
70,,54849,Doctorate,16,Married-civ-spouse,,Husband,White,Male,0,0,20,United-States,>50K
39,Private,230467,Bachelors,13,Never-married,Sales,Own-child,White,Male,0,1092,40,Germany,<=50K
29,Private,228075,HS-grad,9,Never-married,Adm-clerical,Unmarried,White,Male,0,0,35,Mexico,<=50K
22,Private,184543,Some-college,10,Divorced,Adm-clerical,Unmarried,White,Female,0,0,40,United-States,<=50K
39,Private,77005,Masters,14,Married-civ-spouse,Prof-specialty,Husband,White,Male,99999,0,40,United-States,>50K
37,Private,201319,Some-college,10,Separated,Other-service,Unmarried,White,Female,0,0,40,United-States,<=50K
59,Private,370615,HS-grad,9,Widowed,Adm-clerical,Unmarried,White,Female,0,0,60,United-States,<=50K
22,Private,217363,HS-grad,9,Separated,Adm-clerical,Unmarried,White,Female,0,0,40,United-States,<=50K
54,Private,172962,HS-grad,9,Married-civ-spouse,Sales,Husband,White,Male,0,0,40,United-States,<=50K
21,Private,116788,HS-grad,9,Never-married,Craft-repair,Own-child,White,Male,0,0,40,United-States,<=50K
47,Private,111797,Some-college,10,Never-married,Other-service,Not-in-family,Black,Female,0,0,35,Outlying-US(Guam-USVI-etc),<=50K
42,Private,198316,Assoc-voc,11,Divorced,Craft-repair,Not-in-family,White,Male,0,0,35,United-States,<=50K
23,Private,343019,10th,6,Never-married,Other-service,Not-in-family,White,Female,0,0,40,United-States,<=50K
32,Private,195576,11th,7,Married-civ-spouse,Machine-op-inspct,Husband,White,Male,0,0,40,United-States,<=50K
57,Self-emp-inc,220789,HS-grad,9,Married-civ-spouse,Sales,Husband,White,Male,0,0,45,United-States,>50K
32,Private,164197,Bachelors,13,Married-civ-spouse,Exec-managerial,Husband,White,Male,0,0,60,United-States,>50K
48,Self-emp-not-inc,104790,11th,7,Married-civ-spouse,Farming-fishing,Husband,White,Male,0,0,50,United-States,>50K
21,Private,312017,Some-college,10,Never-married,Craft-repair,Not-in-family,White,Male,0,0,40,United-States,<=50K
53,Private,139671,Bachelors,13,Married-civ-spouse,Prof-specialty,Husband,White,Male,0,1902,40,United-States,>50K
23,Local-gov,190709,Assoc-acdm,12,Never-married,Protective-serv,Not-in-family,White,Male,0,0,52,United-States,<=50K
35,Local-gov,102938,HS-grad,9,Married-civ-spouse,Other-service,Husband,White,Male,0,0,40,United-States,<=50K
24,Private,190457,Some-college,10,Never-married,Adm-clerical,Own-child,White,Female,0,0,40,United-States,<=50K
77,Self-emp-inc,84979,Doctorate,16,Married-civ-spouse,Farming-fishing,Husband,White,Male,20051,0,40,United-States,>50K
71,Self-emp-not-inc,163293,Prof-school,15,Married-civ-spouse,Farming-fishing,Husband,White,Male,0,0,2,United-States,<=50K
29,Self-emp-not-inc,104423,Some-college,10,Married-civ-spouse,Exec-managerial,Other-relative,White,Male,4386,0,45,United-States,>50K
30,Self-emp-inc,119422,Some-college,10,Married-civ-spouse,Exec-managerial,Husband,White,Male,0,0,70,United-States,<=50K
27,Private,164607,Bachelors,13,Separated,Tech-support,Own-child,White,Male,0,0,50,United-States,<=50K
24,Private,199011,HS-grad,9,Never-married,Craft-repair,Own-child,White,Male,0,0,40,United-States,<=50K
44,Private,173682,Some-college,10,Married-civ-spouse,Transport-moving,Husband,White,Male,0,0,40,United-States,<=50K
32,Private,256609,12th,8,Married-civ-spouse,Machine-op-inspct,Husband,White,Male,0,0,40,Mexico,<=50K
63,Private,246841,HS-grad,9,Married-civ-spouse,Handlers-cleaners,Husband,White,Male,0,0,40,United-States,<=50K
25,Private,195914,Some-college,10,Never-married,Sales,Own-child,Black,Female,3418,0,30,United-States,<=50K
53,Private,141388,HS-grad,9,Married-civ-spouse,Transport-moving,Husband,White,Male,0,0,40,United-States,>50K
30,Local-gov,261319,7th-8th,4,Married-civ-spouse,Transport-moving,Husband,White,Male,0,0,40,United-States,<=50K
46,Private,201217,HS-grad,9,Divorced,Prof-specialty,Not-in-family,White,Female,0,0,40,United-States,<=50K
19,Private,389942,HS-grad,9,Never-married,Sales,Not-in-family,White,Male,0,0,40,United-States,<=50K
30,Federal-gov,355789,HS-grad,9,Never-married,Adm-clerical,Not-in-family,Black,Female,0,0,50,United-States,<=50K
26,Private,291968,Bachelors,13,Never-married,Prof-specialty,Not-in-family,White,Male,0,0,40,United-States,<=50K
20,Private,34590,Some-college,10,Never-married,Farming-fishing,Own-child,White,Male,0,0,60,United-States,<=50K
46,Self-emp-inc,326048,Some-college,10,Married-civ-spouse,Exec-managerial,Husband,White,Male,0,0,40,United-States,>50K
24,Private,285432,HS-grad,9,Never-married,Exec-managerial,Own-child,White,Male,0,0,40,United-States,<=50K
34,Private,108116,Bachelors,13,Married-civ-spouse,Prof-specialty,Husband,White,Male,0,0,50,United-States,>50K
25,Private,164229,HS-grad,9,Divorced,Other-service,Not-in-family,White,Male,2597,0,40,United-States,<=50K
36,Private,188834,9th,5,Married-civ-spouse,Transport-moving,Husband,White,Male,0,0,50,United-States,<=50K
48,Private,141511,Masters,14,Married-civ-spouse,Exec-managerial,Husband,White,Male,0,0,40,United-States,>50K
17,Private,242718,11th,7,Never-married,Sales,Own-child,White,Male,0,0,12,United-States,<=50K
61,Private,411652,12th,8,Married-civ-spouse,Craft-repair,Husband,White,Male,0,0,40,Mexico,<=50K
64,Private,98586,Doctorate,16,Married-civ-spouse,Prof-specialty,Husband,White,Male,0,0,60,United-States,>50K
26,Private,205428,Some-college,10,Married-civ-spouse,Sales,Husband,White,Male,0,0,45,United-States,<=50K
66,Private,180211,Bachelors,13,Married-civ-spouse,Craft-repair,Husband,Asian-Pac-Islander,Male,0,0,30,Philippines,<=50K
32,Private,94041,Assoc-voc,11,Never-married,Craft-repair,Not-in-family,White,Male,0,0,44,Ireland,<=50K
35,Private,126675,HS-grad,9,Divorced,Craft-repair,Not-in-family,White,Male,0,0,46,,<=50K
60,Private,297261,Some-college,10,Widowed,Sales,Not-in-family,White,Female,0,0,15,United-States,<=50K
36,Private,280440,Assoc-acdm,12,Never-married,Tech-support,Unmarried,White,Female,0,0,45,United-States,<=50K
38,State-gov,321943,Doctorate,16,Married-civ-spouse,Prof-specialty,Husband,White,Male,0,0,40,United-States,>50K
33,Self-emp-not-inc,48702,Assoc-voc,11,Married-civ-spouse,Farming-fishing,Husband,White,Male,0,0,65,United-States,<=50K
20,Local-gov,312427,HS-grad,9,Married-civ-spouse,Protective-serv,Husband,Black,Male,0,0,30,Puerto-Rico,<=50K
55,State-gov,26290,Assoc-voc,11,Widowed,Exec-managerial,Not-in-family,Amer-Indian-Eskimo,Female,0,0,38,United-States,<=50K
48,State-gov,201177,Bachelors,13,Married-civ-spouse,Exec-managerial,Husband,Black,Male,0,0,40,United-States,>50K
49,,52590,HS-grad,9,Never-married,,Not-in-family,Black,Male,0,0,40,United-States,<=50K
26,Private,89326,Bachelors,13,Never-married,Sales,Not-in-family,White,Male,0,0,40,United-States,<=50K
56,Private,189975,Some-college,10,Married-civ-spouse,Craft-repair,Husband,White,Male,0,1902,60,United-States,>50K
36,Private,191335,Some-college,10,Married-civ-spouse,Craft-repair,Husband,White,Male,0,0,56,United-States,<=50K
27,Local-gov,322208,Some-college,10,Never-married,Transport-moving,Own-child,White,Male,0,0,40,United-States,<=50K
41,Local-gov,190786,Bachelors,13,Divorced,Prof-specialty,Not-in-family,White,Male,0,0,20,United-States,<=50K
48,Private,227714,Bachelors,13,Married-civ-spouse,Sales,Husband,White,Male,0,0,60,United-States,<=50K
31,Private,507875,9th,5,Married-civ-spouse,Machine-op-inspct,Husband,White,Male,0,0,43,United-States,<=50K
26,Private,114483,HS-grad,9,Married-civ-spouse,Machine-op-inspct,Husband,White,Male,0,0,40,United-States,<=50K
29,Private,163003,Bachelors,13,Never-married,Adm-clerical,Own-child,Asian-Pac-Islander,Female,2202,0,40,Taiwan,<=50K
30,Private,277314,HS-grad,9,Separated,Machine-op-inspct,Not-in-family,Black,Male,0,0,40,United-States,<=50K
37,Self-emp-not-inc,218249,11th,7,Divorced,Prof-specialty,Unmarried,Black,Female,0,0,30,United-States,<=50K
35,Private,255635,9th,5,Married-civ-spouse,Craft-repair,Husband,Other,Male,0,0,40,Mexico,<=50K
24,Private,127647,Some-college,10,Separated,Adm-clerical,Unmarried,White,Female,0,0,35,United-States,<=50K
42,Self-emp-not-inc,96524,Bachelors,13,Married-civ-spouse,Sales,Husband,White,Male,0,0,40,United-States,>50K
54,Self-emp-not-inc,108435,Some-college,10,Married-civ-spouse,Transport-moving,Husband,White,Male,2829,0,30,United-States,<=50K
43,Private,156745,Some-college,10,Married-civ-spouse,Craft-repair,Husband,Black,Male,0,0,40,United-States,<=50K
60,Private,113440,Bachelors,13,Divorced,Exec-managerial,Own-child,White,Male,0,0,60,United-States,<=50K
20,Private,211345,Some-college,10,Never-married,Handlers-cleaners,Own-child,White,Female,0,0,20,United-States,<=50K
54,Private,420691,1st-4th,2,Married-civ-spouse,Other-service,Husband,White,Male,0,0,40,Mexico,<=50K
22,Private,288132,Some-college,10,Never-married,Sales,Own-child,White,Female,0,0,35,United-States,<=50K
43,Federal-gov,32016,Masters,14,Married-civ-spouse,Prof-specialty,Husband,White,Male,0,0,40,United-States,>50K
64,Self-emp-inc,195366,Bachelors,13,Married-civ-spouse,Prof-specialty,Husband,White,Male,0,0,40,United-States,<=50K
39,Private,706180,Bachelors,13,Divorced,Sales,Unmarried,White,Female,0,0,40,United-States,<=50K
36,Private,162256,HS-grad,9,Divorced,Exec-managerial,Unmarried,White,Female,0,0,40,United-States,<=50K
30,Private,348618,9th,5,Married-civ-spouse,Craft-repair,Husband,Other,Male,0,0,40,Mexico,<=50K
44,Local-gov,193882,Assoc-voc,11,Never-married,Tech-support,Not-in-family,White,Male,0,1340,40,United-States,<=50K
43,Private,141858,11th,7,Married-civ-spouse,Handlers-cleaners,Husband,White,Male,0,0,40,United-States,<=50K
31,Private,110643,Bachelors,13,Married-civ-spouse,Prof-specialty,Husband,White,Male,0,0,40,United-States,>50K
22,Private,112137,Some-college,10,Never-married,Prof-specialty,Other-relative,Asian-Pac-Islander,Female,0,0,20,South,<=50K
25,Private,186294,HS-grad,9,Never-married,Adm-clerical,Not-in-family,White,Female,0,0,50,United-States,<=50K
25,Private,204338,10th,6,Married-civ-spouse,Craft-repair,Husband,White,Male,0,0,40,Mexico,<=50K
42,Private,339346,Masters,14,Divorced,Adm-clerical,Not-in-family,White,Female,0,0,25,United-States,<=50K
65,Private,205309,HS-grad,9,Married-civ-spouse,Adm-clerical,Husband,White,Male,0,0,20,United-States,<=50K
34,Private,117963,Prof-school,15,Married-civ-spouse,Prof-specialty,Husband,White,Male,0,0,50,United-States,>50K
62,Self-emp-inc,200577,Masters,14,Married-civ-spouse,Sales,Husband,White,Male,0,0,45,United-States,>50K
41,Private,112283,HS-grad,9,Married-civ-spouse,Craft-repair,Husband,White,Male,0,0,60,United-States,>50K
32,Federal-gov,148138,Bachelors,13,Married-civ-spouse,Prof-specialty,Husband,Asian-Pac-Islander,Male,0,2002,40,Iran,<=50K
18,Private,334026,11th,7,Never-married,Craft-repair,Own-child,White,Male,0,0,25,United-States,<=50K
40,Private,124915,HS-grad,9,Married-civ-spouse,Machine-op-inspct,Husband,White,Male,0,0,40,United-States,<=50K
17,Private,175024,11th,7,Never-married,Handlers-cleaners,Own-child,White,Male,2176,0,18,United-States,<=50K
49,Private,166809,Bachelors,13,Divorced,Exec-managerial,Unmarried,White,Female,0,0,40,United-States,>50K
55,Self-emp-not-inc,283635,Prof-school,15,Divorced,Prof-specialty,Not-in-family,White,Female,0,0,35,United-States,<=50K
39,Private,53926,Bachelors,13,Married-civ-spouse,Prof-specialty,Husband,White,Male,0,0,40,United-States,<=50K
25,Private,396633,Some-college,10,Married-civ-spouse,Adm-clerical,Wife,Black,Female,0,0,56,United-States,>50K
22,Private,175431,HS-grad,9,Married-civ-spouse,Other-service,Husband,White,Male,0,0,20,United-States,<=50K
60,Local-gov,124987,Bachelors,13,Married-civ-spouse,Prof-specialty,Husband,White,Male,7298,0,40,United-States,>50K
21,Private,277408,Some-college,10,Never-married,Other-service,Unmarried,White,Female,0,0,35,United-States,<=50K
38,Private,70995,HS-grad,9,Divorced,Prof-specialty,Not-in-family,White,Male,0,0,45,United-States,<=50K
26,Local-gov,103148,HS-grad,9,Never-married,Adm-clerical,Not-in-family,White,Female,0,0,40,United-States,<=50K
34,State-gov,50178,Some-college,10,Married-civ-spouse,Exec-managerial,Husband,White,Male,0,0,38,United-States,<=50K
49,Private,353824,Some-college,10,Divorced,Prof-specialty,Not-in-family,White,Male,0,0,45,United-States,>50K
48,Federal-gov,166634,Bachelors,13,Married-civ-spouse,Adm-clerical,Wife,White,Female,7688,0,40,United-States,>50K
21,Private,96844,Some-college,10,Never-married,Adm-clerical,Not-in-family,White,Female,0,0,20,United-States,<=50K
33,Private,111985,Some-college,10,Married-civ-spouse,Craft-repair,Husband,White,Male,0,0,58,United-States,<=50K
26,Private,200681,HS-grad,9,Never-married,Machine-op-inspct,Own-child,White,Male,0,0,40,United-States,<=50K
47,Private,158286,Masters,14,Married-civ-spouse,Exec-managerial,Husband,White,Male,0,0,50,United-States,>50K
37,Private,91711,Bachelors,13,Married-civ-spouse,Exec-managerial,Husband,White,Male,0,0,60,United-States,>50K
30,Private,35724,Prof-school,15,Married-civ-spouse,Prof-specialty,Wife,White,Female,0,0,45,United-States,>50K
58,Private,225394,HS-grad,9,Married-civ-spouse,Craft-repair,Husband,White,Male,0,1902,40,United-States,<=50K
17,Private,317702,9th,5,Never-married,Other-service,Own-child,Black,Female,0,0,40,United-States,<=50K
43,Private,129853,10th,6,Never-married,Machine-op-inspct,Not-in-family,Black,Male,0,0,40,United-States,<=50K
51,Local-gov,47415,Assoc-acdm,12,Married-civ-spouse,Adm-clerical,Wife,White,Female,0,1628,30,United-States,<=50K
48,Self-emp-not-inc,58683,Some-college,10,Married-civ-spouse,Sales,Husband,White,Male,0,0,70,United-States,>50K
51,Self-emp-inc,46281,Some-college,10,Married-civ-spouse,Sales,Husband,White,Male,0,0,50,United-States,>50K
21,Private,198050,Assoc-acdm,12,Never-married,Adm-clerical,Not-in-family,White,Female,0,0,25,United-States,<=50K
47,Self-emp-not-inc,126500,7th-8th,4,Married-civ-spouse,Sales,Husband,White,Male,0,0,40,Puerto-Rico,<=50K
19,State-gov,67217,Some-college,10,Never-married,Other-service,Not-in-family,White,Male,594,0,24,United-States,<=50K
40,Private,198452,11th,7,Married-civ-spouse,Farming-fishing,Husband,White,Male,0,0,40,United-States,<=50K
32,Private,207400,HS-grad,9,Never-married,Machine-op-inspct,Unmarried,Black,Female,0,0,40,United-States,<=50K
40,Local-gov,99185,Assoc-acdm,12,Married-civ-spouse,Protective-serv,Husband,White,Male,0,0,40,United-States,<=50K
36,State-gov,137421,Assoc-voc,11,Married-civ-spouse,Tech-support,Husband,Asian-Pac-Islander,Male,0,0,37,Hong,<=50K
65,Self-emp-inc,139272,Bachelors,13,Married-civ-spouse,Sales,Husband,White,Male,99999,0,60,United-States,>50K
42,Private,223548,7th-8th,4,Married-civ-spouse,Handlers-cleaners,Husband,White,Male,0,0,30,Mexico,<=50K
31,Federal-gov,34862,Assoc-acdm,12,Married-civ-spouse,Sales,Husband,Asian-Pac-Islander,Male,0,0,40,United-States,<=50K
28,Private,148429,HS-grad,9,Married-civ-spouse,Machine-op-inspct,Husband,White,Male,2885,0,40,United-States,<=50K
25,Private,195994,1st-4th,2,Never-married,Priv-house-serv,Not-in-family,White,Female,0,0,40,Guatemala,<=50K
24,State-gov,215797,Bachelors,13,Never-married,Tech-support,Not-in-family,White,Female,0,0,40,United-States,<=50K
36,Self-emp-not-inc,188972,Doctorate,16,Separated,Prof-specialty,Unmarried,White,Female,0,0,10,Canada,<=50K
49,Federal-gov,128990,Bachelors,13,Married-civ-spouse,Prof-specialty,Husband,White,Male,0,0,40,United-States,>50K
31,Private,111883,HS-grad,9,Never-married,Craft-repair,Other-relative,White,Male,0,0,40,United-States,<=50K
18,Private,365683,HS-grad,9,Never-married,Adm-clerical,Own-child,White,Female,0,0,16,United-States,<=50K
19,Private,378114,HS-grad,9,Married-civ-spouse,Craft-repair,Husband,White,Male,0,0,25,United-States,<=50K
27,Private,138705,HS-grad,9,Married-civ-spouse,Craft-repair,Husband,White,Male,0,0,53,United-States,<=50K
19,Self-emp-not-inc,100999,11th,7,Never-married,Adm-clerical,Own-child,White,Female,0,0,30,United-States,<=50K
61,,187636,Bachelors,13,Divorced,,Unmarried,White,Female,0,0,40,United-States,<=50K
33,Private,204742,Some-college,10,Married-civ-spouse,Sales,Husband,White,Male,0,0,44,United-States,<=50K
22,State-gov,157541,Some-college,10,Never-married,Prof-specialty,Not-in-family,White,Male,0,0,10,United-States,<=50K
18,Private,160984,11th,7,Never-married,Other-service,Own-child,White,Female,0,0,15,United-States,<=50K
35,Private,379959,HS-grad,9,Divorced,Other-service,Not-in-family,White,Female,0,0,40,United-States,<=50K
22,,219941,Some-college,10,Never-married,,Own-child,Black,Male,0,0,40,United-States,<=50K
49,Private,48120,HS-grad,9,Never-married,Transport-moving,Unmarried,Black,Female,1506,0,40,United-States,<=50K
34,Private,319854,Doctorate,16,Never-married,Prof-specialty,Not-in-family,White,Male,0,0,40,Taiwan,>50K
47,,99127,Assoc-voc,11,Married-civ-spouse,,Husband,White,Male,0,0,40,United-States,>50K
30,Self-emp-not-inc,226535,7th-8th,4,Married-civ-spouse,Farming-fishing,Husband,White,Male,0,0,40,Mexico,<=50K
23,Private,193586,Some-college,10,Never-married,Adm-clerical,Own-child,White,Female,0,0,25,United-States,<=50K
27,Local-gov,151626,HS-grad,9,Never-married,Prof-specialty,Own-child,Black,Female,0,0,40,United-States,<=50K
37,Local-gov,244341,Some-college,10,Never-married,Adm-clerical,Unmarried,Black,Female,0,0,40,United-States,<=50K
26,Private,48280,Bachelors,13,Never-married,Prof-specialty,Not-in-family,White,Female,0,0,40,United-States,<=50K
53,Federal-gov,177212,Some-college,10,Never-married,Prof-specialty,Unmarried,White,Female,0,0,40,United-States,<=50K
20,Private,284317,Some-college,10,Never-married,Other-service,Own-child,White,Female,0,0,35,United-States,<=50K
61,Private,128230,HS-grad,9,Married-civ-spouse,Prof-specialty,Husband,White,Male,0,0,30,United-States,<=50K
59,Private,70720,Bachelors,13,Divorced,Sales,Not-in-family,White,Male,0,0,55,United-States,>50K
58,State-gov,194068,Masters,14,Married-civ-spouse,Prof-specialty,Husband,White,Male,0,1977,50,United-States,>50K
61,Private,221447,HS-grad,9,Never-married,Machine-op-inspct,Not-in-family,Black,Female,0,0,40,United-States,<=50K
32,Private,251243,Some-college,10,Divorced,Exec-managerial,Not-in-family,White,Female,0,0,50,United-States,>50K
19,Private,182355,Some-college,10,Never-married,Adm-clerical,Own-child,Black,Female,0,0,20,United-States,<=50K
20,Self-emp-not-inc,54152,Some-college,10,Never-married,Craft-repair,Not-in-family,White,Female,0,0,35,United-States,<=50K
35,Self-emp-inc,186845,Bachelors,13,Married-civ-spouse,Sales,Own-child,White,Male,5178,0,50,United-States,>50K
54,Local-gov,182388,HS-grad,9,Married-civ-spouse,Other-service,Wife,White,Female,0,0,35,United-States,<=50K
45,Private,122195,HS-grad,9,Widowed,Craft-repair,Unmarried,Black,Female,0,0,40,United-States,<=50K
57,Private,103540,5th-6th,3,Married-civ-spouse,Transport-moving,Husband,Black,Male,0,0,50,United-States,<=50K
32,Private,209691,Bachelors,13,Married-civ-spouse,Sales,Husband,White,Male,0,0,42,United-States,>50K
26,Private,290286,HS-grad,9,Never-married,Craft-repair,Not-in-family,Black,Male,0,0,40,United-States,<=50K
35,Private,257416,Assoc-voc,11,Never-married,Craft-repair,Own-child,Black,Male,0,0,40,United-States,<=50K
22,Private,218886,12th,8,Never-married,Handlers-cleaners,Own-child,Amer-Indian-Eskimo,Male,0,0,40,United-States,<=50K
61,,135285,HS-grad,9,Married-civ-spouse,,Husband,White,Male,0,2603,32,United-States,<=50K
32,Private,244147,Bachelors,13,Never-married,Prof-specialty,Not-in-family,White,Male,0,1876,50,United-States,<=50K
42,Private,147099,HS-grad,9,Divorced,Other-service,Unmarried,White,Female,0,0,30,United-States,<=50K
28,Private,204074,Masters,14,Married-civ-spouse,Prof-specialty,Husband,White,Male,0,0,48,United-States,<=50K
25,Private,410240,HS-grad,9,Never-married,Craft-repair,Own-child,White,Male,0,0,40,United-States,<=50K
48,Private,182313,Some-college,10,Married-civ-spouse,Handlers-cleaners,Husband,White,Male,0,0,40,United-States,<=50K
42,Private,27444,Some-college,10,Married-spouse-absent,Prof-specialty,Not-in-family,White,Male,0,0,40,United-States,>50K
35,Private,101709,HS-grad,9,Never-married,Transport-moving,Own-child,Asian-Pac-Islander,Male,0,0,60,United-States,<=50K
42,Private,124692,HS-grad,9,Married-civ-spouse,Handlers-cleaners,Husband,White,Male,0,0,40,United-States,<=50K
43,Private,178866,HS-grad,9,Married-civ-spouse,Adm-clerical,Wife,White,Female,0,0,25,United-States,>50K
21,Private,26410,HS-grad,9,Never-married,Adm-clerical,Not-in-family,White,Female,0,0,40,United-States,<=50K
29,Private,133937,Doctorate,16,Never-married,Prof-specialty,Own-child,White,Male,0,0,40,United-States,<=50K
60,Private,238913,Bachelors,13,Married-civ-spouse,Sales,Husband,White,Male,0,0,46,United-States,>50K
31,Private,66278,Some-college,10,Married-civ-spouse,Prof-specialty,Wife,White,Female,3908,0,40,United-States,<=50K
59,State-gov,186308,Masters,14,Married-civ-spouse,Prof-specialty,Husband,White,Male,0,0,50,United-States,<=50K
58,,266792,Some-college,10,Married-civ-spouse,,Husband,White,Male,99999,0,40,United-States,>50K
33,Private,609789,Assoc-acdm,12,Married-spouse-absent,Machine-op-inspct,Unmarried,White,Male,0,0,40,United-States,<=50K
24,Private,300584,HS-grad,9,Never-married,Handlers-cleaners,Unmarried,White,Male,0,0,40,United-States,<=50K
46,Self-emp-not-inc,82572,HS-grad,9,Widowed,Other-service,Other-relative,White,Female,0,0,40,United-States,<=50K
24,,267955,9th,5,Never-married,,Own-child,White,Female,0,0,20,United-States,<=50K
58,Private,356067,Bachelors,13,Married-civ-spouse,Adm-clerical,Husband,White,Male,0,0,40,United-States,<=50K
35,Private,38294,HS-grad,9,Married-civ-spouse,Craft-repair,Husband,White,Male,0,0,40,United-States,<=50K
49,Private,115784,HS-grad,9,Married-civ-spouse,Machine-op-inspct,Husband,White,Male,0,0,40,United-States,<=50K
33,Private,154120,HS-grad,9,Divorced,Handlers-cleaners,Own-child,White,Male,0,0,45,United-States,<=50K
35,Private,301614,HS-grad,9,Married-civ-spouse,Other-service,Husband,White,Male,0,0,60,United-States,<=50K
19,Private,219189,12th,8,Never-married,Other-service,Own-child,White,Male,0,0,25,United-States,<=50K
43,Private,112494,HS-grad,9,Divorced,Transport-moving,Not-in-family,White,Male,0,0,45,United-States,<=50K
43,Private,184846,HS-grad,9,Widowed,Machine-op-inspct,Unmarried,White,Female,0,0,60,United-States,<=50K
56,Private,134756,HS-grad,9,Never-married,Other-service,Not-in-family,Black,Female,0,0,40,United-States,<=50K
30,Private,340917,HS-grad,9,Never-married,Craft-repair,Not-in-family,White,Male,0,0,40,United-States,<=50K
29,Private,206250,HS-grad,9,Married-civ-spouse,Craft-repair,Husband,White,Male,0,0,45,United-States,<=50K
41,Private,116391,Bachelors,13,Married-civ-spouse,Handlers-cleaners,Husband,White,Male,0,0,40,Germany,<=50K
56,Private,437727,9th,5,Married-civ-spouse,Sales,Husband,White,Male,0,0,40,United-States,<=50K
38,Private,189916,Some-college,10,Married-civ-spouse,Sales,Wife,White,Female,0,0,40,United-States,<=50K
31,Self-emp-inc,467108,Bachelors,13,Never-married,Prof-specialty,Not-in-family,White,Male,0,0,45,United-States,>50K
41,Self-emp-not-inc,169023,Bachelors,13,Married-civ-spouse,Adm-clerical,Wife,White,Female,7688,0,40,United-States,>50K
56,Private,200316,Some-college,10,Married-civ-spouse,Adm-clerical,Husband,White,Male,0,0,35,United-States,<=50K
25,Private,76978,HS-grad,9,Never-married,Sales,Unmarried,Black,Female,0,0,35,United-States,<=50K
26,Private,135845,Some-college,10,Never-married,Sales,Not-in-family,White,Female,0,0,37,United-States,<=50K
21,,105312,HS-grad,9,Never-married,,Not-in-family,White,Female,0,0,20,United-States,<=50K
60,Private,399387,7th-8th,4,Separated,Priv-house-serv,Unmarried,Black,Female,0,0,15,United-States,<=50K
25,Private,197036,10th,6,Never-married,Craft-repair,Own-child,White,Male,0,0,40,United-States,<=50K
37,Private,214738,HS-grad,9,Married-civ-spouse,Machine-op-inspct,Husband,White,Male,0,0,40,United-States,<=50K
40,Federal-gov,163215,Bachelors,13,Never-married,Prof-specialty,Not-in-family,White,Female,0,0,40,,<=50K
44,Private,228320,HS-grad,9,Married-civ-spouse,Tech-support,Husband,White,Male,0,0,45,United-States,>50K
17,Private,220562,9th,5,Never-married,Sales,Other-relative,Other,Female,0,0,32,Mexico,<=50K
34,Private,158800,Bachelors,13,Married-civ-spouse,Exec-managerial,Husband,White,Male,0,0,50,United-States,>50K
28,Private,197484,HS-grad,9,Never-married,Handlers-cleaners,Own-child,White,Male,0,0,40,United-States,<=50K
41,Private,211253,Masters,14,Married-civ-spouse,Exec-managerial,Wife,White,Female,0,0,40,United-States,>50K
19,Private,199484,Some-college,10,Never-married,Other-service,Own-child,White,Female,0,0,25,United-States,<=50K
54,Private,145419,HS-grad,9,Married-civ-spouse,Sales,Husband,White,Male,0,1672,50,United-States,<=50K
47,Self-emp-not-inc,165039,Some-college,10,Never-married,Other-service,Unmarried,Black,Female,0,0,40,United-States,<=50K
33,Private,168030,Some-college,10,Married-civ-spouse,Prof-specialty,Wife,White,Female,7298,0,21,United-States,>50K
46,Federal-gov,308077,Prof-school,15,Separated,Prof-specialty,Unmarried,White,Female,0,0,40,Germany,>50K
51,Private,202752,HS-grad,9,Never-married,Craft-repair,Not-in-family,Black,Male,0,0,40,United-States,<=50K
50,State-gov,45961,Bachelors,13,Married-spouse-absent,Prof-specialty,Not-in-family,White,Male,6849,0,40,United-States,<=50K
28,Private,157624,Bachelors,13,Never-married,Adm-clerical,Not-in-family,White,Female,0,0,40,United-States,<=50K
19,Private,168294,HS-grad,9,Never-married,Craft-repair,Own-child,White,Male,0,0,40,United-States,<=50K
76,Federal-gov,25319,Masters,14,Widowed,Prof-specialty,Not-in-family,White,Female,0,0,15,United-States,<=50K
56,Federal-gov,255386,Some-college,10,Married-civ-spouse,Adm-clerical,Husband,Asian-Pac-Islander,Male,0,0,40,Laos,<=50K
43,State-gov,98989,HS-grad,9,Married-civ-spouse,Other-service,Husband,Amer-Indian-Eskimo,Male,0,0,40,United-States,<=50K
51,Private,306790,HS-grad,9,Divorced,Craft-repair,Not-in-family,White,Male,0,0,40,United-States,<=50K
30,Local-gov,47085,10th,6,Married-civ-spouse,Craft-repair,Husband,White,Male,0,0,40,United-States,<=50K
66,Private,302072,Assoc-acdm,12,Divorced,Adm-clerical,Unmarried,White,Female,0,0,40,United-States,<=50K
28,Private,296450,Bachelors,13,Married-civ-spouse,Prof-specialty,Husband,White,Male,0,0,40,United-States,<=50K
27,Private,211032,1st-4th,2,Never-married,Craft-repair,Not-in-family,White,Male,0,0,40,Mexico,<=50K
25,Private,302465,12th,8,Never-married,Machine-op-inspct,Not-in-family,White,Male,0,1741,40,United-States,<=50K
32,Self-emp-not-inc,116834,HS-grad,9,Married-civ-spouse,Other-service,Wife,White,Female,0,0,5,,<=50K
51,Private,145409,HS-grad,9,Married-civ-spouse,Craft-repair,Husband,White,Male,0,0,40,United-States,<=50K
22,Private,228452,10th,6,Never-married,Craft-repair,Not-in-family,White,Male,0,0,30,United-States,<=50K
47,Private,121836,Masters,14,Married-civ-spouse,Adm-clerical,Wife,White,Female,7688,0,38,United-States,>50K
60,Self-emp-not-inc,95445,Some-college,10,Married-civ-spouse,Transport-moving,Husband,White,Male,3137,0,46,United-States,<=50K
71,Federal-gov,422149,Some-college,10,Married-civ-spouse,Exec-managerial,Husband,White,Male,20051,0,40,United-States,>50K
81,,106765,Some-college,10,Widowed,,Unmarried,White,Female,0,0,4,United-States,<=50K
45,Private,123681,HS-grad,9,Married-civ-spouse,Sales,Husband,White,Male,0,0,40,United-States,>50K
26,Private,28443,Assoc-voc,11,Never-married,Other-service,Not-in-family,White,Female,0,0,40,United-States,<=50K
40,Private,174395,HS-grad,9,Married-civ-spouse,Craft-repair,Husband,White,Male,0,0,40,United-States,<=50K
24,Private,306460,HS-grad,9,Never-married,Farming-fishing,Unmarried,White,Male,0,0,40,United-States,<=50K
50,Private,138514,Some-college,10,Divorced,Adm-clerical,Unmarried,Black,Female,0,0,40,United-States,<=50K
44,,191982,Some-college,10,Divorced,,Unmarried,White,Female,0,0,10,Poland,<=50K
31,Private,188246,Masters,14,Married-civ-spouse,Prof-specialty,Husband,White,Male,0,0,50,United-States,<=50K
58,Private,194733,Assoc-acdm,12,Married-civ-spouse,Craft-repair,Husband,White,Male,0,0,40,United-States,>50K
67,Self-emp-not-inc,191380,Prof-school,15,Married-civ-spouse,Prof-specialty,Husband,White,Male,20051,0,25,United-States,>50K
40,Private,142657,Assoc-voc,11,Married-civ-spouse,Craft-repair,Husband,Black,Male,0,0,45,United-States,<=50K
42,Private,383493,Masters,14,Married-civ-spouse,Prof-specialty,Husband,White,Male,0,0,50,United-States,>50K
33,Private,156192,Masters,14,Married-civ-spouse,Prof-specialty,Husband,White,Male,0,0,45,United-States,>50K
49,Local-gov,184428,Masters,14,Married-civ-spouse,Adm-clerical,Husband,White,Male,0,0,40,United-States,<=50K
28,Private,209641,HS-grad,9,Never-married,Other-service,Not-in-family,White,Male,0,0,32,United-States,<=50K
45,Local-gov,224474,Bachelors,13,Divorced,Prof-specialty,Unmarried,White,Female,4934,0,50,United-States,>50K
35,Self-emp-not-inc,241469,9th,5,Married-civ-spouse,Craft-repair,Husband,White,Male,2635,0,30,United-States,<=50K
17,Private,286960,11th,7,Never-married,Prof-specialty,Own-child,White,Male,0,0,40,United-States,<=50K
34,Private,342709,Masters,14,Married-civ-spouse,Exec-managerial,Husband,White,Male,0,0,40,United-States,<=50K
49,Self-emp-inc,127111,HS-grad,9,Married-civ-spouse,Exec-managerial,Husband,White,Male,0,0,50,United-States,<=50K
30,Private,54334,9th,5,Never-married,Sales,Not-in-family,White,Male,0,0,40,United-States,<=50K
21,Private,273403,Assoc-voc,11,Never-married,Other-service,Not-in-family,White,Female,0,0,50,United-States,<=50K
44,Private,111275,HS-grad,9,Divorced,Machine-op-inspct,Unmarried,Black,Female,0,0,56,United-States,<=50K
24,Private,124242,HS-grad,9,Never-married,Adm-clerical,Own-child,White,Female,0,0,40,United-States,<=50K
44,Federal-gov,220563,Some-college,10,Married-civ-spouse,Tech-support,Husband,White,Male,0,0,40,United-States,<=50K
64,Self-emp-not-inc,253296,HS-grad,9,Widowed,Other-service,Other-relative,White,Female,0,0,40,United-States,<=50K
53,Self-emp-not-inc,291755,Some-college,10,Married-civ-spouse,Transport-moving,Husband,White,Male,0,0,72,United-States,<=50K
65,Local-gov,153890,12th,8,Widowed,Exec-managerial,Not-in-family,White,Male,2009,0,44,United-States,<=50K
55,Self-emp-not-inc,105582,Masters,14,Married-civ-spouse,Sales,Husband,White,Male,2228,0,50,United-States,<=50K
26,Private,284343,Bachelors,13,Never-married,Prof-specialty,Not-in-family,White,Male,0,0,50,United-States,<=50K
60,,120163,Bachelors,13,Married-civ-spouse,,Husband,White,Male,0,0,40,United-States,<=50K
24,Private,186213,Some-college,10,Married-civ-spouse,Tech-support,Husband,White,Male,0,0,50,United-States,>50K
37,Private,35309,HS-grad,9,Married-civ-spouse,Craft-repair,Husband,White,Male,0,0,40,United-States,<=50K
44,Private,177083,HS-grad,9,Divorced,Adm-clerical,Not-in-family,White,Female,0,0,40,United-States,<=50K
27,Private,210498,Some-college,10,Married-civ-spouse,Exec-managerial,Husband,White,Male,0,0,80,United-States,<=50K
39,Private,187098,Prof-school,15,Married-civ-spouse,Exec-managerial,Wife,White,Female,15024,0,47,United-States,>50K
31,Private,433788,Some-college,10,Married-civ-spouse,Transport-moving,Husband,White,Male,0,0,40,United-States,>50K
42,Private,412379,HS-grad,9,Married-civ-spouse,Handlers-cleaners,Husband,White,Male,0,0,40,United-States,<=50K
41,State-gov,197558,Bachelors,13,Divorced,Exec-managerial,Not-in-family,White,Male,0,0,40,United-States,<=50K
41,Local-gov,51111,Bachelors,13,Widowed,Adm-clerical,Not-in-family,White,Female,0,0,40,United-States,<=50K
34,Private,340458,12th,8,Never-married,Adm-clerical,Unmarried,White,Female,0,0,40,United-States,<=50K
42,Private,190786,Assoc-voc,11,Married-civ-spouse,Craft-repair,Husband,White,Male,0,0,40,United-States,<=50K
19,Private,294029,11th,7,Never-married,Sales,Own-child,Other,Female,0,0,32,Nicaragua,<=50K
33,Private,348152,HS-grad,9,Married-civ-spouse,Craft-repair,Husband,White,Male,0,0,40,United-States,<=50K
37,Private,107737,Bachelors,13,Married-civ-spouse,Prof-specialty,Husband,White,Male,0,0,55,United-States,>50K
56,Self-emp-not-inc,249368,HS-grad,9,Married-spouse-absent,Exec-managerial,Not-in-family,White,Male,0,0,70,United-States,<=50K
40,Private,220563,12th,8,Divorced,Craft-repair,Not-in-family,White,Male,0,0,40,United-States,<=50K
24,Private,186495,HS-grad,9,Divorced,Adm-clerical,Not-in-family,White,Female,0,0,32,United-States,<=50K
49,Private,166789,HS-grad,9,Married-civ-spouse,Adm-clerical,Husband,White,Male,0,0,40,United-States,<=50K
32,Private,107417,HS-grad,9,Never-married,Other-service,Not-in-family,White,Male,0,0,37,United-States,<=50K
78,Self-emp-not-inc,82815,Some-college,10,Married-civ-spouse,Craft-repair,Husband,White,Male,0,0,3,United-States,>50K
52,Self-emp-not-inc,194995,Bachelors,13,Married-civ-spouse,Sales,Husband,White,Male,15024,0,55,United-States,>50K
40,Private,155190,10th,6,Never-married,Craft-repair,Other-relative,Black,Male,0,0,55,United-States,<=50K
61,Private,193479,HS-grad,9,Widowed,Adm-clerical,Unmarried,White,Female,0,0,24,United-States,<=50K
52,Self-emp-not-inc,103794,Assoc-voc,11,Divorced,Prof-specialty,Not-in-family,White,Female,0,0,35,United-States,<=50K
28,Private,236861,Bachelors,13,Divorced,Craft-repair,Unmarried,White,Male,0,0,50,United-States,<=50K
45,Private,358701,12th,8,Never-married,Other-service,Own-child,White,Male,0,0,10,Mexico,<=50K
40,Private,123557,Some-college,10,Married-civ-spouse,Sales,Husband,White,Male,0,0,40,United-States,<=50K
53,Private,123011,Masters,14,Married-civ-spouse,Exec-managerial,Husband,White,Male,0,0,45,United-States,>50K
29,Private,253593,HS-grad,9,Never-married,Craft-repair,Own-child,Black,Male,0,0,40,United-States,<=50K
51,Self-emp-not-inc,107096,HS-grad,9,Married-civ-spouse,Farming-fishing,Husband,White,Male,0,0,50,United-States,<=50K
41,Private,119266,HS-grad,9,Married-civ-spouse,Other-service,Husband,White,Male,0,0,40,United-States,<=50K
33,Local-gov,70164,Bachelors,13,Never-married,Prof-specialty,Not-in-family,Amer-Indian-Eskimo,Male,0,0,60,United-States,<=50K
26,Private,371556,Some-college,10,Never-married,Adm-clerical,Not-in-family,White,Female,0,0,40,United-States,<=50K
39,Private,101146,HS-grad,9,Divorced,Prof-specialty,Not-in-family,White,Female,4650,0,40,United-States,<=50K
45,Private,81132,Some-college,10,Married-civ-spouse,Tech-support,Husband,Asian-Pac-Islander,Male,0,0,55,United-States,>50K
20,Private,283969,Some-college,10,Never-married,Handlers-cleaners,Other-relative,White,Male,0,0,15,United-States,<=50K
28,Private,174327,HS-grad,9,Married-civ-spouse,Machine-op-inspct,Husband,White,Male,0,0,50,United-States,<=50K
53,Private,95864,HS-grad,9,Never-married,Adm-clerical,Other-relative,White,Male,0,0,35,United-States,<=50K
22,,179973,Assoc-voc,11,Never-married,,Own-child,White,Male,0,0,40,United-States,<=50K
22,Private,59184,Assoc-acdm,12,Never-married,Adm-clerical,Not-in-family,White,Male,0,0,45,United-States,<=50K
34,Private,101709,HS-grad,9,Separated,Transport-moving,Not-in-family,Asian-Pac-Islander,Male,0,0,40,United-States,<=50K
28,Private,251905,Bachelors,13,Married-civ-spouse,Prof-specialty,Husband,White,Male,0,0,50,United-States,<=50K
29,Private,214858,Bachelors,13,Married-civ-spouse,Sales,Husband,White,Male,0,0,40,United-States,>50K
59,Local-gov,238431,HS-grad,9,Divorced,Adm-clerical,Unmarried,White,Female,0,0,38,United-States,<=50K
51,Self-emp-not-inc,124963,Prof-school,15,Divorced,Prof-specialty,Not-in-family,White,Male,0,0,80,United-States,>50K
28,Private,191027,Assoc-acdm,12,Separated,Other-service,Not-in-family,White,Male,0,0,40,United-States,<=50K
28,Private,250135,Some-college,10,Divorced,Exec-managerial,Not-in-family,White,Female,0,0,40,United-States,<=50K
38,Local-gov,282753,Assoc-voc,11,Divorced,Exec-managerial,Own-child,White,Male,0,0,40,United-States,<=50K
47,Private,329144,HS-grad,9,Married-civ-spouse,Sales,Husband,White,Male,4386,0,45,United-States,>50K
47,Private,170850,Bachelors,13,Married-civ-spouse,Tech-support,Husband,White,Male,0,0,48,United-States,<=50K
23,Private,145389,Some-college,10,Married-civ-spouse,Sales,Wife,White,Female,0,0,40,United-States,<=50K
45,Private,53524,Some-college,10,Married-civ-spouse,Craft-repair,Husband,White,Male,0,0,40,United-States,<=50K
31,Private,178841,HS-grad,9,Never-married,Adm-clerical,Not-in-family,White,Female,0,0,40,United-States,<=50K
43,Self-emp-not-inc,183479,HS-grad,9,Married-civ-spouse,Craft-repair,Husband,White,Male,0,0,30,United-States,<=50K
38,Private,174571,10th,6,Married-civ-spouse,Craft-repair,Husband,Black,Male,0,0,45,United-States,<=50K
38,Private,185330,Some-college,10,Never-married,Craft-repair,Own-child,White,Female,0,0,25,United-States,<=50K
24,Private,229773,HS-grad,9,Never-married,Machine-op-inspct,Own-child,White,Male,0,0,40,United-States,<=50K
31,Private,247328,9th,5,Married-civ-spouse,Machine-op-inspct,Husband,White,Male,3137,0,40,Mexico,<=50K
25,Private,98281,12th,8,Never-married,Handlers-cleaners,Unmarried,White,Male,0,0,43,United-States,<=50K
20,Private,298227,Some-college,10,Never-married,Sales,Not-in-family,White,Male,0,0,35,United-States,<=50K
25,Private,237865,Some-college,10,Never-married,Other-service,Own-child,Black,Male,0,0,42,United-States,<=50K
52,Private,174767,Some-college,10,Married-civ-spouse,Exec-managerial,Husband,White,Male,0,0,45,United-States,>50K
42,Private,106698,Some-college,10,Divorced,Other-service,Unmarried,White,Female,0,0,32,United-States,<=50K
38,Self-emp-not-inc,163204,HS-grad,9,Married-civ-spouse,Craft-repair,Husband,White,Male,3411,0,25,United-States,<=50K
58,Private,212864,HS-grad,9,Divorced,Handlers-cleaners,Not-in-family,White,Male,0,0,40,United-States,<=50K
39,Private,184128,11th,7,Divorced,Sales,Other-relative,White,Female,0,0,40,United-States,<=50K
71,Private,182395,Bachelors,13,Never-married,Craft-repair,Not-in-family,White,Male,11678,0,45,United-States,>50K
36,State-gov,323726,Some-college,10,Never-married,Tech-support,Unmarried,Black,Female,0,0,40,United-States,<=50K
21,Private,387335,Some-college,10,Never-married,Tech-support,Own-child,White,Female,0,1719,9,United-States,<=50K
65,,76043,HS-grad,9,Married-civ-spouse,,Husband,White,Male,0,0,1,United-States,>50K
49,Private,248895,HS-grad,9,Married-civ-spouse,Machine-op-inspct,Husband,White,Male,0,0,45,United-States,<=50K
28,Private,125527,Some-college,10,Never-married,Sales,Not-in-family,White,Male,0,0,50,United-States,<=50K
47,Private,148884,HS-grad,9,Married-civ-spouse,Transport-moving,Husband,White,Male,0,0,60,United-States,<=50K
33,Private,323069,Assoc-voc,11,Divorced,Other-service,Unmarried,White,Female,0,0,40,United-States,<=50K
82,Private,132870,HS-grad,9,Widowed,Exec-managerial,Not-in-family,White,Female,0,4356,18,United-States,<=50K
22,Private,369549,Some-college,10,Never-married,Other-service,Not-in-family,Black,Female,0,0,30,United-States,<=50K
61,Self-emp-inc,139391,Some-college,10,Married-civ-spouse,Sales,Husband,White,Male,0,1902,35,United-States,>50K
32,State-gov,127651,HS-grad,9,Married-civ-spouse,Protective-serv,Husband,White,Male,0,0,40,United-States,<=50K
39,Private,53569,Assoc-voc,11,Married-civ-spouse,Craft-repair,Husband,White,Male,0,0,40,United-States,<=50K
18,Private,194897,HS-grad,9,Never-married,Handlers-cleaners,Own-child,Amer-Indian-Eskimo,Male,0,0,40,United-States,<=50K
36,Private,107125,HS-grad,9,Married-civ-spouse,Tech-support,Husband,White,Male,0,0,50,United-States,<=50K
19,Private,307496,Some-college,10,Never-married,Other-service,Own-child,White,Female,0,0,16,United-States,<=50K
67,Self-emp-not-inc,36876,HS-grad,9,Married-civ-spouse,Farming-fishing,Husband,White,Male,0,0,55,United-States,<=50K
53,State-gov,229465,Doctorate,16,Married-civ-spouse,Prof-specialty,Husband,White,Male,0,0,50,United-States,>50K
20,,337488,Some-college,10,Never-married,,Own-child,Black,Male,0,0,30,United-States,<=50K
17,Private,271837,Some-college,10,Never-married,Craft-repair,Own-child,White,Male,0,0,16,United-States,<=50K
23,Private,163665,HS-grad,9,Never-married,Exec-managerial,Not-in-family,White,Female,0,0,32,United-States,<=50K
52,Private,170562,HS-grad,9,Married-civ-spouse,Exec-managerial,Husband,White,Male,0,0,60,United-States,>50K
32,Private,207284,HS-grad,9,Married-civ-spouse,Machine-op-inspct,Husband,White,Male,0,0,40,United-States,<=50K
32,Private,167990,Masters,14,Never-married,Exec-managerial,Not-in-family,White,Male,14084,0,40,United-States,>50K
37,Private,271767,Bachelors,13,Never-married,Exec-managerial,Not-in-family,White,Male,0,0,48,United-States,>50K
20,Local-gov,243178,HS-grad,9,Never-married,Handlers-cleaners,Own-child,White,Male,0,0,40,United-States,<=50K
33,Private,150570,Bachelors,13,Married-civ-spouse,Prof-specialty,Husband,White,Male,3103,0,43,United-States,>50K
39,Private,107302,HS-grad,9,Married-civ-spouse,Prof-specialty,Husband,White,Male,0,0,45,,>50K
63,Private,109517,Some-college,10,Widowed,Adm-clerical,Unmarried,White,Female,0,0,43,United-States,<=50K
72,Self-emp-inc,473748,Some-college,10,Married-civ-spouse,Exec-managerial,Husband,White,Male,0,0,25,United-States,>50K
49,Local-gov,215895,Masters,14,Married-civ-spouse,Adm-clerical,Husband,White,Male,0,0,40,Italy,>50K
28,Private,309196,Bachelors,13,Never-married,Protective-serv,Not-in-family,White,Female,0,0,40,United-States,<=50K
37,Private,355856,Bachelors,13,Married-civ-spouse,Craft-repair,Husband,Asian-Pac-Islander,Male,0,0,40,Cambodia,>50K
31,Private,48189,HS-grad,9,Married-civ-spouse,Transport-moving,Husband,White,Male,0,0,45,United-States,<=50K
43,Self-emp-not-inc,144218,12th,8,Married-civ-spouse,Transport-moving,Husband,White,Male,0,0,60,United-States,<=50K
37,Private,213008,Assoc-voc,11,Married-civ-spouse,Prof-specialty,Husband,White,Male,0,0,40,Japan,<=50K
54,Private,256916,HS-grad,9,Married-civ-spouse,Exec-managerial,Husband,White,Male,0,0,45,United-States,<=50K
55,Private,163083,Bachelors,13,Separated,Exec-managerial,Not-in-family,White,Male,14084,0,45,United-States,>50K
23,Private,377121,Some-college,10,Never-married,Other-service,Unmarried,White,Female,0,0,25,United-States,<=50K
43,Self-emp-not-inc,47261,Some-college,10,Married-civ-spouse,Farming-fishing,Husband,White,Male,0,0,50,United-States,<=50K
52,Private,310045,9th,5,Married-spouse-absent,Machine-op-inspct,Not-in-family,Asian-Pac-Islander,Female,0,0,30,China,<=50K
37,Private,131827,HS-grad,9,Never-married,Craft-repair,Unmarried,White,Male,0,0,40,United-States,<=50K
37,Local-gov,144322,Assoc-voc,11,Never-married,Adm-clerical,Not-in-family,White,Female,0,0,43,United-States,<=50K
53,Local-gov,132304,Some-college,10,Divorced,Adm-clerical,Not-in-family,White,Female,0,0,40,United-States,<=50K
38,Private,377486,HS-grad,9,Never-married,Craft-repair,Not-in-family,White,Male,0,0,36,United-States,<=50K
60,State-gov,136939,Some-college,10,Married-civ-spouse,Transport-moving,Husband,White,Male,0,0,40,United-States,<=50K
66,Private,78855,HS-grad,9,Never-married,Adm-clerical,Not-in-family,Asian-Pac-Islander,Female,0,0,40,United-States,<=50K
33,Private,58582,HS-grad,9,Married-civ-spouse,Machine-op-inspct,Husband,White,Male,0,0,40,United-States,<=50K
58,,150031,Some-college,10,Never-married,,Not-in-family,White,Female,0,0,40,United-States,<=50K
33,Private,258498,Some-college,10,Married-civ-spouse,Craft-repair,Wife,White,Female,0,0,60,United-States,<=50K
37,Private,117567,Bachelors,13,Married-civ-spouse,Exec-managerial,Husband,White,Male,0,0,60,United-States,>50K
24,Federal-gov,44075,Bachelors,13,Never-married,Prof-specialty,Not-in-family,Asian-Pac-Islander,Male,0,0,40,United-States,<=50K
36,Private,374983,11th,7,Married-civ-spouse,Machine-op-inspct,Husband,White,Male,0,0,40,United-States,<=50K
39,Local-gov,45607,HS-grad,9,Married-civ-spouse,Protective-serv,Husband,White,Male,0,0,56,United-States,<=50K
41,Private,106627,Assoc-acdm,12,Divorced,Exec-managerial,Unmarried,Black,Female,0,0,50,United-States,<=50K
22,Private,60552,Some-college,10,Never-married,Sales,Own-child,White,Female,0,0,40,United-States,<=50K
31,Private,301168,Some-college,10,Never-married,Craft-repair,Not-in-family,White,Male,0,0,40,Italy,<=50K
17,Private,130795,10th,6,Never-married,Other-service,Own-child,White,Male,0,0,20,United-States,<=50K
53,State-gov,104501,Doctorate,16,Married-civ-spouse,Prof-specialty,Husband,White,Male,0,0,40,,>50K
22,Private,215395,HS-grad,9,Never-married,Transport-moving,Not-in-family,White,Male,0,0,37,United-States,<=50K
36,Private,188834,HS-grad,9,Married-civ-spouse,Craft-repair,Husband,White,Male,0,0,40,United-States,<=50K
41,Private,287306,Assoc-acdm,12,Married-civ-spouse,Prof-specialty,Husband,White,Male,15024,0,60,United-States,>50K
45,Private,304570,Bachelors,13,Married-civ-spouse,Exec-managerial,Husband,Asian-Pac-Islander,Male,0,0,60,China,>50K
45,Private,428350,HS-grad,9,Married-civ-spouse,Machine-op-inspct,Wife,White,Female,0,1740,40,United-States,<=50K
40,Private,174395,HS-grad,9,Divorced,Other-service,Not-in-family,White,Male,0,0,60,Greece,<=50K
38,Private,167882,Some-college,10,Widowed,Other-service,Other-relative,Black,Female,0,0,45,Haiti,<=50K
19,Private,39756,Some-college,10,Never-married,Other-service,Own-child,White,Female,0,0,15,United-States,<=50K
43,Private,265266,HS-grad,9,Married-civ-spouse,Craft-repair,Husband,White,Male,0,0,40,United-States,<=50K
49,Private,187563,Some-college,10,Divorced,Other-service,Not-in-family,White,Male,0,0,40,United-States,<=50K
50,Self-emp-not-inc,312477,HS-grad,9,Married-civ-spouse,Exec-managerial,Husband,White,Male,0,1887,40,United-States,>50K
20,Private,305446,HS-grad,9,Never-married,Other-service,Own-child,White,Male,0,0,30,United-States,<=50K
53,Self-emp-not-inc,159876,HS-grad,9,Married-civ-spouse,Craft-repair,Husband,Black,Male,3103,0,72,United-States,<=50K
31,Private,257863,Some-college,10,Divorced,Other-service,Not-in-family,White,Female,0,0,15,United-States,<=50K
38,Private,122076,Some-college,10,Married-civ-spouse,Transport-moving,Husband,White,Male,7298,0,43,United-States,>50K
23,Private,185452,Bachelors,13,Never-married,Exec-managerial,Not-in-family,White,Female,0,0,35,Canada,<=50K
20,Private,102607,HS-grad,9,Never-married,Handlers-cleaners,Own-child,White,Male,0,0,30,United-States,<=50K
21,Private,129674,Some-college,10,Never-married,Exec-managerial,Not-in-family,Black,Male,0,0,48,Mexico,<=50K
24,Private,222005,HS-grad,9,Never-married,Other-service,Other-relative,White,Male,0,0,30,United-States,<=50K
43,,35523,Assoc-acdm,12,Divorced,,Not-in-family,White,Female,0,0,35,United-States,<=50K
55,Private,170287,Some-college,10,Married-civ-spouse,Prof-specialty,Husband,White,Male,0,0,40,Poland,>50K
48,Private,165484,Some-college,10,Married-civ-spouse,Exec-managerial,Husband,White,Male,0,0,65,United-States,>50K
43,,152569,Assoc-voc,11,Widowed,,Not-in-family,White,Female,0,2339,36,United-States,<=50K
65,Local-gov,125768,Some-college,10,Divorced,Adm-clerical,Not-in-family,White,Female,0,0,28,United-States,<=50K
19,Private,249787,HS-grad,9,Never-married,Other-service,Other-relative,Black,Male,0,0,40,United-States,<=50K
40,Private,168936,Assoc-voc,11,Divorced,Other-service,Not-in-family,White,Female,0,0,32,United-States,<=50K
24,Private,94395,Some-college,10,Never-married,Craft-repair,Not-in-family,White,Male,0,0,40,United-States,<=50K
27,Self-emp-inc,376936,HS-grad,9,Never-married,Sales,Not-in-family,White,Male,0,0,50,United-States,<=50K
55,Private,178644,9th,5,Married-civ-spouse,Craft-repair,Husband,White,Male,0,0,55,United-States,<=50K
56,Self-emp-inc,24127,Assoc-voc,11,Married-civ-spouse,Sales,Husband,White,Male,0,0,54,United-States,>50K
52,Private,35305,7th-8th,4,Never-married,Other-service,Own-child,White,Female,0,0,7,United-States,<=50K
39,Local-gov,229651,Bachelors,13,Married-civ-spouse,Prof-specialty,Husband,White,Male,0,0,50,United-States,>50K
51,Self-emp-not-inc,136322,HS-grad,9,Married-civ-spouse,Farming-fishing,Husband,White,Male,0,1579,40,United-States,<=50K
23,Private,27776,Some-college,10,Married-civ-spouse,Transport-moving,Husband,White,Male,0,0,24,United-States,<=50K
67,,132626,Some-college,10,Married-civ-spouse,,Husband,White,Male,0,0,6,United-States,<=50K
23,Private,595461,7th-8th,4,Never-married,Craft-repair,Not-in-family,White,Male,0,0,40,Mexico,<=50K
33,State-gov,243678,Some-college,10,Never-married,Tech-support,Not-in-family,White,Female,0,0,40,United-States,<=50K
69,,320280,Some-college,10,Never-married,,Not-in-family,White,Male,1848,0,1,United-States,<=50K
59,Private,135647,11th,7,Married-civ-spouse,Sales,Husband,White,Male,0,0,60,United-States,<=50K
48,Private,235108,HS-grad,9,Married-civ-spouse,Machine-op-inspct,Husband,White,Male,0,0,40,United-States,<=50K
42,Private,303155,Assoc-acdm,12,Divorced,Adm-clerical,Not-in-family,White,Male,0,0,40,United-States,<=50K
33,Private,69251,Assoc-voc,11,Never-married,Sales,Own-child,Asian-Pac-Islander,Male,0,0,40,Philippines,<=50K
27,Private,252813,Prof-school,15,Never-married,Prof-specialty,Not-in-family,White,Female,0,0,45,United-States,<=50K
61,Local-gov,321117,HS-grad,9,Married-civ-spouse,Protective-serv,Husband,White,Male,0,0,40,United-States,<=50K
42,Private,319016,HS-grad,9,Married-civ-spouse,Transport-moving,Husband,White,Male,2885,0,45,United-States,<=50K
34,Private,318886,HS-grad,9,Married-civ-spouse,Farming-fishing,Husband,Black,Male,0,0,40,United-States,<=50K
36,Private,22494,Some-college,10,Divorced,Exec-managerial,Unmarried,White,Female,0,0,40,United-States,<=50K
68,Private,223851,HS-grad,9,Married-civ-spouse,Adm-clerical,Husband,White,Male,0,0,24,United-States,<=50K
28,Local-gov,175262,Assoc-acdm,12,Married-civ-spouse,Protective-serv,Husband,White,Male,0,2002,40,England,<=50K
22,,287988,Some-college,10,Never-married,,Not-in-family,White,Male,0,0,15,United-States,<=50K
50,Self-emp-not-inc,401118,HS-grad,9,Married-civ-spouse,Craft-repair,Husband,White,Male,99999,0,50,United-States,>50K
44,Private,62258,11th,7,Never-married,Other-service,Not-in-family,White,Female,0,0,40,United-States,<=50K
34,Private,148226,HS-grad,9,Never-married,Machine-op-inspct,Unmarried,Black,Female,0,0,48,United-States,<=50K
24,Private,296045,7th-8th,4,Married-civ-spouse,Craft-repair,Husband,White,Male,2635,0,38,United-States,<=50K
21,Self-emp-inc,265116,Some-college,10,Never-married,Exec-managerial,Not-in-family,White,Male,0,0,40,United-States,<=50K
40,Self-emp-not-inc,129298,HS-grad,9,Married-civ-spouse,Other-service,Husband,White,Male,0,0,45,United-States,<=50K
53,Private,124963,HS-grad,9,Divorced,Handlers-cleaners,Not-in-family,White,Male,0,0,40,United-States,<=50K
35,Private,140752,HS-grad,9,Never-married,Sales,Not-in-family,White,Male,0,0,25,United-States,<=50K
62,,31577,HS-grad,9,Married-civ-spouse,,Husband,White,Male,0,0,18,United-States,<=50K
64,,200017,HS-grad,9,Widowed,,Not-in-family,White,Female,0,0,20,United-States,<=50K
20,Private,472789,1st-4th,2,Never-married,Farming-fishing,Not-in-family,White,Male,0,0,30,El-Salvador,<=50K
52,Self-emp-not-inc,40200,Some-college,10,Widowed,Craft-repair,Not-in-family,Black,Male,0,0,35,United-States,<=50K
21,Private,202570,12th,8,Never-married,Adm-clerical,Other-relative,Black,Male,0,0,48,,<=50K
20,,200967,Some-college,10,Never-married,,Own-child,White,Female,0,0,12,United-States,<=50K
41,Private,373469,Assoc-acdm,12,Married-civ-spouse,Machine-op-inspct,Husband,White,Male,0,0,40,United-States,<=50K
28,,290267,Bachelors,13,Never-married,,Not-in-family,White,Male,0,0,18,United-States,<=50K
26,Private,305304,11th,7,Married-civ-spouse,Machine-op-inspct,Husband,White,Male,0,0,40,United-States,<=50K
34,Self-emp-not-inc,34572,Assoc-voc,11,Married-civ-spouse,Exec-managerial,Husband,White,Male,0,0,60,United-States,>50K
19,Private,351802,HS-grad,9,Never-married,Machine-op-inspct,Own-child,White,Male,0,0,35,United-States,<=50K
31,Private,188961,Assoc-acdm,12,Never-married,Tech-support,Own-child,White,Female,0,0,40,United-States,<=50K
43,State-gov,438427,Some-college,10,Divorced,Adm-clerical,Not-in-family,Black,Female,0,0,40,United-States,<=50K
33,Private,36539,Bachelors,13,Married-civ-spouse,Exec-managerial,Wife,White,Female,0,0,40,United-States,>50K
25,Private,134113,Bachelors,13,Never-married,Adm-clerical,Not-in-family,White,Male,0,0,30,United-States,<=50K
60,,386261,Bachelors,13,Married-spouse-absent,,Unmarried,Black,Female,0,0,15,United-States,<=50K
41,Private,324629,Bachelors,13,Married-civ-spouse,Exec-managerial,Husband,White,Male,0,0,40,Yugoslavia,<=50K
41,Private,194360,HS-grad,9,Married-civ-spouse,Craft-repair,Husband,White,Male,0,1887,40,United-States,>50K
38,Self-emp-not-inc,172342,Some-college,10,Divorced,Other-service,Unmarried,White,Female,0,0,40,United-States,<=50K
35,Private,119272,Bachelors,13,Married-civ-spouse,Exec-managerial,Husband,White,Male,0,0,55,United-States,>50K
38,Private,123031,HS-grad,9,Married-civ-spouse,Adm-clerical,Husband,Asian-Pac-Islander,Male,0,0,48,Trinadad&Tobago,<=50K
32,Private,340940,Bachelors,13,Married-civ-spouse,Exec-managerial,Husband,White,Male,0,0,40,United-States,<=50K
21,Private,165475,HS-grad,9,Married-civ-spouse,Machine-op-inspct,Husband,White,Male,0,0,40,United-States,<=50K
63,Self-emp-not-inc,217715,5th-6th,3,Never-married,Sales,Not-in-family,White,Female,0,0,3,United-States,<=50K
23,Private,256278,7th-8th,4,Married-civ-spouse,Handlers-cleaners,Other-relative,Other,Female,0,0,30,El-Salvador,<=50K
36,Private,177285,Assoc-voc,11,Never-married,Prof-specialty,Unmarried,Black,Female,0,0,38,United-States,<=50K
44,Local-gov,150171,HS-grad,9,Divorced,Adm-clerical,Unmarried,White,Female,0,0,40,United-States,<=50K
40,Private,436493,HS-grad,9,Never-married,Other-service,Own-child,White,Male,0,0,25,United-States,<=50K
25,Private,124111,Bachelors,13,Never-married,Adm-clerical,Own-child,White,Female,0,0,40,United-States,<=50K
45,Private,301802,Bachelors,13,Married-civ-spouse,Transport-moving,Husband,White,Male,0,0,50,United-States,>50K
38,Self-emp-inc,187411,HS-grad,9,Married-civ-spouse,Exec-managerial,Husband,White,Male,0,0,40,United-States,>50K
35,Private,206951,Masters,14,Married-civ-spouse,Sales,Husband,White,Male,0,0,40,United-States,>50K
28,Private,115677,Assoc-acdm,12,Never-married,Adm-clerical,Own-child,White,Male,0,0,32,United-States,<=50K
37,Private,291981,HS-grad,9,Divorced,Machine-op-inspct,Not-in-family,White,Male,0,0,40,United-States,<=50K
53,Self-emp-inc,298215,Bachelors,13,Married-civ-spouse,Sales,Husband,White,Male,0,0,45,United-States,>50K
52,Private,232132,12th,8,Married-civ-spouse,Machine-op-inspct,Husband,White,Male,0,0,45,United-States,>50K
35,Private,417136,HS-grad,9,Divorced,Craft-repair,Unmarried,Black,Male,0,0,40,United-States,<=50K
32,Federal-gov,44777,HS-grad,9,Separated,Machine-op-inspct,Not-in-family,Black,Male,0,0,46,United-States,<=50K
43,Private,91959,Bachelors,13,Married-civ-spouse,Exec-managerial,Husband,White,Male,0,0,45,United-States,>50K
28,Private,224964,HS-grad,9,Never-married,Other-service,Own-child,White,Female,0,0,25,United-States,<=50K
60,Federal-gov,404023,HS-grad,9,Divorced,Exec-managerial,Not-in-family,White,Male,10520,0,40,United-States,>50K
19,,194095,Some-college,10,Never-married,,Own-child,White,Male,0,0,40,United-States,<=50K
37,Private,233571,Assoc-voc,11,Married-civ-spouse,Tech-support,Wife,White,Female,0,0,37,United-States,>50K
53,Private,166368,Some-college,10,Never-married,Craft-repair,Not-in-family,White,Male,0,0,40,United-States,<=50K
64,Private,110150,HS-grad,9,Married-civ-spouse,Protective-serv,Husband,White,Male,0,0,40,United-States,<=50K
48,Self-emp-inc,56975,HS-grad,9,Divorced,Sales,Unmarried,Asian-Pac-Islander,Female,0,0,84,,<=50K
47,Private,193061,Some-college,10,Divorced,Exec-managerial,Not-in-family,White,Male,0,0,60,United-States,<=50K
42,Private,253770,Some-college,10,Divorced,Adm-clerical,Unmarried,White,Female,0,0,40,United-States,<=50K
60,,163946,9th,5,Married-civ-spouse,,Husband,White,Male,0,0,40,United-States,<=50K
31,Private,168521,Bachelors,13,Never-married,Exec-managerial,Not-in-family,White,Female,0,0,40,United-States,<=50K
20,Private,217467,Some-college,10,Never-married,Craft-repair,Own-child,White,Male,0,0,40,United-States,<=50K
38,Private,497788,HS-grad,9,Married-civ-spouse,Craft-repair,Husband,White,Male,0,0,50,United-States,<=50K
60,Self-emp-not-inc,92845,5th-6th,3,Married-civ-spouse,Farming-fishing,Husband,White,Male,0,0,40,United-States,<=50K
17,State-gov,179319,10th,6,Never-married,Other-service,Own-child,White,Male,0,0,30,United-States,<=50K
45,Self-emp-not-inc,193451,Some-college,10,Married-civ-spouse,Transport-moving,Husband,White,Male,0,0,45,United-States,<=50K
27,State-gov,346406,Bachelors,13,Never-married,Prof-specialty,Unmarried,White,Male,0,0,50,United-States,<=50K
55,Federal-gov,186791,HS-grad,9,Divorced,Adm-clerical,Not-in-family,White,Female,0,0,40,United-States,<=50K
20,Private,103840,HS-grad,9,Never-married,Machine-op-inspct,Own-child,White,Female,0,0,42,United-States,<=50K
40,Private,299813,11th,7,Never-married,Machine-op-inspct,Not-in-family,White,Female,0,0,37,Dominican-Republic,<=50K
31,Private,246439,Some-college,10,Married-civ-spouse,Craft-repair,Husband,White,Male,0,0,45,United-States,<=50K
38,Private,193026,Some-college,10,Divorced,Craft-repair,Not-in-family,White,Male,0,0,40,Iran,<=50K
23,Private,250630,Bachelors,13,Never-married,Sales,Not-in-family,White,Female,0,0,40,United-States,<=50K
55,Private,80445,Bachelors,13,Married-civ-spouse,Craft-repair,Husband,White,Male,0,0,40,United-States,<=50K
55,,136819,Bachelors,13,Married-civ-spouse,,Husband,White,Male,0,0,40,United-States,<=50K
45,Self-emp-inc,281911,HS-grad,9,Married-civ-spouse,Craft-repair,Husband,White,Male,0,0,48,United-States,<=50K
22,Private,244366,Bachelors,13,Never-married,Prof-specialty,Own-child,White,Male,0,0,40,United-States,<=50K
22,Private,496025,Some-college,10,Married-civ-spouse,Machine-op-inspct,Husband,White,Male,0,0,40,Mexico,<=50K
29,Private,114801,Some-college,10,Married-civ-spouse,Exec-managerial,Husband,White,Male,0,0,40,United-States,<=50K
32,Private,213179,Some-college,10,Divorced,Craft-repair,Own-child,White,Male,0,0,40,United-States,>50K
33,Private,107248,Assoc-voc,11,Never-married,Adm-clerical,Not-in-family,White,Male,0,0,45,United-States,<=50K
41,Private,216116,HS-grad,9,Separated,Adm-clerical,Unmarried,Black,Female,0,0,40,,<=50K
46,Private,159869,HS-grad,9,Divorced,Exec-managerial,Not-in-family,White,Male,0,0,44,United-States,<=50K
36,State-gov,116554,Bachelors,13,Never-married,Adm-clerical,Not-in-family,White,Female,0,0,40,United-States,<=50K
26,,130832,Bachelors,13,Never-married,,Unmarried,White,Female,0,0,10,United-States,<=50K
22,Local-gov,138575,HS-grad,9,Never-married,Protective-serv,Unmarried,White,Male,0,0,56,United-States,<=50K
30,State-gov,112139,HS-grad,9,Married-civ-spouse,Protective-serv,Husband,White,Male,0,0,40,United-States,<=50K
29,Private,75648,Some-college,10,Married-civ-spouse,Craft-repair,Husband,White,Male,0,0,55,United-States,<=50K
63,Private,28334,Masters,14,Divorced,Exec-managerial,Not-in-family,White,Female,0,0,40,United-States,>50K
32,State-gov,304212,HS-grad,9,Never-married,Exec-managerial,Not-in-family,White,Male,0,0,50,United-States,<=50K
32,,53042,HS-grad,9,Never-married,,Own-child,Black,Male,0,0,40,United-States,<=50K
19,,28967,Some-college,10,Never-married,,Not-in-family,White,Male,0,0,40,United-States,<=50K
26,Local-gov,219760,HS-grad,9,Never-married,Other-service,Other-relative,White,Male,0,0,16,United-States,<=50K
38,Private,272671,Bachelors,13,Divorced,Sales,Own-child,White,Male,0,0,50,United-States,<=50K
36,Private,526968,10th,6,Divorced,Exec-managerial,Unmarried,White,Female,0,0,40,United-States,<=50K
29,Private,167737,HS-grad,9,Never-married,Transport-moving,Other-relative,White,Male,0,0,50,United-States,<=50K
19,Private,232368,Some-college,10,Never-married,Other-service,Own-child,White,Female,0,0,35,United-States,<=50K
30,Private,125279,HS-grad,9,Married-spouse-absent,Sales,Unmarried,White,Male,0,0,40,United-States,<=50K
55,Private,101524,Bachelors,13,Married-civ-spouse,Sales,Husband,White,Male,0,0,40,United-States,>50K
59,Private,277034,HS-grad,9,Divorced,Tech-support,Unmarried,White,Male,0,0,60,United-States,>50K
63,Local-gov,86590,HS-grad,9,Married-civ-spouse,Exec-managerial,Wife,White,Female,0,0,32,United-States,<=50K
36,Local-gov,331902,Some-college,10,Divorced,Adm-clerical,Unmarried,White,Female,0,0,35,United-States,<=50K
19,,141418,Some-college,10,Never-married,,Own-child,White,Male,0,0,15,United-States,<=50K
31,Self-emp-inc,83748,Some-college,10,Married-civ-spouse,Exec-managerial,Wife,Asian-Pac-Islander,Female,0,0,70,South,<=50K
63,Private,298113,Some-college,10,Divorced,Other-service,Not-in-family,White,Male,0,0,40,United-States,<=50K
44,Private,230478,Bachelors,13,Married-civ-spouse,Exec-managerial,Husband,White,Male,0,0,40,United-States,>50K
26,Private,141824,Some-college,10,Divorced,Exec-managerial,Not-in-family,White,Female,0,0,40,United-States,<=50K
27,Private,113635,Bachelors,13,Never-married,Other-service,Not-in-family,White,Male,0,0,35,United-States,<=50K
28,Local-gov,356089,Bachelors,13,Never-married,Prof-specialty,Other-relative,White,Male,0,0,50,United-States,<=50K
78,,135839,HS-grad,9,Widowed,,Not-in-family,White,Female,1086,0,20,United-States,<=50K
59,Local-gov,303455,Masters,14,Widowed,Prof-specialty,Unmarried,White,Female,4787,0,60,United-States,>50K
42,Private,219591,Bachelors,13,Married-civ-spouse,Adm-clerical,Husband,White,Male,0,0,55,United-States,>50K
30,Private,55291,Bachelors,13,Married-civ-spouse,Prof-specialty,Husband,White,Male,0,0,40,United-States,>50K
47,State-gov,54887,Doctorate,16,Married-civ-spouse,Prof-specialty,Husband,White,Male,0,0,40,United-States,>50K
32,Private,302845,HS-grad,9,Married-civ-spouse,Exec-managerial,Wife,White,Female,0,0,48,United-States,<=50K
36,Federal-gov,112847,Bachelors,13,Married-civ-spouse,Prof-specialty,Husband,Asian-Pac-Islander,Male,0,0,40,United-States,<=50K
30,Private,119411,Bachelors,13,Never-married,Prof-specialty,Not-in-family,White,Male,0,0,40,United-States,<=50K
42,Self-emp-not-inc,69333,Bachelors,13,Married-civ-spouse,Farming-fishing,Husband,White,Male,0,0,50,United-States,<=50K
63,Private,273010,HS-grad,9,Married-civ-spouse,Adm-clerical,Wife,White,Female,3471,0,40,United-States,<=50K
59,,87247,10th,6,Divorced,,Not-in-family,White,Female,0,0,40,England,<=50K
18,Private,198614,11th,7,Never-married,Sales,Own-child,Black,Female,0,0,8,United-States,<=50K
41,Private,320984,Prof-school,15,Married-civ-spouse,Prof-specialty,Husband,White,Male,99999,0,65,United-States,>50K
46,Self-emp-not-inc,197836,HS-grad,9,Married-civ-spouse,Farming-fishing,Husband,White,Male,0,1672,50,United-States,<=50K
28,Private,124680,HS-grad,9,Never-married,Sales,Unmarried,White,Female,0,0,70,United-States,<=50K
41,Private,351161,HS-grad,9,Married-civ-spouse,Sales,Husband,White,Male,0,1848,45,United-States,>50K
54,Self-emp-inc,175339,HS-grad,9,Married-civ-spouse,Sales,Husband,White,Male,0,0,50,United-States,>50K
43,Self-emp-inc,188436,Masters,14,Married-civ-spouse,Exec-managerial,Husband,White,Male,5013,0,45,United-States,<=50K
27,Private,244566,10th,6,Married-civ-spouse,Handlers-cleaners,Husband,White,Male,0,0,40,United-States,<=50K
32,Private,193380,HS-grad,9,Never-married,Transport-moving,Own-child,White,Male,0,0,40,United-States,<=50K
27,Private,99897,Some-college,10,Married-civ-spouse,Tech-support,Husband,White,Male,0,0,40,United-States,<=50K
49,Private,176684,Assoc-voc,11,Never-married,Exec-managerial,Unmarried,White,Female,0,0,40,United-States,<=50K
29,Federal-gov,440647,Some-college,10,Never-married,Adm-clerical,Other-relative,White,Male,0,0,40,United-States,<=50K
20,Private,236592,11th,7,Never-married,Sales,Own-child,White,Female,0,0,25,United-States,<=50K
31,Local-gov,224234,HS-grad,9,Married-civ-spouse,Transport-moving,Husband,Black,Male,0,0,40,United-States,<=50K
27,Federal-gov,469705,HS-grad,9,Never-married,Craft-repair,Not-in-family,Black,Male,0,1980,40,United-States,<=50K
66,Private,350498,Some-college,10,Married-civ-spouse,Transport-moving,Husband,White,Male,0,1258,20,United-States,<=50K
40,,253370,HS-grad,9,Married-civ-spouse,,Wife,White,Female,0,0,35,United-States,>50K
31,Local-gov,144949,HS-grad,9,Divorced,Craft-repair,Unmarried,White,Male,0,0,40,United-States,<=50K
60,Self-emp-not-inc,193038,Some-college,10,Married-civ-spouse,Farming-fishing,Husband,White,Male,0,0,15,United-States,<=50K
31,Local-gov,357954,Assoc-acdm,12,Never-married,Tech-support,Not-in-family,White,Male,0,0,20,United-States,<=50K
58,Self-emp-inc,182062,Doctorate,16,Married-civ-spouse,Prof-specialty,Husband,White,Male,0,0,24,United-States,>50K
42,Private,50018,HS-grad,9,Married-civ-spouse,Other-service,Husband,White,Male,0,0,40,,<=50K
31,Self-emp-not-inc,44503,Some-college,10,Married-civ-spouse,Craft-repair,Husband,White,Male,0,0,40,United-States,<=50K
35,Private,25955,11th,7,Never-married,Other-service,Unmarried,Amer-Indian-Eskimo,Male,0,0,40,United-States,<=50K
40,Private,274158,HS-grad,9,Married-civ-spouse,Machine-op-inspct,Husband,White,Male,0,0,40,United-States,<=50K
43,Private,48193,Assoc-acdm,12,Married-civ-spouse,Tech-support,Husband,White,Male,0,0,40,United-States,<=50K
33,Private,160216,Masters,14,Never-married,Exec-managerial,Not-in-family,White,Female,0,0,32,,<=50K
24,Private,172987,Bachelors,13,Married-civ-spouse,Tech-support,Husband,White,Male,0,0,50,United-States,<=50K
20,Private,308239,Some-college,10,Never-married,Other-service,Own-child,White,Male,0,0,16,United-States,<=50K
17,Private,156736,10th,6,Never-married,Sales,Unmarried,White,Female,0,0,12,United-States,<=50K
20,Private,515797,HS-grad,9,Married-civ-spouse,Craft-repair,Husband,White,Male,0,0,40,United-States,<=50K
73,Local-gov,161027,5th-6th,3,Married-civ-spouse,Protective-serv,Husband,White,Male,0,0,20,United-States,<=50K
25,State-gov,183678,Bachelors,13,Never-married,Prof-specialty,Not-in-family,White,Female,0,0,50,United-States,<=50K
19,Private,99246,11th,7,Never-married,Machine-op-inspct,Not-in-family,White,Female,0,0,25,United-States,<=50K
38,Private,197113,Some-college,10,Divorced,Adm-clerical,Unmarried,Black,Female,0,0,20,United-States,<=50K
50,Private,240612,HS-grad,9,Married-spouse-absent,Exec-managerial,Unmarried,White,Female,0,0,10,United-States,<=50K
25,Private,90291,Bachelors,13,Never-married,Exec-managerial,Own-child,White,Male,0,0,40,United-States,<=50K
28,Private,129460,10th,6,Widowed,Adm-clerical,Unmarried,White,Female,0,2238,35,United-States,<=50K
31,Private,279015,Masters,14,Married-civ-spouse,Exec-managerial,Husband,White,Male,0,2415,70,Taiwan,>50K
35,Private,109351,Bachelors,13,Never-married,Sales,Not-in-family,White,Female,8614,0,45,United-States,>50K
35,Self-emp-not-inc,194404,Assoc-acdm,12,Never-married,Farming-fishing,Not-in-family,White,Male,0,0,40,United-States,<=50K
39,Private,216552,Masters,14,Married-civ-spouse,Adm-clerical,Husband,White,Male,0,0,40,United-States,<=50K
30,Private,175856,Masters,14,Married-civ-spouse,Prof-specialty,Husband,White,Male,0,0,38,United-States,<=50K
32,Private,33678,Some-college,10,Married-civ-spouse,Transport-moving,Husband,White,Male,0,0,50,United-States,>50K
42,Self-emp-not-inc,32185,Bachelors,13,Married-civ-spouse,Farming-fishing,Husband,White,Male,0,0,60,United-States,>50K
24,Private,100345,Bachelors,13,Never-married,Prof-specialty,Own-child,White,Male,0,0,20,United-States,<=50K
25,Private,394503,Some-college,10,Married-civ-spouse,Sales,Husband,White,Male,0,0,40,United-States,<=50K
32,Self-emp-inc,78530,Some-college,10,Married-civ-spouse,Exec-managerial,Husband,White,Male,15024,0,50,United-States,>50K
22,Private,347867,HS-grad,9,Married-spouse-absent,Sales,Not-in-family,White,Male,0,1719,40,United-States,<=50K
45,Private,242552,Some-college,10,Never-married,Sales,Not-in-family,Black,Male,0,0,40,United-States,<=50K
45,Private,246891,Bachelors,13,Married-civ-spouse,Sales,Husband,White,Male,0,1902,40,United-States,>50K
28,Private,180007,Some-college,10,Never-married,Handlers-cleaners,Own-child,White,Male,0,0,40,United-States,<=50K
35,Private,105803,Some-college,10,Married-civ-spouse,Craft-repair,Husband,White,Male,0,0,50,United-States,>50K
20,Private,157595,Some-college,10,Never-married,Handlers-cleaners,Not-in-family,White,Male,0,0,40,United-States,<=50K
49,Private,167523,Bachelors,13,Divorced,Protective-serv,Not-in-family,White,Male,0,0,40,United-States,<=50K
34,Private,54850,Bachelors,13,Never-married,Exec-managerial,Not-in-family,White,Male,0,1590,50,United-States,<=50K
24,Private,282202,HS-grad,9,Never-married,Other-service,Unmarried,White,Male,0,0,40,El-Salvador,<=50K
34,Private,143083,Assoc-voc,11,Married-civ-spouse,Adm-clerical,Wife,White,Female,0,0,18,United-States,<=50K
48,Private,377140,5th-6th,3,Never-married,Priv-house-serv,Unmarried,White,Female,0,0,35,Nicaragua,<=50K
72,,117017,HS-grad,9,Married-civ-spouse,,Husband,White,Male,0,0,8,United-States,<=50K
38,Private,187346,HS-grad,9,Never-married,Sales,Own-child,White,Female,0,0,40,United-States,<=50K
43,Private,247162,Assoc-acdm,12,Never-married,Sales,Own-child,White,Male,0,0,40,United-States,<=50K
27,Local-gov,92431,Some-college,10,Never-married,Protective-serv,Not-in-family,White,Male,0,2231,40,United-States,>50K
21,Private,186314,HS-grad,9,Married-civ-spouse,Adm-clerical,Husband,White,Male,0,0,40,United-States,<=50K
26,Private,187891,HS-grad,9,Never-married,Adm-clerical,Not-in-family,Black,Male,0,0,40,United-States,<=50K
21,,85733,Some-college,10,Never-married,,Own-child,White,Female,0,0,40,United-States,<=50K
48,Private,25468,Masters,14,Divorced,Exec-managerial,Not-in-family,White,Male,99999,0,50,United-States,>50K
23,Private,85088,Some-college,10,Never-married,Other-service,Own-child,White,Female,0,0,37,United-States,<=50K
46,Private,177633,HS-grad,9,Married-civ-spouse,Machine-op-inspct,Husband,White,Male,0,0,50,United-States,>50K
30,Private,337908,Assoc-acdm,12,Married-civ-spouse,Adm-clerical,Wife,Black,Female,0,0,20,United-States,<=50K
37,Private,305597,Bachelors,13,Married-civ-spouse,Prof-specialty,Husband,White,Male,0,0,45,United-States,>50K
27,Self-emp-inc,114158,Bachelors,13,Never-married,Exec-managerial,Own-child,White,Female,0,0,40,United-States,<=50K
80,Local-gov,20101,HS-grad,9,Widowed,Other-service,Unmarried,Amer-Indian-Eskimo,Female,0,0,32,United-States,<=50K
49,Private,181363,Masters,14,Married-civ-spouse,Exec-managerial,Husband,White,Male,0,0,45,United-States,>50K
43,Private,206878,HS-grad,9,Never-married,Adm-clerical,Unmarried,White,Female,0,0,60,United-States,<=50K
31,Private,379046,HS-grad,9,Never-married,Handlers-cleaners,Own-child,Asian-Pac-Islander,Female,0,0,40,Vietnam,<=50K
33,Federal-gov,137184,Assoc-acdm,12,Divorced,Exec-managerial,Unmarried,White,Male,0,0,50,United-States,>50K
23,Private,205865,Bachelors,13,Never-married,Exec-managerial,Own-child,White,Male,0,0,28,United-States,<=50K
24,Private,77665,HS-grad,9,Never-married,Craft-repair,Not-in-family,White,Male,0,0,42,United-States,<=50K
60,Private,239576,Masters,14,Married-civ-spouse,Transport-moving,Husband,White,Male,0,0,10,United-States,<=50K
64,Private,312242,Some-college,10,Widowed,Exec-managerial,Not-in-family,White,Female,0,0,3,United-States,<=50K
38,Private,136629,Bachelors,13,Married-civ-spouse,Machine-op-inspct,Husband,White,Male,0,0,40,Iran,<=50K
35,Private,465507,HS-grad,9,Married-civ-spouse,Machine-op-inspct,Husband,Black,Male,0,0,40,United-States,<=50K
74,Self-emp-inc,162340,Some-college,10,Widowed,Exec-managerial,Unmarried,White,Male,0,0,40,United-States,<=50K
35,Private,126675,HS-grad,9,Married-civ-spouse,Exec-managerial,Husband,White,Male,0,0,48,United-States,<=50K
30,Private,316471,Bachelors,13,Never-married,Adm-clerical,Not-in-family,White,Male,0,0,50,United-States,<=50K
37,Private,40955,Prof-school,15,Married-civ-spouse,Prof-specialty,Husband,White,Male,0,0,50,United-States,>50K
40,Private,199303,HS-grad,9,Married-civ-spouse,Adm-clerical,Husband,White,Male,0,0,40,United-States,<=50K
46,Private,251243,Some-college,10,Divorced,Exec-managerial,Not-in-family,White,Female,0,0,40,United-States,<=50K
52,Self-emp-not-inc,283079,HS-grad,9,Never-married,Prof-specialty,Not-in-family,White,Male,0,0,50,United-States,<=50K
19,Private,40425,Some-college,10,Never-married,Sales,Not-in-family,White,Female,0,0,28,United-States,<=50K
28,Private,350254,1st-4th,2,Never-married,Priv-house-serv,Not-in-family,White,Female,0,0,40,Mexico,<=50K
21,Private,75763,Some-college,10,Married-civ-spouse,Sales,Wife,Amer-Indian-Eskimo,Female,0,0,40,United-States,<=50K
58,Local-gov,489085,Bachelors,13,Married-civ-spouse,Prof-specialty,Husband,Black,Male,0,0,40,United-States,<=50K
30,Private,339773,HS-grad,9,Never-married,Machine-op-inspct,Not-in-family,White,Male,0,0,45,United-States,<=50K
33,Private,188246,Bachelors,13,Married-civ-spouse,Exec-managerial,Husband,White,Male,0,0,40,United-States,<=50K
37,Private,147638,Bachelors,13,Separated,Other-service,Unmarried,Asian-Pac-Islander,Female,0,0,36,Philippines,<=50K
41,Private,112763,Prof-school,15,Married-civ-spouse,Prof-specialty,Wife,White,Female,0,0,40,United-States,>50K
31,,76198,HS-grad,9,Separated,,Own-child,White,Female,0,0,20,United-States,<=50K
56,Private,219762,HS-grad,9,Married-civ-spouse,Sales,Wife,White,Female,0,0,35,United-States,<=50K
37,Private,169426,HS-grad,9,Married-civ-spouse,Craft-repair,Husband,White,Male,0,0,60,United-States,>50K
39,Federal-gov,314822,Some-college,10,Married-civ-spouse,Adm-clerical,Husband,Black,Male,0,0,40,United-States,<=50K
59,Private,108765,HS-grad,9,Married-civ-spouse,Transport-moving,Husband,White,Male,0,0,50,United-States,<=50K
18,Private,210311,HS-grad,9,Never-married,Sales,Own-child,White,Female,0,0,20,United-States,<=50K
31,Local-gov,209103,Some-college,10,Married-civ-spouse,Protective-serv,Husband,White,Male,3464,0,45,United-States,<=50K
17,Never-worked,237272,10th,6,Never-married,,Own-child,White,Male,0,0,30,United-States,<=50K
22,Private,122272,HS-grad,9,Never-married,Adm-clerical,Own-child,White,Female,0,0,40,United-States,<=50K
30,Local-gov,118500,Some-college,10,Divorced,Adm-clerical,Unmarried,White,Female,0,0,40,United-States,<=50K
36,Federal-gov,153066,Masters,14,Married-civ-spouse,Prof-specialty,Husband,White,Male,0,0,40,United-States,>50K
30,Private,289458,Bachelors,13,Never-married,Exec-managerial,Not-in-family,White,Female,0,0,40,United-States,<=50K
63,Local-gov,152163,HS-grad,9,Married-civ-spouse,Protective-serv,Husband,White,Male,0,0,40,United-States,<=50K
42,Private,154076,HS-grad,9,Married-civ-spouse,Prof-specialty,Husband,White,Male,7688,0,50,United-States,>50K
43,Private,225193,HS-grad,9,Married-civ-spouse,Sales,Husband,White,Male,0,0,40,United-States,<=50K
18,Private,187770,HS-grad,9,Never-married,Handlers-cleaners,Own-child,White,Male,0,0,30,United-States,<=50K
40,Private,336707,Assoc-voc,11,Separated,Craft-repair,Not-in-family,White,Female,0,0,60,United-States,<=50K
21,,206681,11th,7,Married-civ-spouse,,Wife,White,Female,0,0,40,United-States,<=50K
42,Local-gov,245307,Bachelors,13,Married-civ-spouse,Exec-managerial,Husband,White,Male,0,1977,48,United-States,>50K
25,Private,120238,HS-grad,9,Married-spouse-absent,Machine-op-inspct,Not-in-family,White,Male,0,0,40,Poland,<=50K
39,Private,219483,Bachelors,13,Married-civ-spouse,Prof-specialty,Wife,White,Female,5013,0,32,United-States,<=50K
42,Private,115178,Bachelors,13,Divorced,Prof-specialty,Unmarried,White,Female,0,0,15,United-States,<=50K
76,Private,70697,7th-8th,4,Widowed,Other-service,Not-in-family,White,Female,0,0,25,United-States,<=50K
33,Private,205469,Some-college,10,Married-civ-spouse,Exec-managerial,Husband,White,Male,0,0,40,United-States,>50K
29,Private,277342,Some-college,10,Never-married,Transport-moving,Unmarried,White,Male,0,0,40,United-States,<=50K
39,Private,176335,Masters,14,Married-civ-spouse,Exec-managerial,Husband,White,Male,7688,0,65,United-States,>50K
49,Private,44434,Some-college,10,Divorced,Tech-support,Other-relative,White,Male,0,0,35,United-States,<=50K
42,Private,162003,HS-grad,9,Divorced,Machine-op-inspct,Not-in-family,White,Male,0,0,55,United-States,<=50K
24,Private,177526,Assoc-voc,11,Never-married,Craft-repair,Own-child,White,Male,0,0,40,United-States,<=50K
74,,292627,1st-4th,2,Married-civ-spouse,,Husband,Black,Male,0,0,40,United-States,<=50K
34,Private,159255,HS-grad,9,Married-civ-spouse,Exec-managerial,Husband,White,Male,0,0,60,United-States,>50K
22,Private,253310,Bachelors,13,Never-married,Exec-managerial,Own-child,White,Female,0,0,7,United-States,<=50K
47,Private,418961,Assoc-voc,11,Divorced,Sales,Unmarried,Black,Female,0,0,25,United-States,<=50K
39,Private,169249,HS-grad,9,Separated,Other-service,Other-relative,Black,Male,0,0,40,United-States,<=50K
41,Self-emp-not-inc,143129,Bachelors,13,Divorced,Exec-managerial,Not-in-family,White,Female,0,0,40,United-States,<=50K
39,Self-emp-inc,163057,Some-college,10,Divorced,Craft-repair,Not-in-family,White,Male,0,0,99,United-States,<=50K
44,Private,307468,Prof-school,15,Married-civ-spouse,Prof-specialty,Husband,White,Male,0,0,29,United-States,>50K
26,Private,354784,Some-college,10,Never-married,Adm-clerical,Own-child,White,Male,0,0,20,United-States,<=50K
31,State-gov,181824,Bachelors,13,Married-civ-spouse,Prof-specialty,Wife,White,Female,0,1902,35,United-States,>50K
56,Private,179781,HS-grad,9,Married-civ-spouse,Exec-managerial,Husband,White,Male,0,0,40,United-States,>50K
24,Private,187717,Bachelors,13,Never-married,Adm-clerical,Own-child,White,Female,0,0,40,United-States,<=50K
17,Private,118792,11th,7,Never-married,Sales,Own-child,White,Female,0,0,9,United-States,<=50K
20,Private,493443,11th,7,Never-married,Handlers-cleaners,Not-in-family,White,Male,0,0,40,United-States,<=50K
20,Private,107242,HS-grad,9,Never-married,Machine-op-inspct,Not-in-family,Black,Male,0,0,40,,<=50K
34,Private,176244,7th-8th,4,Married-civ-spouse,Other-service,Wife,White,Female,0,0,40,United-States,<=50K
58,Local-gov,92141,Assoc-acdm,12,Widowed,Adm-clerical,Not-in-family,Black,Female,0,0,40,United-States,<=50K
47,Private,99911,12th,8,Married-spouse-absent,Exec-managerial,Not-in-family,White,Female,0,0,55,United-States,<=50K
21,Private,148294,HS-grad,9,Never-married,Farming-fishing,Own-child,White,Male,0,0,20,United-States,<=50K
66,,196736,1st-4th,2,Never-married,,Not-in-family,Black,Male,0,0,30,United-States,<=50K
77,,185426,HS-grad,9,Married-civ-spouse,,Husband,White,Male,0,0,15,United-States,<=50K
37,Private,19899,HS-grad,9,Married-civ-spouse,Craft-repair,Husband,White,Male,15024,0,45,United-States,>50K
27,State-gov,176727,Bachelors,13,Never-married,Prof-specialty,Not-in-family,White,Male,0,0,40,United-States,<=50K
49,Private,149337,Bachelors,13,Married-civ-spouse,Exec-managerial,Husband,White,Male,0,0,40,United-States,>50K
54,Private,221915,Some-college,10,Widowed,Craft-repair,Unmarried,White,Female,0,0,50,United-States,<=50K
41,Self-emp-not-inc,214541,HS-grad,9,Divorced,Transport-moving,Not-in-family,White,Male,0,1590,40,United-States,<=50K
34,Private,100593,Some-college,10,Divorced,Prof-specialty,Unmarried,White,Female,0,0,6,United-States,<=50K
38,Private,32528,Some-college,10,Married-civ-spouse,Exec-managerial,Husband,White,Male,0,0,40,United-States,>50K
52,Private,74660,Masters,14,Married-civ-spouse,Exec-managerial,Husband,White,Male,0,0,40,United-States,<=50K
19,,860348,Some-college,10,Never-married,,Own-child,Black,Female,0,0,25,United-States,<=50K
41,Private,190885,HS-grad,9,Separated,Other-service,Unmarried,White,Female,0,0,40,Mexico,<=50K
56,Private,135458,HS-grad,9,Divorced,Tech-support,Not-in-family,Black,Female,0,0,40,United-States,<=50K
58,Private,209438,Some-college,10,Divorced,Other-service,Unmarried,Black,Female,0,0,40,United-States,<=50K
59,Self-emp-not-inc,144071,5th-6th,3,Married-civ-spouse,Other-service,Husband,White,Male,2580,0,15,El-Salvador,<=50K
41,Private,115932,Some-college,10,Married-civ-spouse,Exec-managerial,Husband,White,Male,99999,0,50,United-States,>50K
19,Private,235849,HS-grad,9,Never-married,Transport-moving,Own-child,White,Male,0,0,35,United-States,<=50K
35,Private,32528,HS-grad,9,Married-civ-spouse,Handlers-cleaners,Husband,White,Male,0,0,45,United-States,<=50K
31,Private,227446,Some-college,10,Married-civ-spouse,Exec-managerial,Husband,White,Male,0,0,40,Cuba,>50K
46,Private,144351,Masters,14,Married-civ-spouse,Prof-specialty,Husband,White,Male,0,0,40,United-States,>50K
25,Private,208999,Some-college,10,Separated,Adm-clerical,Own-child,White,Male,0,0,40,United-States,<=50K
18,,80564,HS-grad,9,Never-married,,Own-child,White,Male,0,0,60,United-States,<=50K
51,Private,220537,HS-grad,9,Divorced,Machine-op-inspct,Not-in-family,White,Female,0,0,40,United-States,<=50K
50,Self-emp-inc,156623,Prof-school,15,Married-civ-spouse,Prof-specialty,Husband,Asian-Pac-Islander,Male,7688,0,50,Philippines,>50K
23,Private,117618,Some-college,10,Never-married,Handlers-cleaners,Own-child,White,Male,0,0,35,United-States,<=50K
46,Local-gov,344172,Assoc-acdm,12,Married-civ-spouse,Protective-serv,Husband,White,Male,0,0,49,United-States,>50K
32,Private,166634,HS-grad,9,Married-civ-spouse,Machine-op-inspct,Husband,Black,Male,0,0,40,United-States,<=50K
33,Federal-gov,188246,HS-grad,9,Married-civ-spouse,Craft-repair,Husband,White,Male,0,0,40,United-States,<=50K
32,Private,282611,Bachelors,13,Never-married,Exec-managerial,Not-in-family,White,Female,0,0,40,United-States,<=50K
35,Private,233571,HS-grad,9,Divorced,Other-service,Own-child,White,Female,0,0,50,United-States,<=50K
45,Private,182541,Some-college,10,Divorced,Machine-op-inspct,Unmarried,White,Male,0,0,48,United-States,<=50K
32,Private,462255,Bachelors,13,Divorced,Exec-managerial,Not-in-family,White,Female,0,0,40,United-States,<=50K
52,Self-emp-not-inc,162381,HS-grad,9,Divorced,Sales,Not-in-family,White,Male,0,0,40,United-States,<=50K
36,Private,29702,HS-grad,9,Married-civ-spouse,Sales,Husband,White,Male,7688,0,40,United-States,>50K
51,Private,43354,11th,7,Married-civ-spouse,Craft-repair,Husband,White,Male,0,0,40,United-States,>50K
47,Private,95680,Some-college,10,Married-civ-spouse,Exec-managerial,Husband,Asian-Pac-Islander,Male,0,0,40,United-States,<=50K
29,Private,59732,HS-grad,9,Married-civ-spouse,Craft-repair,Husband,Amer-Indian-Eskimo,Male,0,0,40,United-States,<=50K
61,Private,171429,11th,7,Divorced,Other-service,Unmarried,White,Female,0,0,36,United-States,<=50K
37,Self-emp-not-inc,301568,HS-grad,9,Married-civ-spouse,Prof-specialty,Wife,White,Female,0,0,35,United-States,>50K
26,Private,151626,Bachelors,13,Never-married,Prof-specialty,Not-in-family,Black,Female,0,0,45,United-States,<=50K
54,Private,123011,Some-college,10,Married-civ-spouse,Craft-repair,Husband,White,Male,0,0,40,United-States,>50K
49,Self-emp-not-inc,199326,Some-college,10,Married-civ-spouse,Sales,Husband,White,Male,0,0,50,United-States,<=50K
53,Private,228500,HS-grad,9,Married-civ-spouse,Machine-op-inspct,Husband,White,Male,0,0,40,United-States,>50K
49,Private,193366,Masters,14,Married-civ-spouse,Exec-managerial,Husband,White,Male,0,0,65,United-States,>50K
31,Private,473133,Masters,14,Married-civ-spouse,Prof-specialty,Husband,White,Male,5178,0,40,United-States,>50K
37,Self-emp-inc,162164,HS-grad,9,Married-civ-spouse,Craft-repair,Husband,White,Male,0,0,40,United-States,<=50K
51,Private,146767,Assoc-voc,11,Married-civ-spouse,Prof-specialty,Husband,White,Male,0,0,40,United-States,>50K
49,Private,185041,Masters,14,Married-civ-spouse,Exec-managerial,Husband,White,Male,0,1977,40,United-States,>50K
39,Self-emp-inc,186934,Bachelors,13,Married-spouse-absent,Sales,Not-in-family,White,Male,0,0,40,United-States,<=50K
56,Local-gov,273084,Masters,14,Married-civ-spouse,Exec-managerial,Husband,Black,Male,0,0,40,United-States,>50K
19,Private,160811,HS-grad,9,Never-married,Sales,Own-child,White,Male,0,0,38,United-States,<=50K
44,Local-gov,409505,Bachelors,13,Divorced,Protective-serv,Not-in-family,White,Male,0,0,40,United-States,<=50K
29,Private,186733,HS-grad,9,Married-civ-spouse,Craft-repair,Husband,White,Male,0,0,50,United-States,<=50K
40,Private,146908,Doctorate,16,Married-civ-spouse,Prof-specialty,Husband,White,Male,0,0,60,United-States,>50K
18,Private,243900,HS-grad,9,Never-married,Adm-clerical,Own-child,White,Female,0,0,15,United-States,<=50K
50,Private,195844,Assoc-acdm,12,Married-civ-spouse,Exec-managerial,Husband,White,Male,0,0,50,United-States,>50K
59,Local-gov,93211,Bachelors,13,Married-civ-spouse,Exec-managerial,Wife,White,Female,0,0,22,United-States,>50K
21,Private,296158,10th,6,Married-civ-spouse,Other-service,Husband,White,Male,0,0,25,United-States,<=50K
48,Private,344415,Bachelors,13,Married-spouse-absent,Prof-specialty,Not-in-family,White,Male,0,0,37,United-States,>50K
27,Private,161155,HS-grad,9,Married-civ-spouse,Other-service,Husband,White,Male,0,0,40,United-States,<=50K
34,Private,188246,HS-grad,9,Married-civ-spouse,Machine-op-inspct,Husband,White,Male,0,0,40,United-States,<=50K
37,Private,147258,Some-college,10,Married-civ-spouse,Craft-repair,Husband,White,Male,0,0,55,United-States,<=50K
42,Self-emp-not-inc,185129,Prof-school,15,Married-civ-spouse,Prof-specialty,Husband,White,Male,0,1887,40,United-States,>50K
45,Private,167617,Some-college,10,Married-civ-spouse,Other-service,Husband,White,Male,0,0,40,United-States,<=50K
17,Private,218124,11th,7,Never-married,Sales,Own-child,White,Female,0,0,20,United-States,<=50K
37,Private,189878,Prof-school,15,Married-civ-spouse,Prof-specialty,Husband,White,Male,0,0,50,United-States,>50K
32,Private,53206,Bachelors,13,Divorced,Craft-repair,Not-in-family,White,Male,0,0,50,United-States,>50K
18,Private,198616,12th,8,Never-married,Craft-repair,Own-child,White,Male,594,0,20,United-States,<=50K
58,Private,111169,HS-grad,9,Divorced,Adm-clerical,Not-in-family,White,Female,0,0,40,United-States,<=50K
30,Local-gov,73796,Bachelors,13,Separated,Prof-specialty,Not-in-family,White,Female,0,0,40,United-States,<=50K
29,Private,342989,HS-grad,9,Never-married,Adm-clerical,Own-child,White,Female,0,0,40,United-States,<=50K
26,Private,63577,Some-college,10,Never-married,Other-service,Not-in-family,White,Female,0,0,30,United-States,<=50K
44,Self-emp-not-inc,483201,Bachelors,13,Married-civ-spouse,Exec-managerial,Husband,White,Male,0,0,40,United-States,<=50K
40,Private,226902,Masters,14,Married-civ-spouse,Exec-managerial,Husband,White,Male,15024,0,50,United-States,>50K
19,,309284,Some-college,10,Never-married,,Not-in-family,White,Male,0,0,40,United-States,<=50K
31,State-gov,557853,Bachelors,13,Never-married,Adm-clerical,Not-in-family,White,Male,0,0,47,United-States,<=50K
45,Private,125489,Masters,14,Divorced,Prof-specialty,Unmarried,White,Female,0,0,50,United-States,<=50K
44,Private,227065,Bachelors,13,Married-civ-spouse,Exec-managerial,Husband,White,Male,0,0,40,United-States,>50K
43,Private,158177,Some-college,10,Divorced,Adm-clerical,Unmarried,Black,Female,0,0,35,United-States,<=50K
62,,113234,Masters,14,Married-civ-spouse,,Wife,White,Female,0,0,40,United-States,<=50K
36,Private,484024,HS-grad,9,Divorced,Machine-op-inspct,Unmarried,White,Male,0,0,40,United-States,<=50K
58,Private,314153,HS-grad,9,Married-civ-spouse,Sales,Husband,White,Male,0,0,40,United-States,>50K
33,Private,34748,HS-grad,9,Married-civ-spouse,Adm-clerical,Wife,White,Female,0,1887,20,United-States,>50K
42,Private,116632,Doctorate,16,Married-civ-spouse,Prof-specialty,Husband,White,Male,0,0,45,United-States,>50K
26,State-gov,158963,Masters,14,Never-married,Exec-managerial,Not-in-family,White,Female,0,0,40,United-States,<=50K
45,Private,338105,Some-college,10,Married-civ-spouse,Craft-repair,Husband,Asian-Pac-Islander,Male,0,0,40,Vietnam,<=50K
27,Private,204648,Assoc-voc,11,Never-married,Machine-op-inspct,Unmarried,Black,Female,0,0,40,United-States,<=50K
44,Private,275094,1st-4th,2,Never-married,Other-service,Own-child,White,Male,0,0,10,United-States,<=50K
38,Private,31069,Assoc-voc,11,Married-civ-spouse,Craft-repair,Husband,White,Male,4386,0,40,United-States,>50K
29,Private,60722,HS-grad,9,Never-married,Exec-managerial,Not-in-family,Asian-Pac-Islander,Female,0,0,40,United-States,<=50K
29,Local-gov,190330,Some-college,10,Never-married,Other-service,Own-child,White,Female,0,0,10,United-States,<=50K
23,Private,81281,Some-college,10,Married-civ-spouse,Adm-clerical,Husband,White,Male,0,0,40,United-States,<=50K
23,,72953,HS-grad,9,Never-married,,Not-in-family,White,Male,0,0,40,United-States,<=50K
25,Federal-gov,55636,HS-grad,9,Never-married,Handlers-cleaners,Not-in-family,Amer-Indian-Eskimo,Male,0,0,40,United-States,<=50K
47,Local-gov,93618,Some-college,10,Divorced,Adm-clerical,Not-in-family,White,Female,0,0,33,United-States,<=50K
47,Private,161950,Bachelors,13,Divorced,Other-service,Not-in-family,White,Female,0,0,25,Germany,<=50K
23,Private,406641,Some-college,10,Never-married,Handlers-cleaners,Other-relative,White,Female,0,0,18,United-States,<=50K
18,Private,132986,12th,8,Never-married,Other-service,Own-child,White,Male,0,0,10,United-States,<=50K
30,Private,154297,10th,6,Never-married,Machine-op-inspct,Unmarried,Black,Female,0,0,40,United-States,<=50K
47,Private,199058,HS-grad,9,Married-civ-spouse,Craft-repair,Husband,White,Male,0,0,40,United-States,>50K
37,Private,175759,Bachelors,13,Married-civ-spouse,Tech-support,Husband,White,Male,0,0,40,United-States,>50K
60,Private,121127,10th,6,Widowed,Sales,Not-in-family,White,Female,0,0,40,United-States,<=50K
33,Private,23871,HS-grad,9,Divorced,Other-service,Unmarried,White,Female,0,0,30,United-States,<=50K
37,Private,151835,Prof-school,15,Married-civ-spouse,Sales,Husband,White,Male,0,0,45,United-States,>50K
40,Private,247245,9th,5,Divorced,Other-service,Not-in-family,White,Female,0,0,40,United-States,<=50K
39,State-gov,142897,Assoc-voc,11,Never-married,Exec-managerial,Unmarried,White,Female,0,0,50,United-States,<=50K
19,Private,184759,HS-grad,9,Never-married,Adm-clerical,Not-in-family,White,Female,0,0,26,United-States,<=50K
48,Private,40666,11th,7,Married-civ-spouse,Handlers-cleaners,Husband,White,Male,0,0,60,United-States,<=50K
35,Private,272476,Assoc-acdm,12,Married-civ-spouse,Other-service,Wife,White,Female,0,0,35,United-States,>50K
84,Local-gov,163685,HS-grad,9,Widowed,Exec-managerial,Not-in-family,White,Female,0,0,33,United-States,<=50K
47,Self-emp-inc,207540,7th-8th,4,Married-civ-spouse,Craft-repair,Husband,White,Male,0,0,40,,<=50K
40,Private,125776,Assoc-voc,11,Married-civ-spouse,Adm-clerical,Husband,White,Male,0,0,40,United-States,>50K
31,Private,407930,7th-8th,4,Married-civ-spouse,Handlers-cleaners,Husband,White,Male,0,0,40,United-States,<=50K
30,Private,113364,Some-college,10,Married-civ-spouse,Handlers-cleaners,Husband,White,Male,0,0,40,Poland,<=50K
38,Private,97759,12th,8,Never-married,Other-service,Unmarried,White,Female,0,0,17,United-States,<=50K
52,Private,193116,10th,6,Married-civ-spouse,Transport-moving,Husband,White,Male,0,0,45,United-States,<=50K
37,Private,308691,Bachelors,13,Married-civ-spouse,Craft-repair,Husband,White,Male,0,0,45,United-States,>50K
17,Private,166242,10th,6,Never-married,Other-service,Own-child,White,Female,0,0,15,United-States,<=50K
43,Private,245842,HS-grad,9,Married-civ-spouse,Machine-op-inspct,Husband,White,Male,0,0,44,Mexico,<=50K
21,Self-emp-not-inc,236769,7th-8th,4,Never-married,Craft-repair,Not-in-family,White,Male,0,0,40,United-States,<=50K
44,Private,115932,Assoc-acdm,12,Married-civ-spouse,Prof-specialty,Husband,White,Male,0,0,40,United-States,<=50K
21,Private,145964,12th,8,Never-married,Farming-fishing,Not-in-family,White,Male,0,0,40,United-States,<=50K
31,Private,163516,Some-college,10,Widowed,Adm-clerical,Unmarried,White,Female,0,0,40,United-States,<=50K
51,Federal-gov,20795,HS-grad,9,Married-civ-spouse,Transport-moving,Husband,White,Male,7688,0,40,United-States,>50K
30,Private,156025,HS-grad,9,Divorced,Exec-managerial,Unmarried,White,Female,0,0,40,United-States,<=50K
30,Private,173005,HS-grad,9,Married-civ-spouse,Adm-clerical,Husband,White,Male,0,0,44,United-States,<=50K
23,Private,177526,Bachelors,13,Never-married,Exec-managerial,Not-in-family,White,Male,0,0,40,United-States,<=50K
21,Private,325923,Some-college,10,Never-married,Tech-support,Own-child,White,Male,0,0,35,United-States,<=50K
22,Private,416356,Some-college,10,Never-married,Craft-repair,Unmarried,White,Male,0,0,40,United-States,<=50K
32,Private,191777,Masters,14,Never-married,Adm-clerical,Not-in-family,Black,Female,0,0,40,United-States,<=50K
30,Private,165503,Bachelors,13,Never-married,Sales,Own-child,White,Female,0,0,65,United-States,<=50K
38,Self-emp-not-inc,197365,HS-grad,9,Married-civ-spouse,Tech-support,Husband,White,Male,0,0,50,United-States,<=50K
41,Private,185132,Bachelors,13,Never-married,Prof-specialty,Not-in-family,White,Female,0,0,45,United-States,<=50K
27,Local-gov,332249,HS-grad,9,Never-married,Farming-fishing,Own-child,White,Male,0,0,40,United-States,<=50K
27,Private,302422,Some-college,10,Never-married,Machine-op-inspct,Own-child,White,Male,0,0,40,United-States,<=50K
57,Self-emp-not-inc,35561,HS-grad,9,Married-civ-spouse,Farming-fishing,Husband,White,Male,0,0,60,United-States,>50K
26,Private,340335,Bachelors,13,Never-married,Adm-clerical,Not-in-family,White,Female,0,0,40,United-States,<=50K
23,Private,137214,HS-grad,9,Married-civ-spouse,Sales,Husband,Black,Male,0,0,37,United-States,<=50K
26,Private,256737,11th,7,Married-civ-spouse,Transport-moving,Husband,White,Male,0,0,40,United-States,<=50K
33,Private,193042,HS-grad,9,Married-civ-spouse,Transport-moving,Husband,White,Male,0,0,60,United-States,>50K
44,Private,320984,Bachelors,13,Married-civ-spouse,Sales,Husband,White,Male,0,0,60,United-States,>50K
57,Private,134195,HS-grad,9,Married-civ-spouse,Sales,Husband,White,Male,0,0,40,United-States,<=50K
36,Local-gov,135786,9th,5,Married-civ-spouse,Craft-repair,Husband,White,Male,0,0,25,United-States,<=50K
22,Private,185279,HS-grad,9,Never-married,Handlers-cleaners,Own-child,White,Male,0,0,16,United-States,<=50K
41,Private,253759,HS-grad,9,Never-married,Sales,Unmarried,Black,Female,0,0,40,United-States,<=50K
64,Private,114994,HS-grad,9,Married-civ-spouse,Handlers-cleaners,Husband,White,Male,0,0,18,United-States,<=50K
40,Private,111483,Masters,14,Married-civ-spouse,Exec-managerial,Husband,White,Male,0,0,50,United-States,>50K
26,Private,142689,Bachelors,13,Never-married,Prof-specialty,Not-in-family,White,Male,0,0,45,,<=50K
53,Local-gov,236873,Masters,14,Married-civ-spouse,Exec-managerial,Husband,Black,Male,0,0,40,United-States,>50K
28,Private,282398,Some-college,10,Separated,Tech-support,Unmarried,White,Male,0,0,40,United-States,>50K
26,Private,58371,HS-grad,9,Never-married,Adm-clerical,Own-child,White,Male,0,0,40,United-States,<=50K
49,Private,200471,11th,7,Never-married,Other-service,Not-in-family,White,Male,0,0,60,United-States,<=50K
18,,276864,Some-college,10,Never-married,,Own-child,White,Female,0,1602,20,United-States,<=50K
42,Private,77373,Some-college,10,Married-civ-spouse,Handlers-cleaners,Husband,White,Male,0,0,38,United-States,<=50K
42,Private,112607,HS-grad,9,Married-civ-spouse,Craft-repair,Husband,White,Male,0,0,50,United-States,<=50K
52,,244214,HS-grad,9,Married-civ-spouse,,Husband,White,Male,0,0,35,United-States,<=50K
62,Private,211408,Assoc-voc,11,Married-civ-spouse,Tech-support,Husband,White,Male,0,0,40,United-States,>50K
28,State-gov,277635,Some-college,10,Never-married,Adm-clerical,Not-in-family,White,Female,0,0,50,United-States,<=50K
22,Private,141698,10th,6,Never-married,Craft-repair,Unmarried,White,Male,0,0,40,United-States,<=50K
34,Private,376979,9th,5,Never-married,Craft-repair,Not-in-family,White,Male,0,0,40,United-States,<=50K
49,State-gov,216734,Prof-school,15,Divorced,Exec-managerial,Not-in-family,White,Female,0,0,40,United-States,<=50K
30,Federal-gov,356689,Bachelors,13,Married-civ-spouse,Adm-clerical,Husband,White,Male,0,0,30,Japan,<=50K
17,Private,191260,9th,5,Never-married,Other-service,Own-child,White,Male,1055,0,24,United-States,<=50K
30,Private,103642,11th,7,Married-civ-spouse,Craft-repair,Husband,White,Male,0,0,40,United-States,<=50K
47,Self-emp-inc,139268,Prof-school,15,Married-civ-spouse,Prof-specialty,Husband,White,Male,0,1977,60,United-States,>50K
31,Private,215297,HS-grad,9,Married-civ-spouse,Craft-repair,Husband,White,Male,0,0,45,United-States,<=50K
50,Private,143664,Bachelors,13,Never-married,Exec-managerial,Not-in-family,White,Male,0,0,40,United-States,<=50K
63,Self-emp-inc,272425,Assoc-voc,11,Married-civ-spouse,Exec-managerial,Husband,White,Male,0,0,40,United-States,>50K
36,Private,169037,HS-grad,9,Never-married,Adm-clerical,Not-in-family,White,Female,0,0,40,United-States,<=50K
32,Self-emp-not-inc,70985,HS-grad,9,Married-civ-spouse,Farming-fishing,Husband,White,Male,4064,0,40,United-States,<=50K
25,Private,211231,HS-grad,9,Married-civ-spouse,Tech-support,Other-relative,White,Female,0,0,48,United-States,>50K
27,Private,169958,5th-6th,3,Never-married,Craft-repair,Own-child,White,Male,0,0,40,,<=50K
61,Private,176839,HS-grad,9,Married-civ-spouse,Machine-op-inspct,Husband,White,Male,0,0,40,United-States,<=50K
52,Private,46788,Bachelors,13,Divorced,Craft-repair,Unmarried,White,Male,0,0,25,United-States,<=50K
36,Federal-gov,128884,HS-grad,9,Divorced,Adm-clerical,Not-in-family,White,Female,0,0,48,United-States,<=50K
20,Private,117222,Some-college,10,Never-married,Tech-support,Own-child,White,Male,0,0,15,United-States,<=50K
46,Private,118419,HS-grad,9,Divorced,Machine-op-inspct,Unmarried,White,Male,0,0,38,United-States,<=50K
19,Private,164123,11th,7,Never-married,Other-service,Not-in-family,Black,Male,0,0,40,United-States,<=50K
69,Self-emp-inc,182451,Bachelors,13,Separated,Exec-managerial,Not-in-family,White,Male,0,0,40,United-States,<=50K
44,State-gov,351228,HS-grad,9,Married-civ-spouse,Adm-clerical,Husband,White,Male,0,0,40,United-States,<=50K
27,,251854,Bachelors,13,Married-civ-spouse,,Wife,Black,Female,0,0,35,,>50K
38,Local-gov,216129,Some-college,10,Married-spouse-absent,Exec-managerial,Unmarried,Black,Female,0,0,35,United-States,<=50K
42,Private,112956,HS-grad,9,Never-married,Transport-moving,Own-child,White,Male,0,0,40,United-States,<=50K
31,Private,416415,HS-grad,9,Separated,Adm-clerical,Not-in-family,White,Male,0,0,45,United-States,<=50K
48,Private,187715,HS-grad,9,Married-civ-spouse,Craft-repair,Husband,White,Male,0,0,46,United-States,<=50K
65,Private,192133,HS-grad,9,Married-civ-spouse,Craft-repair,Husband,White,Male,2290,0,40,Greece,<=50K
20,Private,197496,Some-college,10,Never-married,Sales,Own-child,White,Male,0,0,30,,<=50K
61,Private,273803,HS-grad,9,Married-civ-spouse,Craft-repair,Husband,White,Male,0,0,40,United-States,<=50K
32,Private,311524,HS-grad,9,Never-married,Craft-repair,Own-child,Black,Male,0,0,38,United-States,<=50K
35,Private,308945,HS-grad,9,Divorced,Tech-support,Unmarried,White,Female,0,0,75,United-States,<=50K
40,Self-emp-inc,132222,HS-grad,9,Married-civ-spouse,Exec-managerial,Husband,White,Male,0,0,40,United-States,<=50K
40,Private,338740,HS-grad,9,Married-civ-spouse,Exec-managerial,Husband,White,Male,0,0,40,United-States,<=50K
43,Private,137722,HS-grad,9,Married-civ-spouse,Handlers-cleaners,Husband,White,Male,0,0,40,United-States,<=50K
17,Private,287160,11th,7,Never-married,Other-service,Own-child,White,Female,0,0,15,United-States,<=50K
24,Private,282604,Some-college,10,Married-civ-spouse,Protective-serv,Other-relative,White,Male,0,0,24,United-States,<=50K
72,Private,205343,11th,7,Widowed,Adm-clerical,Unmarried,White,Female,0,0,40,United-States,<=50K
24,Private,184756,Bachelors,13,Never-married,Exec-managerial,Not-in-family,White,Female,0,0,40,United-States,<=50K
22,Private,197838,Bachelors,13,Never-married,Exec-managerial,Not-in-family,White,Male,0,0,40,United-States,<=50K
27,Private,178778,HS-grad,9,Married-civ-spouse,Transport-moving,Husband,White,Male,0,0,40,United-States,<=50K
28,Private,77760,HS-grad,9,Never-married,Other-service,Unmarried,White,Male,0,0,40,United-States,<=50K
17,,181337,10th,6,Never-married,,Own-child,Other,Female,0,0,20,United-States,<=50K
56,Self-emp-not-inc,53366,11th,7,Married-civ-spouse,Craft-repair,Husband,White,Male,0,0,20,United-States,<=50K
34,Self-emp-not-inc,112650,7th-8th,4,Never-married,Craft-repair,Own-child,White,Male,0,0,40,United-States,<=50K
53,Private,281425,HS-grad,9,Married-civ-spouse,Craft-repair,Husband,White,Male,0,0,40,United-States,>50K
40,State-gov,182460,Masters,14,Married-civ-spouse,Prof-specialty,Wife,Asian-Pac-Islander,Female,0,0,38,China,>50K
36,Private,181322,Bachelors,13,Divorced,Exec-managerial,Not-in-family,White,Female,0,0,45,United-States,<=50K
35,,129305,HS-grad,9,Married-civ-spouse,,Husband,White,Male,0,0,40,United-States,<=50K
46,Private,208067,HS-grad,9,Divorced,Craft-repair,Other-relative,White,Male,0,0,40,United-States,<=50K
20,Private,197997,HS-grad,9,Never-married,Craft-repair,Not-in-family,White,Male,0,0,40,United-States,<=50K
73,Self-emp-not-inc,130391,HS-grad,9,Never-married,Other-service,Not-in-family,White,Female,0,0,36,United-States,<=50K
61,Self-emp-not-inc,113080,9th,5,Married-civ-spouse,Sales,Husband,White,Male,0,0,58,United-States,>50K
49,Private,199029,Bachelors,13,Married-civ-spouse,Sales,Husband,White,Male,0,2415,55,United-States,>50K
33,Private,324546,Some-college,10,Married-civ-spouse,Machine-op-inspct,Husband,White,Male,0,0,39,United-States,<=50K
47,Self-emp-not-inc,190072,Some-college,10,Married-civ-spouse,Craft-repair,Husband,White,Male,0,0,40,Iran,>50K
42,Self-emp-not-inc,79531,Some-college,10,Married-civ-spouse,Exec-managerial,Husband,White,Male,0,0,55,United-States,>50K
62,,73091,7th-8th,4,Widowed,,Not-in-family,Black,Male,0,0,40,United-States,<=50K
63,Private,203783,HS-grad,9,Divorced,Prof-specialty,Not-in-family,White,Female,0,0,72,United-States,<=50K
32,,293936,7th-8th,4,Married-spouse-absent,,Not-in-family,White,Male,0,0,40,,<=50K
38,Federal-gov,338320,Prof-school,15,Married-civ-spouse,Prof-specialty,Husband,White,Male,0,1977,50,United-States,>50K
19,Private,139466,Some-college,10,Never-married,Sales,Own-child,White,Female,0,0,25,United-States,<=50K
46,Private,45288,Bachelors,13,Never-married,Other-service,Not-in-family,White,Male,0,0,40,United-States,<=50K
38,Private,115289,HS-grad,9,Married-civ-spouse,Machine-op-inspct,Husband,White,Male,0,0,40,United-States,<=50K
52,Private,31533,HS-grad,9,Divorced,Other-service,Not-in-family,White,Male,0,0,40,United-States,<=50K
40,Local-gov,166893,Bachelors,13,Married-civ-spouse,Protective-serv,Husband,Black,Male,0,0,40,United-States,>50K
51,Private,53197,HS-grad,9,Married-civ-spouse,Craft-repair,Husband,White,Male,0,0,40,United-States,<=50K
54,Self-emp-inc,304570,Bachelors,13,Married-civ-spouse,Machine-op-inspct,Husband,Asian-Pac-Islander,Male,7688,0,40,,>50K
42,State-gov,202011,Some-college,10,Never-married,Exec-managerial,Not-in-family,White,Female,0,0,40,United-States,<=50K
38,Private,136137,Some-college,10,Married-civ-spouse,Exec-managerial,Other-relative,White,Male,0,0,50,United-States,>50K
19,,60688,Some-college,10,Never-married,,Own-child,White,Male,0,0,35,United-States,<=50K
47,Private,427055,Some-college,10,Married-civ-spouse,Adm-clerical,Husband,White,Male,0,0,45,Mexico,<=50K
34,Private,96245,HS-grad,9,Divorced,Farming-fishing,Not-in-family,White,Male,0,0,40,United-States,<=50K
43,Private,195212,Bachelors,13,Married-civ-spouse,Exec-managerial,Wife,Black,Female,0,0,40,,<=50K
17,Private,72321,11th,7,Never-married,Other-service,Other-relative,White,Female,0,0,12,United-States,<=50K
44,Private,228729,HS-grad,9,Married-civ-spouse,Craft-repair,Husband,Black,Male,0,0,40,,<=50K
31,Private,196227,HS-grad,9,Separated,Other-service,Not-in-family,White,Female,0,0,40,United-States,<=50K
28,,169631,Assoc-acdm,12,Married-AF-spouse,,Wife,White,Female,0,0,3,United-States,<=50K
19,State-gov,127085,Some-college,10,Never-married,Other-service,Own-child,White,Male,0,0,10,United-States,<=50K
30,Private,488720,9th,5,Married-civ-spouse,Handlers-cleaners,Other-relative,White,Male,0,0,40,Mexico,<=50K
44,Self-emp-not-inc,187164,HS-grad,9,Divorced,Transport-moving,Unmarried,White,Male,0,0,60,United-States,<=50K
19,,26620,Some-college,10,Never-married,,Own-child,White,Female,0,0,40,United-States,<=50K
18,Private,188616,11th,7,Never-married,Sales,Own-child,White,Male,0,0,15,United-States,<=50K
41,Private,175674,Bachelors,13,Married-civ-spouse,Tech-support,Husband,White,Male,0,0,40,United-States,>50K
45,Private,339863,Bachelors,13,Divorced,Sales,Not-in-family,White,Male,8614,0,48,United-States,>50K
19,Private,124265,Some-college,10,Never-married,Handlers-cleaners,Own-child,White,Male,0,0,40,United-States,<=50K
34,Private,102858,HS-grad,9,Separated,Adm-clerical,Unmarried,White,Male,0,0,40,United-States,<=50K
45,Private,234699,HS-grad,9,Married-spouse-absent,Other-service,Unmarried,Black,Female,0,0,60,United-States,>50K
46,Private,117849,Some-college,10,Married-civ-spouse,Sales,Husband,White,Male,15024,0,40,United-States,>50K
53,Private,209022,11th,7,Divorced,Other-service,Not-in-family,White,Female,0,0,37,United-States,<=50K
45,Private,230979,Some-college,10,Married-spouse-absent,Adm-clerical,Not-in-family,White,Female,0,0,40,United-States,<=50K
28,Federal-gov,188278,Bachelors,13,Never-married,Protective-serv,Not-in-family,White,Male,0,0,50,United-States,<=50K
28,Private,392100,HS-grad,9,Married-civ-spouse,Craft-repair,Own-child,White,Male,0,0,40,United-States,<=50K
46,Private,269284,Assoc-acdm,12,Widowed,Adm-clerical,Unmarried,White,Female,0,0,40,United-States,<=50K
32,Private,137367,11th,7,Never-married,Craft-repair,Not-in-family,Asian-Pac-Islander,Male,0,0,40,India,<=50K
32,Self-emp-inc,377836,Assoc-voc,11,Married-civ-spouse,Exec-managerial,Husband,White,Male,0,0,40,United-States,<=50K
55,Private,436861,Masters,14,Divorced,Prof-specialty,Not-in-family,White,Female,14084,0,40,United-States,>50K
65,Self-emp-not-inc,131417,5th-6th,3,Married-civ-spouse,Farming-fishing,Husband,White,Male,1797,0,21,United-States,<=50K
39,Self-emp-not-inc,164593,Doctorate,16,Never-married,Prof-specialty,Not-in-family,White,Male,4787,0,40,United-States,>50K
38,Private,102938,Bachelors,13,Married-civ-spouse,Craft-repair,Husband,White,Male,0,0,40,United-States,<=50K
47,Local-gov,321851,Bachelors,13,Never-married,Prof-specialty,Not-in-family,White,Female,0,0,50,United-States,>50K
59,Self-emp-not-inc,325732,HS-grad,9,Married-civ-spouse,Exec-managerial,Husband,White,Male,0,1902,52,United-States,>50K
56,Local-gov,160829,HS-grad,9,Divorced,Adm-clerical,Not-in-family,White,Female,0,0,46,United-States,<=50K
58,Private,322691,Bachelors,13,Married-civ-spouse,Machine-op-inspct,Husband,White,Male,0,0,40,United-States,>50K
31,Private,54929,Some-college,10,Divorced,Craft-repair,Not-in-family,White,Male,0,0,60,United-States,<=50K
43,Private,143046,HS-grad,9,Married-civ-spouse,Machine-op-inspct,Wife,White,Female,0,0,40,Greece,<=50K
42,Private,143046,HS-grad,9,Never-married,Other-service,Own-child,White,Female,0,0,40,United-States,<=50K
52,Self-emp-inc,230767,Bachelors,13,Married-civ-spouse,Exec-managerial,Husband,White,Male,0,1902,60,Cuba,>50K
17,Private,225106,10th,6,Never-married,Other-service,Own-child,White,Female,0,1602,18,United-States,<=50K
55,Private,158641,HS-grad,9,Widowed,Adm-clerical,Not-in-family,White,Female,0,0,40,United-States,<=50K
41,Private,76625,HS-grad,9,Married-civ-spouse,Craft-repair,Husband,White,Male,0,0,40,United-States,<=50K
49,Private,195727,Bachelors,13,Married-civ-spouse,Exec-managerial,Husband,White,Male,0,0,40,United-States,<=50K
37,Private,42645,HS-grad,9,Married-civ-spouse,Farming-fishing,Husband,White,Male,0,0,40,United-States,<=50K
39,Private,291665,HS-grad,9,Married-civ-spouse,Adm-clerical,Husband,White,Male,4508,0,24,United-States,<=50K
33,State-gov,306309,Masters,14,Never-married,Prof-specialty,Not-in-family,White,Male,0,0,50,United-States,<=50K
31,Private,284395,Bachelors,13,Married-civ-spouse,Sales,Husband,White,Male,0,0,40,United-States,<=50K
36,Private,169926,HS-grad,9,Divorced,Sales,Not-in-family,White,Female,0,0,40,United-States,<=50K
27,Self-emp-inc,193868,HS-grad,9,Never-married,Sales,Not-in-family,White,Male,0,0,50,United-States,<=50K
25,Private,81286,HS-grad,9,Married-civ-spouse,Craft-repair,Husband,White,Male,0,0,45,United-States,<=50K
46,Private,377401,HS-grad,9,Married-civ-spouse,Transport-moving,Husband,White,Male,0,1902,70,Canada,>50K
41,Self-emp-inc,495061,Doctorate,16,Married-civ-spouse,Prof-specialty,Husband,White,Male,99999,0,70,United-States,>50K
40,Private,121772,Assoc-voc,11,Married-civ-spouse,Craft-repair,Husband,Asian-Pac-Islander,Male,0,0,40,,>50K
53,Private,182186,9th,5,Married-civ-spouse,Other-service,Husband,White,Male,0,0,40,Dominican-Republic,<=50K
37,Private,161111,Bachelors,13,Never-married,Sales,Not-in-family,White,Female,0,0,40,United-States,<=50K
48,Private,102597,Some-college,10,Separated,Adm-clerical,Unmarried,White,Female,0,0,44,United-States,<=50K
59,Self-emp-not-inc,128105,HS-grad,9,Married-civ-spouse,Farming-fishing,Husband,White,Male,0,0,35,United-States,<=50K
26,Private,222637,10th,6,Never-married,Craft-repair,Not-in-family,White,Male,0,0,55,Puerto-Rico,<=50K
25,Federal-gov,50053,Bachelors,13,Never-married,Tech-support,Not-in-family,White,Male,0,0,45,United-States,<=50K
27,Local-gov,236472,Bachelors,13,Divorced,Prof-specialty,Other-relative,White,Female,0,0,40,United-States,<=50K
48,Self-emp-not-inc,373606,Some-college,10,Divorced,Sales,Unmarried,White,Male,0,0,65,United-States,>50K
34,Private,242984,Bachelors,13,Never-married,Sales,Not-in-family,White,Male,0,0,40,United-States,<=50K
45,Local-gov,148254,Masters,14,Divorced,Prof-specialty,Not-in-family,White,Female,0,0,35,United-States,<=50K
19,Private,285750,HS-grad,9,Never-married,Handlers-cleaners,Other-relative,White,Male,0,0,30,United-States,<=50K
44,Self-emp-not-inc,104196,HS-grad,9,Married-civ-spouse,Exec-managerial,Husband,White,Male,0,0,84,United-States,<=50K
22,Private,199426,Some-college,10,Never-married,Sales,Not-in-family,White,Female,0,0,17,United-States,<=50K
37,Private,187748,Some-college,10,Married-civ-spouse,Craft-repair,Husband,White,Male,0,0,40,United-States,<=50K
61,Private,115023,Some-college,10,Married-civ-spouse,Adm-clerical,Husband,White,Male,0,0,40,United-States,>50K
42,Private,22831,HS-grad,9,Never-married,Other-service,Not-in-family,White,Female,0,0,40,United-States,<=50K
35,Private,143589,Bachelors,13,Married-spouse-absent,Prof-specialty,Not-in-family,Asian-Pac-Islander,Female,0,0,40,Philippines,<=50K
30,Private,144593,HS-grad,9,Never-married,Other-service,Not-in-family,Black,Male,0,0,40,,<=50K
37,Private,212437,Some-college,10,Widowed,Machine-op-inspct,Unmarried,Black,Female,0,0,48,United-States,<=50K
49,Private,329603,Bachelors,13,Married-civ-spouse,Craft-repair,Husband,White,Male,0,1902,40,United-States,>50K
65,Private,107620,11th,7,Widowed,Adm-clerical,Not-in-family,White,Female,0,0,8,United-States,<=50K
22,,330571,HS-grad,9,Never-married,,Not-in-family,White,Female,0,0,45,United-States,<=50K
64,Private,342494,HS-grad,9,Married-civ-spouse,Machine-op-inspct,Husband,White,Male,0,0,40,United-States,<=50K
22,Private,361138,HS-grad,9,Never-married,Handlers-cleaners,Other-relative,White,Male,0,0,50,United-States,<=50K
24,Private,267706,Some-college,10,Never-married,Craft-repair,Own-child,White,Female,0,0,45,United-States,<=50K
51,Self-emp-not-inc,174824,HS-grad,9,Never-married,Farming-fishing,Not-in-family,White,Male,8614,0,40,United-States,>50K
33,Private,159247,Bachelors,13,Married-civ-spouse,Prof-specialty,Husband,White,Male,0,0,40,United-States,>50K
26,Private,34112,Assoc-voc,11,Never-married,Other-service,Not-in-family,White,Male,0,0,40,United-States,<=50K
40,Private,34113,HS-grad,9,Never-married,Exec-managerial,Not-in-family,Amer-Indian-Eskimo,Male,6849,0,43,United-States,<=50K
28,Private,163772,HS-grad,9,Married-civ-spouse,Other-service,Husband,Other,Male,0,0,40,United-States,<=50K
37,Private,99270,HS-grad,9,Never-married,Transport-moving,Other-relative,White,Female,0,0,40,United-States,<=50K
38,Private,289148,HS-grad,9,Married-spouse-absent,Craft-repair,Unmarried,White,Female,0,0,40,United-States,<=50K
39,Private,191807,HS-grad,9,Never-married,Machine-op-inspct,Unmarried,White,Male,0,0,48,United-States,<=50K
31,Private,209276,HS-grad,9,Married-civ-spouse,Other-service,Husband,Other,Male,0,0,40,United-States,<=50K
30,,157289,11th,7,Never-married,,Unmarried,White,Male,0,0,40,United-States,<=50K
24,Private,219510,Bachelors,13,Never-married,Other-service,Not-in-family,Asian-Pac-Islander,Male,0,0,32,United-States,<=50K
22,Private,340543,HS-grad,9,Never-married,Tech-support,Not-in-family,White,Female,0,0,40,United-States,<=50K
19,,307837,Some-college,10,Never-married,,Own-child,White,Male,0,0,40,United-States,<=50K
48,Private,313925,Assoc-acdm,12,Married-civ-spouse,Prof-specialty,Wife,White,Female,0,0,30,United-States,>50K
30,Private,227359,Some-college,10,Never-married,Craft-repair,Unmarried,White,Male,0,0,40,United-States,<=50K
37,Local-gov,80680,Bachelors,13,Divorced,Prof-specialty,Unmarried,White,Female,1151,0,35,United-States,<=50K
37,Private,105803,HS-grad,9,Married-civ-spouse,Craft-repair,Husband,White,Male,3103,0,45,United-States,>50K
39,Private,216256,Bachelors,13,Married-civ-spouse,Exec-managerial,Husband,White,Male,0,0,60,Italy,>50K
53,Private,355802,Some-college,10,Widowed,Sales,Unmarried,White,Female,0,0,30,United-States,<=50K
28,Private,178489,Bachelors,13,Never-married,Exec-managerial,Unmarried,Black,Female,0,0,45,,<=50K
37,Private,181705,Assoc-voc,11,Married-civ-spouse,Craft-repair,Husband,White,Male,0,0,40,United-States,<=50K
53,Private,48413,HS-grad,9,Married-civ-spouse,Craft-repair,Husband,White,Male,0,0,40,United-States,<=50K
40,Local-gov,147372,Some-college,10,Never-married,Protective-serv,Not-in-family,White,Male,0,2444,40,United-States,>50K
26,Private,258768,Some-college,10,Never-married,Transport-moving,Not-in-family,Black,Male,2174,0,75,United-States,<=50K
37,Local-gov,117683,HS-grad,9,Married-civ-spouse,Protective-serv,Husband,White,Male,0,0,40,United-States,<=50K
43,Local-gov,118853,Some-college,10,Married-civ-spouse,Tech-support,Husband,White,Male,4386,0,99,United-States,>50K
18,Self-emp-inc,38307,11th,7,Never-married,Farming-fishing,Own-child,White,Male,0,0,30,United-States,<=50K
28,Private,535978,Some-college,10,Married-civ-spouse,Craft-repair,Husband,White,Male,0,0,40,United-States,>50K
26,,321629,HS-grad,9,Never-married,,Unmarried,White,Female,0,0,16,United-States,<=50K
37,Private,128715,Bachelors,13,Married-civ-spouse,Exec-managerial,Husband,White,Male,0,0,60,United-States,>50K
53,Private,374588,HS-grad,9,Married-civ-spouse,Transport-moving,Husband,Black,Male,0,0,60,United-States,<=50K
47,Private,225456,HS-grad,9,Never-married,Tech-support,Other-relative,White,Male,0,0,50,United-States,<=50K
32,Private,473133,Masters,14,Married-civ-spouse,Prof-specialty,Husband,White,Male,0,0,40,United-States,>50K
50,Private,233369,Some-college,10,Divorced,Prof-specialty,Unmarried,White,Female,0,0,40,United-States,<=50K
25,Private,210095,11th,7,Married-spouse-absent,Handlers-cleaners,Not-in-family,White,Female,0,0,40,Mexico,<=50K
30,Private,206051,HS-grad,9,Married-civ-spouse,Transport-moving,Husband,White,Male,0,0,40,United-States,<=50K
37,Private,249720,Bachelors,13,Never-married,Adm-clerical,Unmarried,Black,Female,0,0,27,United-States,<=50K
38,Private,222450,Some-college,10,Separated,Exec-managerial,Unmarried,White,Male,0,0,40,United-States,<=50K
59,Private,171015,Some-college,10,Never-married,Adm-clerical,Own-child,White,Female,0,0,34,United-States,<=50K
36,Self-emp-inc,184456,Bachelors,13,Never-married,Tech-support,Not-in-family,White,Male,27828,0,55,United-States,>50K
49,Self-emp-not-inc,189123,HS-grad,9,Married-civ-spouse,Craft-repair,Husband,White,Male,5013,0,50,United-States,<=50K
39,Private,181943,Bachelors,13,Never-married,Exec-managerial,Not-in-family,White,Female,0,0,35,United-States,<=50K
51,Local-gov,88120,HS-grad,9,Never-married,Other-service,Not-in-family,Black,Male,0,0,40,United-States,<=50K
46,Private,34377,Assoc-acdm,12,Married-civ-spouse,Craft-repair,Husband,White,Male,0,0,40,United-States,>50K
30,Private,187618,HS-grad,9,Married-civ-spouse,Exec-managerial,Husband,White,Male,0,0,50,United-States,<=50K
60,Local-gov,313852,Masters,14,Divorced,Prof-specialty,Not-in-family,White,Female,0,0,25,United-States,<=50K
65,Private,113323,Assoc-acdm,12,Married-civ-spouse,Exec-managerial,Husband,White,Male,3818,0,40,United-States,<=50K
51,Private,208899,Bachelors,13,Separated,Adm-clerical,Unmarried,White,Female,0,0,40,United-States,<=50K
55,Private,314592,HS-grad,9,Married-civ-spouse,Craft-repair,Husband,White,Male,0,0,40,United-States,>50K
21,Private,170800,HS-grad,9,Never-married,Sales,Own-child,White,Female,0,0,30,United-States,<=50K
27,Private,225142,Some-college,10,Never-married,Craft-repair,Own-child,White,Male,0,0,40,United-States,<=50K
60,Private,166386,11th,7,Married-civ-spouse,Machine-op-inspct,Wife,Asian-Pac-Islander,Female,0,0,30,Hong,<=50K
65,,240857,Bachelors,13,Married-civ-spouse,,Husband,White,Male,0,2377,40,United-States,>50K
30,Private,29662,Assoc-acdm,12,Married-civ-spouse,Other-service,Wife,White,Female,0,0,25,United-States,>50K
46,Private,164733,Masters,14,Married-civ-spouse,Prof-specialty,Husband,White,Male,0,0,41,United-States,<=50K
30,Private,129227,HS-grad,9,Widowed,Adm-clerical,Not-in-family,White,Female,0,0,40,United-States,<=50K
37,Private,112497,Masters,14,Married-civ-spouse,Exec-managerial,Husband,White,Male,0,0,40,United-States,>50K
30,Self-emp-inc,321990,Masters,14,Married-civ-spouse,Exec-managerial,Husband,White,Male,15024,0,60,,>50K
31,Private,145139,Bachelors,13,Married-civ-spouse,Craft-repair,Husband,White,Male,0,0,40,United-States,>50K
23,Private,227471,HS-grad,9,Never-married,Handlers-cleaners,Own-child,White,Male,0,0,24,United-States,<=50K
37,Private,177974,Some-college,10,Married-civ-spouse,Machine-op-inspct,Husband,White,Male,0,0,70,United-States,<=50K
19,Private,73190,Some-college,10,Never-married,Handlers-cleaners,Own-child,White,Male,0,0,20,United-States,<=50K
27,Private,289147,Bachelors,13,Never-married,Prof-specialty,Own-child,White,Female,0,0,40,United-States,<=50K
50,Private,196193,Masters,14,Married-spouse-absent,Prof-specialty,Other-relative,White,Male,0,0,60,,<=50K
54,Private,203635,HS-grad,9,Married-civ-spouse,Adm-clerical,Husband,White,Male,7298,0,60,United-States,>50K
51,Private,131068,HS-grad,9,Divorced,Other-service,Not-in-family,White,Female,0,0,40,United-States,<=50K
36,Private,35309,Bachelors,13,Married-civ-spouse,Exec-managerial,Husband,White,Male,0,0,40,United-States,<=50K
28,Private,340408,Some-college,10,Divorced,Craft-repair,Not-in-family,White,Male,0,0,46,United-States,<=50K
52,Self-emp-inc,287927,HS-grad,9,Married-civ-spouse,Exec-managerial,Wife,White,Female,15024,0,40,United-States,>50K
19,Private,349620,10th,6,Never-married,Machine-op-inspct,Own-child,White,Female,0,0,40,United-States,<=50K
30,Private,202051,Bachelors,13,Married-civ-spouse,Exec-managerial,Husband,White,Male,0,0,42,United-States,>50K
27,Private,357348,HS-grad,9,Separated,Other-service,Unmarried,White,Female,0,0,50,United-States,<=50K
30,Private,95299,HS-grad,9,Married-civ-spouse,Machine-op-inspct,Husband,Asian-Pac-Islander,Male,0,0,40,Vietnam,>50K
53,Private,191565,1st-4th,2,Divorced,Other-service,Unmarried,Black,Female,0,0,40,Dominican-Republic,<=50K
55,Private,197422,HS-grad,9,Married-civ-spouse,Transport-moving,Husband,White,Male,7688,0,40,United-States,>50K
47,Private,280798,Some-college,10,Married-civ-spouse,Exec-managerial,Husband,White,Male,0,0,40,United-States,>50K
38,Private,153066,Masters,14,Divorced,Exec-managerial,Not-in-family,White,Male,0,0,45,United-States,>50K
57,Private,34269,HS-grad,9,Widowed,Transport-moving,Unmarried,White,Male,0,653,42,United-States,>50K
21,Private,219086,HS-grad,9,Never-married,Other-service,Own-child,White,Male,0,0,35,United-States,<=50K
28,Private,46987,Assoc-voc,11,Never-married,Tech-support,Own-child,White,Female,2174,0,36,United-States,<=50K
21,Private,228395,Some-college,10,Never-married,Sales,Other-relative,Black,Female,0,0,20,United-States,<=50K
63,Private,318763,Some-college,10,Divorced,Craft-repair,Unmarried,White,Male,0,0,22,United-States,<=50K
41,Private,55854,Bachelors,13,Married-civ-spouse,Prof-specialty,Husband,White,Male,0,0,56,United-States,>50K
61,Private,172037,HS-grad,9,Married-civ-spouse,Other-service,Husband,White,Male,0,0,40,United-States,<=50K
49,Federal-gov,216453,Assoc-voc,11,Divorced,Exec-managerial,Unmarried,Black,Female,0,0,45,United-States,<=50K
41,Private,170230,Bachelors,13,Divorced,Exec-managerial,Unmarried,White,Female,0,0,45,United-States,<=50K
31,Private,173279,Bachelors,13,Married-civ-spouse,Tech-support,Husband,Asian-Pac-Islander,Male,0,0,40,United-States,>50K
49,Private,452402,Some-college,10,Separated,Exec-managerial,Unmarried,Black,Female,0,0,60,United-States,<=50K
25,Private,19214,HS-grad,9,Never-married,Handlers-cleaners,Not-in-family,White,Male,0,0,40,United-States,<=50K
21,Private,414812,7th-8th,4,Never-married,Craft-repair,Own-child,White,Male,0,0,40,United-States,<=50K
38,Private,423616,Assoc-voc,11,Married-civ-spouse,Tech-support,Wife,White,Female,0,0,36,United-States,>50K
90,Private,139660,Some-college,10,Divorced,Sales,Unmarried,Black,Female,0,0,37,United-States,<=50K
44,Private,150076,HS-grad,9,Never-married,Other-service,Not-in-family,White,Male,0,0,30,United-States,<=50K
24,,154373,HS-grad,9,Married-civ-spouse,,Wife,White,Female,0,0,25,United-States,<=50K
51,State-gov,105943,HS-grad,9,Married-civ-spouse,Adm-clerical,Wife,White,Female,3908,0,40,United-States,<=50K
52,Self-emp-inc,179951,Prof-school,15,Married-civ-spouse,Exec-managerial,Husband,White,Male,0,0,40,United-States,<=50K
37,Private,77820,Bachelors,13,Married-civ-spouse,Exec-managerial,Husband,White,Male,0,0,50,United-States,>50K
47,Private,168232,Bachelors,13,Married-civ-spouse,Adm-clerical,Husband,White,Male,7298,0,40,United-States,>50K
36,Private,199439,Masters,14,Married-civ-spouse,Exec-managerial,Husband,White,Male,0,0,45,United-States,>50K
47,Private,33710,Bachelors,13,Married-civ-spouse,Exec-managerial,Husband,White,Male,3103,0,60,United-States,>50K
45,Private,178319,Doctorate,16,Married-civ-spouse,Prof-specialty,Husband,White,Male,7688,0,50,United-States,>50K
23,Private,239375,Bachelors,13,Never-married,Machine-op-inspct,Own-child,White,Male,0,0,40,United-States,<=50K
43,Self-emp-not-inc,96129,11th,7,Married-civ-spouse,Handlers-cleaners,Husband,White,Male,0,0,60,United-States,<=50K
35,Private,87556,HS-grad,9,Divorced,Craft-repair,Not-in-family,White,Male,0,0,40,United-States,<=50K
27,Private,211184,HS-grad,9,Never-married,Adm-clerical,Not-in-family,White,Female,0,0,52,United-States,<=50K
59,Self-emp-not-inc,56392,Some-college,10,Married-civ-spouse,Farming-fishing,Husband,White,Male,0,1579,60,United-States,<=50K
33,Private,182556,HS-grad,9,Never-married,Other-service,Not-in-family,White,Male,0,0,40,United-States,<=50K
34,Private,188736,HS-grad,9,Married-civ-spouse,Machine-op-inspct,Other-relative,Other,Female,0,0,20,Columbia,<=50K
56,Private,298695,7th-8th,4,Married-civ-spouse,Machine-op-inspct,Husband,White,Male,0,0,48,United-States,<=50K
52,Local-gov,317733,Bachelors,13,Married-civ-spouse,Prof-specialty,Husband,White,Male,7688,0,40,United-States,>50K
53,Private,182855,10th,6,Divorced,Adm-clerical,Unmarried,White,Female,0,0,48,United-States,<=50K
19,Private,121074,7th-8th,4,Married-civ-spouse,Craft-repair,Husband,White,Male,0,0,99,United-States,<=50K
50,Local-gov,153064,HS-grad,9,Married-civ-spouse,Exec-managerial,Husband,White,Male,5178,0,40,United-States,>50K
39,Private,129573,Bachelors,13,Never-married,Exec-managerial,Not-in-family,White,Male,0,0,50,United-States,>50K
46,Private,169042,10th,6,Never-married,Other-service,Not-in-family,White,Female,0,0,25,Ecuador,<=50K
46,Self-emp-inc,216414,Masters,14,Married-civ-spouse,Sales,Husband,White,Male,0,1977,60,United-States,>50K
25,Private,253267,Some-college,10,Married-civ-spouse,Adm-clerical,Husband,Black,Male,0,1902,36,United-States,>50K
43,Federal-gov,195897,HS-grad,9,Married-civ-spouse,Farming-fishing,Husband,White,Male,7298,0,40,United-States,>50K
22,Private,318915,HS-grad,9,Never-married,Other-service,Unmarried,White,Female,0,0,40,United-States,<=50K
20,,168863,Some-college,10,Never-married,,Own-child,White,Female,0,0,20,United-States,<=50K
63,,29859,HS-grad,9,Married-civ-spouse,,Husband,White,Male,0,1485,40,United-States,>50K
18,Private,242893,11th,7,Never-married,Craft-repair,Own-child,White,Male,0,0,35,United-States,<=50K
64,Self-emp-not-inc,219661,Prof-school,15,Married-civ-spouse,Prof-specialty,Husband,White,Male,0,0,9,United-States,>50K
18,Private,266287,12th,8,Never-married,Sales,Own-child,White,Female,0,0,35,United-States,<=50K
20,Private,137618,Some-college,10,Never-married,Transport-moving,Own-child,White,Male,0,0,35,United-States,<=50K
34,Private,141118,Masters,14,Divorced,Prof-specialty,Own-child,White,Female,0,0,60,United-States,>50K
39,Private,117683,10th,6,Married-civ-spouse,Handlers-cleaners,Husband,White,Male,0,0,45,United-States,<=50K
64,Local-gov,199298,5th-6th,3,Divorced,Other-service,Not-in-family,White,Female,0,0,45,,<=50K
42,Private,190767,Bachelors,13,Divorced,Adm-clerical,Not-in-family,White,Female,0,0,40,United-States,<=50K
46,Private,268358,11th,7,Separated,Machine-op-inspct,Not-in-family,White,Female,0,0,40,United-States,<=50K
40,State-gov,199381,Masters,14,Married-civ-spouse,Prof-specialty,Wife,White,Female,15024,0,37,United-States,>50K
25,Private,187502,HS-grad,9,Never-married,Sales,Own-child,Black,Male,0,0,24,United-States,<=50K
44,Private,110396,Masters,14,Never-married,Exec-managerial,Not-in-family,White,Male,14084,0,56,United-States,>50K
31,Self-emp-not-inc,175856,HS-grad,9,Married-civ-spouse,Craft-repair,Husband,White,Male,0,0,60,United-States,<=50K
34,Private,163110,Masters,14,Married-civ-spouse,Sales,Husband,White,Male,0,0,40,United-States,<=50K
39,Private,153976,Some-college,10,Married-civ-spouse,Craft-repair,Husband,White,Male,0,0,52,United-States,>50K
34,Private,113838,Some-college,10,Married-civ-spouse,Sales,Husband,White,Male,0,0,45,United-States,>50K
27,,60726,HS-grad,9,Never-married,,Own-child,Black,Male,0,0,40,United-States,<=50K
50,Local-gov,50178,Some-college,10,Married-civ-spouse,Craft-repair,Husband,White,Male,4064,0,55,United-States,<=50K
35,Self-emp-not-inc,372525,Bachelors,13,Never-married,Exec-managerial,Not-in-family,White,Male,0,0,40,United-States,<=50K
46,Local-gov,175428,Masters,14,Married-civ-spouse,Prof-specialty,Husband,White,Male,0,0,40,United-States,>50K
40,Self-emp-not-inc,282678,Masters,14,Separated,Exec-managerial,Unmarried,White,Female,0,0,20,United-States,<=50K
29,State-gov,267989,Bachelors,13,Married-civ-spouse,Prof-specialty,Husband,White,Male,0,0,50,United-States,>50K
45,Local-gov,168191,Bachelors,13,Married-civ-spouse,Craft-repair,Husband,White,Male,0,0,35,United-States,>50K
26,Private,132661,HS-grad,9,Married-civ-spouse,Exec-managerial,Wife,White,Female,5013,0,40,United-States,<=50K
33,Local-gov,511289,Assoc-voc,11,Married-civ-spouse,Protective-serv,Husband,White,Male,0,0,48,United-States,>50K
22,State-gov,64292,Bachelors,13,Never-married,Prof-specialty,Own-child,White,Female,0,0,43,United-States,<=50K
23,Private,325921,Assoc-voc,11,Never-married,Prof-specialty,Not-in-family,White,Female,0,0,36,United-States,<=50K
26,Private,381618,9th,5,Married-civ-spouse,Craft-repair,Husband,White,Male,0,0,45,United-States,<=50K
51,Private,467611,9th,5,Married-civ-spouse,Farming-fishing,Husband,White,Male,0,0,40,Mexico,<=50K
57,Private,346963,Bachelors,13,Married-civ-spouse,Exec-managerial,Husband,White,Male,0,0,40,United-States,>50K
50,Private,172511,Some-college,10,Married-civ-spouse,Craft-repair,Husband,White,Male,0,0,40,United-States,>50K
31,Private,115488,HS-grad,9,Married-civ-spouse,Farming-fishing,Husband,White,Male,0,0,40,United-States,<=50K
60,Private,184242,HS-grad,9,Married-spouse-absent,Other-service,Unmarried,White,Female,0,0,20,United-States,<=50K
30,Private,116508,HS-grad,9,Married-civ-spouse,Craft-repair,Husband,White,Male,0,0,40,Germany,<=50K
27,Private,390657,HS-grad,9,Married-civ-spouse,Handlers-cleaners,Husband,Black,Male,0,0,40,United-States,<=50K
58,Private,298601,9th,5,Married-civ-spouse,Machine-op-inspct,Husband,Black,Male,3781,0,40,United-States,<=50K
28,State-gov,239130,Some-college,10,Divorced,Other-service,Unmarried,White,Male,0,0,40,United-States,<=50K
37,Private,38948,HS-grad,9,Married-civ-spouse,Transport-moving,Husband,White,Male,0,0,50,United-States,<=50K
51,Self-emp-inc,229465,Masters,14,Married-civ-spouse,Exec-managerial,Husband,White,Male,15024,0,50,United-States,>50K
27,Private,60374,HS-grad,9,Widowed,Craft-repair,Unmarried,White,Female,0,1594,26,United-States,<=50K
44,Private,223308,Masters,14,Separated,Sales,Unmarried,White,Female,0,0,48,United-States,<=50K
39,Private,204527,Doctorate,16,Married-civ-spouse,Prof-specialty,Husband,White,Male,0,0,50,United-States,>50K
42,Private,121055,Bachelors,13,Married-civ-spouse,Sales,Husband,White,Male,0,0,60,United-States,<=50K
26,Private,181920,Bachelors,13,Married-civ-spouse,Prof-specialty,Wife,White,Female,0,0,45,United-States,>50K
28,Private,165030,Some-college,10,Never-married,Exec-managerial,Not-in-family,White,Female,0,0,50,United-States,<=50K
54,Local-gov,186884,Some-college,10,Married-civ-spouse,Transport-moving,Husband,Black,Male,0,0,30,United-States,<=50K
42,Self-emp-not-inc,37618,Some-college,10,Married-civ-spouse,Farming-fishing,Husband,White,Male,0,0,60,United-States,<=50K
36,Private,312206,HS-grad,9,Married-civ-spouse,Machine-op-inspct,Husband,White,Male,0,0,40,United-States,<=50K
54,Self-emp-inc,206862,HS-grad,9,Married-civ-spouse,Exec-managerial,Husband,White,Male,0,0,36,United-States,>50K
36,Private,217926,Assoc-acdm,12,Married-civ-spouse,Machine-op-inspct,Husband,Black,Male,0,0,50,United-States,<=50K
32,Private,206365,HS-grad,9,Never-married,Other-service,Not-in-family,Black,Female,0,0,40,United-States,<=50K
24,Federal-gov,215115,Bachelors,13,Never-married,Tech-support,Own-child,White,Female,0,0,40,,<=50K
19,Local-gov,53220,HS-grad,9,Never-married,Adm-clerical,Own-child,Black,Female,0,0,40,United-States,<=50K
54,Private,213092,HS-grad,9,Divorced,Other-service,Not-in-family,White,Female,0,0,40,United-States,<=50K
37,Private,34173,Bachelors,13,Never-married,Tech-support,Not-in-family,White,Female,0,0,40,United-States,<=50K
28,Private,181776,Bachelors,13,Never-married,Other-service,Not-in-family,White,Female,0,0,50,United-States,<=50K
42,Private,334522,HS-grad,9,Married-civ-spouse,Handlers-cleaners,Husband,Black,Male,0,0,40,United-States,<=50K
29,Local-gov,92262,HS-grad,9,Never-married,Protective-serv,Own-child,White,Male,0,0,48,United-States,<=50K
38,Private,212245,Some-college,10,Married-civ-spouse,Craft-repair,Husband,White,Male,0,0,40,United-States,<=50K
26,Private,152452,Bachelors,13,Married-civ-spouse,Tech-support,Husband,White,Male,0,0,50,United-States,<=50K
41,Private,171546,Bachelors,13,Married-civ-spouse,Tech-support,Husband,White,Male,0,0,45,United-States,>50K
42,Private,154374,Bachelors,13,Married-civ-spouse,Exec-managerial,Husband,White,Male,0,2415,60,United-States,>50K
53,Private,20438,Some-college,10,Separated,Exec-managerial,Unmarried,Amer-Indian-Eskimo,Female,0,0,15,United-States,<=50K
30,Private,53285,HS-grad,9,Married-civ-spouse,Sales,Husband,White,Male,0,0,52,United-States,>50K
36,Private,67728,HS-grad,9,Married-civ-spouse,Craft-repair,Husband,White,Male,5013,0,40,Italy,<=50K
32,Private,420895,HS-grad,9,Married-civ-spouse,Transport-moving,Husband,White,Male,0,0,40,United-States,<=50K
23,Private,449432,Some-college,10,Never-married,Adm-clerical,Own-child,White,Male,0,0,40,United-States,<=50K
47,Private,169388,11th,7,Divorced,Other-service,Unmarried,White,Female,0,0,15,United-States,<=50K
19,Private,212468,Some-college,10,Never-married,Other-service,Own-child,White,Female,0,0,15,United-States,<=50K
19,Private,250818,Some-college,10,Never-married,Adm-clerical,Not-in-family,White,Male,0,0,40,United-States,<=50K
50,Self-emp-not-inc,196504,Doctorate,16,Married-civ-spouse,Prof-specialty,Husband,White,Male,0,0,23,United-States,<=50K
90,,77053,HS-grad,9,Widowed,,Not-in-family,White,Female,0,4356,40,United-States,<=50K
60,Self-emp-not-inc,35649,Bachelors,13,Married-civ-spouse,Craft-repair,Husband,White,Male,0,0,40,United-States,<=50K
41,Self-emp-not-inc,142725,HS-grad,9,Married-civ-spouse,Transport-moving,Husband,White,Male,0,0,45,United-States,<=50K
45,Self-emp-not-inc,32172,Some-college,10,Never-married,Farming-fishing,Not-in-family,White,Male,0,0,50,United-States,<=50K
31,Private,409622,Bachelors,13,Married-civ-spouse,Machine-op-inspct,Husband,Other,Male,0,0,36,Mexico,<=50K
34,Private,29235,Assoc-acdm,12,Divorced,Prof-specialty,Not-in-family,White,Female,0,0,40,United-States,<=50K
58,Federal-gov,139290,Bachelors,13,Married-civ-spouse,Adm-clerical,Husband,White,Male,0,0,40,United-States,>50K
35,Private,146042,Some-college,10,Divorced,Machine-op-inspct,Not-in-family,Amer-Indian-Eskimo,Male,0,0,40,United-States,<=50K
69,Private,113035,1st-4th,2,Widowed,Priv-house-serv,Not-in-family,Black,Female,0,0,4,United-States,<=50K
29,State-gov,118520,HS-grad,9,Married-civ-spouse,Protective-serv,Husband,White,Male,0,0,42,United-States,<=50K
20,Private,36235,Assoc-acdm,12,Never-married,Adm-clerical,Not-in-family,White,Female,0,0,40,United-States,<=50K
65,Private,209831,Assoc-voc,11,Married-civ-spouse,Adm-clerical,Wife,White,Female,0,0,40,United-States,<=50K
45,Private,117409,Some-college,10,Married-civ-spouse,Exec-managerial,Husband,White,Male,0,0,40,United-States,>50K
35,Private,195516,7th-8th,4,Married-civ-spouse,Tech-support,Husband,White,Male,0,0,40,Mexico,<=50K
32,Private,248754,Some-college,10,Married-civ-spouse,Machine-op-inspct,Husband,White,Male,0,0,40,United-States,<=50K
58,Private,204021,HS-grad,9,Never-married,Transport-moving,Own-child,White,Male,0,0,40,Canada,<=50K
51,Self-emp-not-inc,155963,Some-college,10,Married-civ-spouse,Craft-repair,Husband,White,Male,0,0,55,United-States,<=50K
32,Local-gov,296466,Masters,14,Never-married,Prof-specialty,Not-in-family,White,Male,0,0,60,United-States,<=50K
42,Self-emp-not-inc,201908,Prof-school,15,Married-civ-spouse,Prof-specialty,Husband,White,Male,99999,0,50,United-States,>50K
62,Private,174201,9th,5,Widowed,Other-service,Unmarried,Black,Female,0,0,25,United-States,<=50K
34,Local-gov,226296,Bachelors,13,Married-civ-spouse,Protective-serv,Husband,White,Male,0,0,40,United-States,>50K
21,,494638,Assoc-acdm,12,Never-married,,Own-child,White,Male,0,0,15,United-States,<=50K
33,Self-emp-not-inc,359428,HS-grad,9,Married-civ-spouse,Sales,Husband,White,Male,0,0,60,United-States,<=50K
40,,161285,Some-college,10,Married-civ-spouse,,Wife,White,Female,0,0,25,United-States,<=50K
34,Private,221167,Assoc-acdm,12,Married-civ-spouse,Adm-clerical,Wife,White,Female,0,0,40,United-States,>50K
41,Private,167106,Bachelors,13,Married-civ-spouse,Adm-clerical,Husband,Asian-Pac-Islander,Male,3103,0,35,Philippines,>50K
31,Private,33117,HS-grad,9,Divorced,Exec-managerial,Not-in-family,White,Male,0,0,50,United-States,<=50K
19,Private,225775,Some-college,10,Never-married,Craft-repair,Not-in-family,White,Male,0,0,45,Mexico,<=50K
44,Self-emp-not-inc,115896,Assoc-voc,11,Widowed,Prof-specialty,Unmarried,White,Female,0,0,40,United-States,<=50K
50,Private,200618,Assoc-acdm,12,Divorced,Craft-repair,Not-in-family,White,Male,0,0,40,United-States,<=50K
48,Private,126754,Masters,14,Married-civ-spouse,Prof-specialty,Husband,White,Male,15024,0,40,United-States,>50K
59,Self-emp-inc,169982,Some-college,10,Married-civ-spouse,Exec-managerial,Husband,White,Male,15024,0,60,United-States,>50K
60,Private,199085,10th,6,Married-civ-spouse,Machine-op-inspct,Husband,White,Male,0,0,40,United-States,<=50K
24,State-gov,273905,Assoc-acdm,12,Married-civ-spouse,Protective-serv,Husband,White,Male,0,0,50,United-States,<=50K
38,Local-gov,30509,Masters,14,Never-married,Prof-specialty,Not-in-family,White,Female,0,1669,55,United-States,<=50K
27,Private,192936,HS-grad,9,Divorced,Adm-clerical,Unmarried,White,Female,0,0,40,United-States,<=50K
33,Private,207301,Assoc-acdm,12,Divorced,Exec-managerial,Own-child,White,Female,0,0,40,United-States,<=50K
30,Private,177216,Prof-school,15,Married-civ-spouse,Prof-specialty,Husband,Black,Male,0,1740,40,Haiti,<=50K
45,Private,205644,HS-grad,9,Separated,Tech-support,Not-in-family,White,Female,0,0,26,United-States,<=50K
45,Private,217953,HS-grad,9,Married-civ-spouse,Craft-repair,Husband,Other,Male,0,0,40,Mexico,<=50K
18,Private,59202,HS-grad,9,Never-married,Priv-house-serv,Other-relative,White,Female,0,0,10,United-States,<=50K
40,Private,163455,Some-college,10,Married-civ-spouse,Tech-support,Husband,White,Male,0,0,55,United-States,>50K
38,Private,275338,Bachelors,13,Divorced,Sales,Unmarried,White,Female,1151,0,40,United-States,<=50K
18,,216508,12th,8,Never-married,,Not-in-family,White,Male,0,0,25,United-States,<=50K
69,State-gov,203072,Doctorate,16,Married-civ-spouse,Prof-specialty,Husband,White,Male,0,0,50,United-States,>50K
32,Private,147284,Assoc-voc,11,Married-civ-spouse,Sales,Husband,White,Male,0,0,50,United-States,>50K
46,Private,295334,Doctorate,16,Married-civ-spouse,Prof-specialty,Husband,White,Male,0,0,60,United-States,>50K
27,Private,37754,Some-college,10,Married-civ-spouse,Farming-fishing,Husband,White,Male,0,0,80,United-States,<=50K
41,Private,469454,Some-college,10,Married-civ-spouse,Craft-repair,Husband,White,Male,0,0,40,United-States,<=50K
38,Private,213716,Assoc-voc,11,Divorced,Other-service,Not-in-family,White,Female,0,0,30,United-States,<=50K
26,Private,64293,Some-college,10,Never-married,Prof-specialty,Not-in-family,White,Female,0,0,35,United-States,<=50K
41,Self-emp-not-inc,188738,HS-grad,9,Divorced,Craft-repair,Unmarried,White,Male,0,0,27,United-States,<=50K
25,Private,323139,Bachelors,13,Never-married,Handlers-cleaners,Own-child,White,Male,0,0,35,United-States,<=50K
40,Self-emp-inc,142444,Bachelors,13,Never-married,Prof-specialty,Not-in-family,White,Female,0,0,45,United-States,<=50K
22,Private,145964,Bachelors,13,Never-married,Sales,Own-child,White,Male,0,0,40,United-States,<=50K
22,Private,175374,Some-college,10,Married-civ-spouse,Other-service,Husband,White,Male,0,0,24,United-States,<=50K
45,Local-gov,348172,Bachelors,13,Married-civ-spouse,Farming-fishing,Husband,Asian-Pac-Islander,Male,7298,0,40,United-States,>50K
55,Local-gov,28151,HS-grad,9,Divorced,Adm-clerical,Not-in-family,White,Female,0,0,40,United-States,>50K
57,State-gov,283635,Some-college,10,Divorced,Craft-repair,Not-in-family,White,Female,0,0,40,United-States,<=50K
29,Self-emp-not-inc,110663,HS-grad,9,Separated,Craft-repair,Not-in-family,White,Male,0,0,35,United-States,<=50K
20,Private,179423,Some-college,10,Never-married,Transport-moving,Own-child,White,Female,0,0,40,United-States,<=50K
37,Private,171968,Assoc-voc,11,Married-civ-spouse,Adm-clerical,Husband,White,Male,0,0,40,United-States,<=50K
23,Federal-gov,41031,Some-college,10,Never-married,Sales,Not-in-family,White,Female,0,0,35,United-States,<=50K
39,Private,144169,HS-grad,9,Married-civ-spouse,Sales,Husband,White,Male,0,0,50,United-States,>50K
20,Private,224238,12th,8,Never-married,Craft-repair,Own-child,White,Male,0,0,40,United-States,<=50K
46,Private,128645,Some-college,10,Divorced,Prof-specialty,Not-in-family,White,Female,0,0,40,United-States,<=50K
32,Private,171091,HS-grad,9,Married-civ-spouse,Transport-moving,Husband,White,Male,0,0,50,United-States,>50K
22,,165065,Some-college,10,Never-married,,Own-child,White,Female,0,0,40,Italy,<=50K
50,Private,181139,Some-college,10,Never-married,Farming-fishing,Not-in-family,White,Male,0,0,40,United-States,<=50K
24,,67586,Assoc-voc,11,Married-civ-spouse,,Wife,Black,Female,0,0,35,United-States,<=50K
36,Private,189404,Bachelors,13,Married-civ-spouse,Sales,Husband,White,Male,0,1977,35,United-States,>50K
25,Self-emp-not-inc,136450,Assoc-acdm,12,Married-civ-spouse,Adm-clerical,Wife,White,Female,0,0,35,United-States,>50K
23,Private,171705,HS-grad,9,Never-married,Sales,Unmarried,White,Female,0,0,48,United-States,<=50K
57,Self-emp-not-inc,50990,HS-grad,9,Married-civ-spouse,Farming-fishing,Husband,White,Male,0,0,30,United-States,<=50K
23,State-gov,278155,Bachelors,13,Never-married,Adm-clerical,Own-child,White,Male,0,0,40,United-States,<=50K
28,Private,416577,HS-grad,9,Married-civ-spouse,Craft-repair,Husband,Black,Male,2829,0,40,United-States,<=50K
32,Private,107218,Bachelors,13,Never-married,Adm-clerical,Not-in-family,Asian-Pac-Islander,Male,0,0,40,United-States,<=50K
49,State-gov,231961,Doctorate,16,Divorced,Prof-specialty,Unmarried,White,Male,0,0,50,United-States,>50K
25,Private,176836,Some-college,10,Never-married,Exec-managerial,Not-in-family,White,Female,0,0,60,United-States,<=50K
55,Private,206487,Some-college,10,Married-civ-spouse,Prof-specialty,Husband,White,Male,0,0,40,United-States,>50K
57,Private,74156,HS-grad,9,Married-civ-spouse,Other-service,Husband,White,Male,0,0,30,United-States,<=50K
27,Private,91501,HS-grad,9,Married-civ-spouse,Tech-support,Wife,White,Female,0,0,40,United-States,<=50K
36,Private,171676,Bachelors,13,Never-married,Sales,Not-in-family,White,Female,0,1741,40,United-States,<=50K
61,Federal-gov,230545,HS-grad,9,Never-married,Adm-clerical,Unmarried,White,Female,0,0,35,Puerto-Rico,<=50K
31,Private,292592,HS-grad,9,Married-civ-spouse,Machine-op-inspct,Wife,White,Female,0,0,40,United-States,<=50K
21,Private,209067,HS-grad,9,Never-married,Other-service,Own-child,White,Female,0,0,40,United-States,<=50K
35,Self-emp-not-inc,153066,HS-grad,9,Married-civ-spouse,Craft-repair,Husband,White,Male,0,0,60,United-States,>50K
71,Private,77253,HS-grad,9,Never-married,Handlers-cleaners,Not-in-family,White,Male,0,0,17,United-States,<=50K
28,Private,207513,HS-grad,9,Never-married,Sales,Own-child,White,Male,0,0,48,United-States,<=50K
56,Self-emp-not-inc,115422,HS-grad,9,Married-civ-spouse,Farming-fishing,Husband,White,Male,0,0,40,United-States,<=50K
46,,202560,HS-grad,9,Married-civ-spouse,,Wife,White,Female,0,0,40,United-States,>50K
39,Private,277886,Bachelors,13,Married-civ-spouse,Sales,Wife,White,Female,0,0,30,United-States,<=50K
23,,134997,Some-college,10,Separated,,Unmarried,White,Female,0,0,20,United-States,<=50K
44,Local-gov,241851,Assoc-voc,11,Married-civ-spouse,Transport-moving,Husband,White,Male,4386,0,40,United-States,>50K
23,Local-gov,280164,HS-grad,9,Never-married,Other-service,Own-child,Black,Male,0,0,32,United-States,<=50K
24,Self-emp-not-inc,81145,Some-college,10,Never-married,Other-service,Not-in-family,White,Female,0,0,75,United-States,<=50K
32,Private,106437,HS-grad,9,Separated,Adm-clerical,Unmarried,White,Female,0,0,40,United-States,<=50K
59,Private,159008,Some-college,10,Married-civ-spouse,Protective-serv,Husband,White,Male,0,0,56,United-States,<=50K
53,Local-gov,186303,Some-college,10,Married-civ-spouse,Protective-serv,Husband,White,Male,0,1887,40,United-States,>50K
49,Private,170165,HS-grad,9,Divorced,Machine-op-inspct,Other-relative,White,Female,0,0,55,United-States,<=50K
32,Local-gov,198211,Assoc-voc,11,Married-spouse-absent,Craft-repair,Not-in-family,White,Male,0,0,40,United-States,<=50K
36,Private,257380,HS-grad,9,Married-civ-spouse,Craft-repair,Husband,Black,Male,0,0,35,United-States,<=50K
28,Private,181291,Bachelors,13,Never-married,Exec-managerial,Not-in-family,White,Female,0,1564,50,United-States,>50K
24,Private,43323,HS-grad,9,Never-married,Other-service,Not-in-family,White,Female,0,1762,40,United-States,<=50K
51,Local-gov,186416,Bachelors,13,Divorced,Adm-clerical,Not-in-family,White,Female,0,0,40,United-States,<=50K
37,Private,143058,Some-college,10,Married-civ-spouse,Craft-repair,Husband,White,Male,0,0,40,United-States,<=50K
26,Private,456618,Some-college,10,Never-married,Adm-clerical,Own-child,White,Male,2597,0,40,United-States,<=50K
31,Private,145377,Bachelors,13,Married-civ-spouse,Sales,Husband,White,Male,0,0,60,United-States,<=50K
42,Local-gov,340148,Some-college,10,Married-civ-spouse,Adm-clerical,Wife,White,Female,0,0,40,United-States,<=50K
20,Private,205839,Some-college,10,Never-married,Other-service,Own-child,White,Male,0,0,16,United-States,<=50K
37,Self-emp-not-inc,58343,HS-grad,9,Divorced,Farming-fishing,Unmarried,White,Male,0,0,56,United-States,<=50K
40,Private,191544,HS-grad,9,Never-married,Other-service,Not-in-family,White,Female,0,0,35,United-States,<=50K
35,Private,192923,HS-grad,9,Married-civ-spouse,Craft-repair,Husband,White,Male,0,2377,40,United-States,<=50K
19,Private,456572,HS-grad,9,Never-married,Farming-fishing,Other-relative,White,Male,0,0,35,United-States,<=50K
20,,293136,Some-college,10,Never-married,,Own-child,White,Female,0,0,35,United-States,<=50K
53,Private,302868,Bachelors,13,Married-civ-spouse,Sales,Husband,White,Male,0,0,50,United-States,>50K
51,Private,206775,Some-college,10,Married-civ-spouse,Handlers-cleaners,Husband,White,Male,0,0,50,United-States,<=50K
66,,112871,11th,7,Never-married,,Not-in-family,White,Male,0,0,30,United-States,<=50K
32,Local-gov,217296,HS-grad,9,Married-civ-spouse,Transport-moving,Wife,White,Female,4064,0,22,United-States,<=50K
20,Private,169600,Some-college,10,Never-married,Prof-specialty,Own-child,White,Female,2176,0,12,United-States,<=50K
36,Private,84306,Bachelors,13,Married-civ-spouse,Exec-managerial,Husband,White,Male,5013,0,50,United-States,<=50K
31,Private,49325,HS-grad,9,Married-civ-spouse,Machine-op-inspct,Husband,White,Male,0,0,40,United-States,<=50K
28,Private,202239,7th-8th,4,Married-civ-spouse,Prof-specialty,Husband,White,Male,0,0,55,United-States,<=50K
24,Private,82847,HS-grad,9,Separated,Other-service,Unmarried,White,Female,0,0,50,Portugal,>50K
18,Private,577521,11th,7,Never-married,Sales,Own-child,White,Male,0,0,13,United-States,<=50K
50,Federal-gov,184007,Some-college,10,Married-civ-spouse,Adm-clerical,Husband,White,Male,0,0,40,United-States,<=50K
20,,34321,Some-college,10,Never-married,,Own-child,White,Female,0,0,30,United-States,<=50K
31,Private,102270,7th-8th,4,Divorced,Machine-op-inspct,Unmarried,White,Female,0,0,40,United-States,<=50K
49,State-gov,154493,HS-grad,9,Divorced,Exec-managerial,Unmarried,White,Female,0,0,44,United-States,<=50K
43,Self-emp-not-inc,343061,7th-8th,4,Married-civ-spouse,Farming-fishing,Husband,White,Male,4508,0,40,Cuba,<=50K
49,Private,165152,HS-grad,9,Married-civ-spouse,Sales,Husband,White,Male,0,0,48,United-States,>50K
23,Private,417605,5th-6th,3,Never-married,Craft-repair,Not-in-family,White,Male,0,0,40,Mexico,<=50K
34,Private,103651,Some-college,10,Married-civ-spouse,Exec-managerial,Husband,White,Male,0,0,40,United-States,>50K
38,Private,139180,Bachelors,13,Divorced,Prof-specialty,Unmarried,Black,Female,15020,0,45,United-States,>50K
20,Private,275691,HS-grad,9,Never-married,Handlers-cleaners,Own-child,White,Male,0,0,28,United-States,<=50K
28,Private,189257,9th,5,Never-married,Handlers-cleaners,Own-child,Black,Female,0,0,24,United-States,<=50K
54,Self-emp-not-inc,136224,Masters,14,Divorced,Prof-specialty,Not-in-family,White,Female,0,0,30,United-States,<=50K
23,Private,199070,HS-grad,9,Never-married,Protective-serv,Own-child,Black,Male,0,0,16,United-States,<=50K
23,Private,303121,Some-college,10,Never-married,Adm-clerical,Own-child,White,Male,0,0,30,United-States,<=50K
47,Private,266281,11th,7,Never-married,Machine-op-inspct,Unmarried,Black,Female,6849,0,40,United-States,<=50K
40,Private,170214,HS-grad,9,Married-civ-spouse,Transport-moving,Husband,White,Male,0,0,40,United-States,>50K
54,Private,29909,11th,7,Married-civ-spouse,Other-service,Wife,White,Female,0,0,43,United-States,<=50K
60,Private,188650,5th-6th,3,Married-civ-spouse,Sales,Husband,White,Male,0,0,40,,>50K
51,Private,136224,Bachelors,13,Divorced,Adm-clerical,Not-in-family,White,Female,0,0,40,United-States,<=50K
22,Private,240817,HS-grad,9,Never-married,Sales,Own-child,White,Female,2597,0,40,United-States,<=50K
18,Private,104704,HS-grad,9,Never-married,Adm-clerical,Own-child,Black,Male,0,0,40,United-States,<=50K
20,Private,653574,Some-college,10,Never-married,Other-service,Own-child,White,Male,0,0,33,El-Salvador,<=50K
27,Federal-gov,148153,HS-grad,9,Married-civ-spouse,Handlers-cleaners,Husband,Asian-Pac-Islander,Male,0,0,40,United-States,<=50K
37,Private,224566,HS-grad,9,Never-married,Craft-repair,Unmarried,White,Male,0,0,40,United-States,<=50K
36,Private,437909,HS-grad,9,Married-civ-spouse,Machine-op-inspct,Husband,White,Male,0,0,40,United-States,<=50K
19,Private,125591,Some-college,10,Never-married,Other-service,Own-child,White,Female,0,0,40,United-States,<=50K
30,Private,149568,9th,5,Never-married,Farming-fishing,Other-relative,Black,Male,0,0,40,United-States,<=50K
31,Self-emp-not-inc,325355,Bachelors,13,Married-civ-spouse,Exec-managerial,Wife,White,Female,0,1902,40,United-States,>50K
26,Private,118736,Bachelors,13,Never-married,Prof-specialty,Not-in-family,White,Female,0,0,20,United-States,<=50K
23,Local-gov,442359,Bachelors,13,Never-married,Prof-specialty,Not-in-family,White,Female,0,1092,40,United-States,<=50K
22,Private,153805,HS-grad,9,Never-married,Other-service,Unmarried,Other,Male,0,0,20,Puerto-Rico,<=50K
33,Private,284531,Bachelors,13,Never-married,Sales,Not-in-family,White,Female,0,0,40,United-States,<=50K
53,Private,79324,HS-grad,9,Married-civ-spouse,Craft-repair,Husband,White,Male,0,0,40,United-States,>50K
48,State-gov,106377,Doctorate,16,Married-civ-spouse,Prof-specialty,Husband,White,Male,0,0,65,United-States,>50K
57,Private,103809,HS-grad,9,Never-married,Sales,Unmarried,White,Female,0,0,40,United-States,<=50K
36,Private,288103,11th,7,Separated,Machine-op-inspct,Not-in-family,Black,Male,0,0,40,United-States,<=50K
32,Self-emp-not-inc,35595,HS-grad,9,Married-civ-spouse,Craft-repair,Husband,White,Male,0,0,50,United-States,<=50K
47,Local-gov,172246,Masters,14,Married-civ-spouse,Prof-specialty,Husband,White,Male,0,0,60,United-States,>50K
51,Private,162944,HS-grad,9,Married-civ-spouse,Craft-repair,Husband,White,Male,0,0,40,United-States,<=50K
21,Private,249727,HS-grad,9,Never-married,Other-service,Own-child,White,Male,0,0,22,United-States,<=50K
29,Self-emp-not-inc,162298,Bachelors,13,Married-civ-spouse,Sales,Husband,White,Male,0,0,70,United-States,>50K
62,Self-emp-not-inc,26911,7th-8th,4,Widowed,Other-service,Not-in-family,White,Female,0,0,66,United-States,<=50K
45,Private,195949,HS-grad,9,Married-civ-spouse,Craft-repair,Husband,White,Male,0,0,40,United-States,<=50K
37,Local-gov,264503,HS-grad,9,Married-civ-spouse,Protective-serv,Husband,White,Male,0,0,40,United-States,<=50K
47,Self-emp-inc,186410,Prof-school,15,Never-married,Other-service,Not-in-family,White,Male,0,0,60,United-States,>50K
50,Private,118565,11th,7,Married-civ-spouse,Machine-op-inspct,Husband,Black,Male,0,0,40,United-States,<=50K
25,Private,201635,Bachelors,13,Never-married,Exec-managerial,Not-in-family,White,Female,0,0,50,United-States,<=50K
26,Private,377754,HS-grad,9,Never-married,Machine-op-inspct,Not-in-family,White,Male,0,0,40,United-States,<=50K
48,Private,128460,HS-grad,9,Married-civ-spouse,Craft-repair,Husband,White,Male,0,0,42,United-States,>50K
21,Private,170302,HS-grad,9,Never-married,Farming-fishing,Other-relative,White,Male,0,0,50,United-States,<=50K
30,Private,115426,Bachelors,13,Married-civ-spouse,Sales,Husband,White,Male,0,0,40,United-States,>50K
50,Self-emp-not-inc,68898,Masters,14,Married-civ-spouse,Sales,Husband,White,Male,7688,0,55,United-States,>50K
30,Self-emp-not-inc,146161,HS-grad,9,Married-civ-spouse,Exec-managerial,Husband,White,Male,0,1887,50,United-States,>50K
19,Private,533147,HS-grad,9,Never-married,Adm-clerical,Not-in-family,White,Male,0,0,30,United-States,<=50K
41,Private,372682,Some-college,10,Married-civ-spouse,Adm-clerical,Wife,White,Female,0,0,40,United-States,>50K
63,Private,111963,Some-college,10,Married-civ-spouse,Prof-specialty,Husband,White,Male,0,0,16,United-States,<=50K
35,Private,452283,HS-grad,9,Divorced,Sales,Own-child,White,Female,0,0,40,United-States,<=50K
32,Private,549430,HS-grad,9,Never-married,Priv-house-serv,Unmarried,White,Female,0,0,40,Mexico,<=50K
37,Self-emp-not-inc,137527,Doctorate,16,Never-married,Prof-specialty,Not-in-family,White,Female,0,2559,60,United-States,>50K
35,Self-emp-not-inc,238802,HS-grad,9,Married-civ-spouse,Farming-fishing,Husband,White,Male,0,0,50,United-States,<=50K
51,Private,99316,12th,8,Divorced,Transport-moving,Unmarried,White,Male,0,0,50,United-States,<=50K
31,Private,137952,Some-college,10,Married-civ-spouse,Other-service,Husband,Other,Male,0,0,40,Puerto-Rico,<=50K
33,Private,189368,Some-college,10,Married-civ-spouse,Transport-moving,Husband,Black,Male,0,0,40,United-States,>50K
17,,250541,11th,7,Never-married,,Own-child,Black,Male,0,0,8,United-States,<=50K
57,Private,158827,HS-grad,9,Separated,Craft-repair,Unmarried,White,Male,0,0,40,United-States,<=50K
41,Local-gov,195897,Masters,14,Married-civ-spouse,Prof-specialty,Husband,White,Male,0,0,60,United-States,<=50K
32,Private,353994,Bachelors,13,Married-civ-spouse,Exec-managerial,Other-relative,Asian-Pac-Islander,Female,0,0,40,China,>50K
39,Private,141584,Masters,14,Never-married,Sales,Not-in-family,White,Male,0,2444,45,United-States,>50K
70,,306563,HS-grad,9,Married-civ-spouse,,Husband,White,Male,0,0,40,United-States,<=50K
31,Local-gov,189269,HS-grad,9,Never-married,Protective-serv,Own-child,White,Male,0,0,40,United-States,<=50K
21,Private,255685,Some-college,10,Never-married,Other-service,Own-child,Black,Male,0,0,40,Outlying-US(Guam-USVI-etc),<=50K
19,Private,530454,HS-grad,9,Never-married,Other-service,Not-in-family,White,Female,0,0,50,United-States,<=50K
30,Private,187560,Bachelors,13,Never-married,Sales,Not-in-family,White,Male,0,0,40,United-States,<=50K
32,Private,232855,HS-grad,9,Never-married,Machine-op-inspct,Unmarried,Black,Female,0,0,40,United-States,<=50K
57,Private,109015,Some-college,10,Divorced,Sales,Not-in-family,White,Female,0,0,48,United-States,<=50K
52,Private,213209,Some-college,10,Married-civ-spouse,Craft-repair,Husband,White,Male,0,0,40,United-States,>50K
41,Private,169628,HS-grad,9,Married-civ-spouse,Machine-op-inspct,Wife,Black,Female,0,0,40,,<=50K
39,Private,181705,HS-grad,9,Married-civ-spouse,Prof-specialty,Husband,White,Male,0,0,45,United-States,<=50K
38,Private,35429,HS-grad,9,Married-civ-spouse,Handlers-cleaners,Husband,White,Male,0,2042,40,United-States,<=50K
60,Local-gov,232618,HS-grad,9,Married-civ-spouse,Other-service,Husband,White,Male,0,0,40,United-States,<=50K
28,State-gov,107218,Bachelors,13,Never-married,Tech-support,Own-child,Asian-Pac-Islander,Male,0,0,20,United-States,<=50K
33,Private,138667,HS-grad,9,Married-civ-spouse,Adm-clerical,Husband,White,Male,0,0,50,United-States,>50K
28,Private,183151,11th,7,Married-civ-spouse,Handlers-cleaners,Husband,White,Male,7688,0,40,United-States,>50K
39,Private,209397,HS-grad,9,Divorced,Adm-clerical,Unmarried,White,Female,0,0,40,United-States,<=50K
40,State-gov,345969,Assoc-acdm,12,Married-civ-spouse,Adm-clerical,Husband,White,Male,0,0,40,United-States,>50K
32,Private,144064,Bachelors,13,Never-married,Tech-support,Not-in-family,White,Male,0,0,40,United-States,<=50K
37,Federal-gov,93225,Some-college,10,Married-civ-spouse,Adm-clerical,Husband,White,Male,7688,0,40,United-States,>50K
48,Private,188432,HS-grad,9,Married-civ-spouse,Machine-op-inspct,Husband,White,Male,3103,0,46,United-States,>50K
52,Private,150393,Bachelors,13,Married-civ-spouse,Machine-op-inspct,Husband,White,Male,0,0,40,United-States,>50K
59,Private,168569,Prof-school,15,Never-married,Prof-specialty,Not-in-family,White,Male,0,0,50,United-States,<=50K
22,Federal-gov,146538,HS-grad,9,Never-married,Adm-clerical,Own-child,White,Male,0,0,40,United-States,<=50K
55,Private,181220,HS-grad,9,Married-civ-spouse,Exec-managerial,Husband,White,Male,0,0,50,United-States,<=50K
28,Private,308995,Some-college,10,Never-married,Adm-clerical,Own-child,Black,Female,0,0,40,Jamaica,<=50K
33,Private,251521,11th,7,Never-married,Adm-clerical,Not-in-family,White,Female,0,0,35,United-States,<=50K
45,Private,99355,HS-grad,9,Married-civ-spouse,Protective-serv,Husband,Black,Male,0,0,40,United-States,>50K
35,Private,44780,Some-college,10,Married-civ-spouse,Adm-clerical,Wife,White,Female,7688,0,20,United-States,>50K
20,,133515,Some-college,10,Never-married,,Own-child,White,Female,0,0,15,France,<=50K
22,Private,306967,Some-college,10,Never-married,Adm-clerical,Not-in-family,White,Female,0,0,25,United-States,<=50K
21,,72953,Some-college,10,Never-married,,Own-child,White,Male,0,0,40,United-States,<=50K
49,Local-gov,193249,Assoc-acdm,12,Married-civ-spouse,Adm-clerical,Husband,White,Male,0,0,40,United-States,<=50K
48,Private,196107,HS-grad,9,Divorced,Adm-clerical,Not-in-family,White,Female,0,0,30,United-States,<=50K
27,State-gov,553473,Bachelors,13,Married-civ-spouse,Protective-serv,Wife,Black,Female,0,0,48,United-States,<=50K
23,Private,180771,1st-4th,2,Married-civ-spouse,Machine-op-inspct,Wife,Amer-Indian-Eskimo,Female,0,0,35,Mexico,<=50K
23,Private,148315,Some-college,10,Separated,Craft-repair,Own-child,White,Male,0,0,40,United-States,<=50K
46,Private,164427,HS-grad,9,Divorced,Adm-clerical,Own-child,White,Female,0,0,45,United-States,<=50K
43,Private,156403,10th,6,Married-civ-spouse,Handlers-cleaners,Husband,White,Male,0,0,40,United-States,<=50K
21,Private,57916,HS-grad,9,Separated,Farming-fishing,Own-child,White,Male,0,0,40,United-States,<=50K
28,,113635,11th,7,Never-married,,Not-in-family,White,Male,0,0,30,United-States,<=50K
55,Self-emp-not-inc,184425,Some-college,10,Married-civ-spouse,Farming-fishing,Husband,White,Male,0,0,99,United-States,>50K
63,Private,131519,HS-grad,9,Divorced,Exec-managerial,Not-in-family,White,Female,0,0,40,United-States,<=50K
35,Private,174308,Some-college,10,Never-married,Transport-moving,Own-child,White,Male,0,0,40,United-States,<=50K
27,Private,204497,10th,6,Divorced,Transport-moving,Not-in-family,Amer-Indian-Eskimo,Male,0,0,75,United-States,<=50K
53,Self-emp-not-inc,100109,Masters,14,Married-civ-spouse,Exec-managerial,Husband,White,Male,0,1977,40,United-States,>50K
52,,105428,Some-college,10,Married-civ-spouse,,Husband,White,Male,0,0,12,United-States,<=50K
46,Self-emp-not-inc,168195,Prof-school,15,Married-civ-spouse,Prof-specialty,Husband,White,Male,0,1902,45,United-States,>50K
65,Private,258561,Bachelors,13,Married-civ-spouse,Other-service,Husband,White,Male,0,0,20,United-States,<=50K
36,Local-gov,109766,Bachelors,13,Never-married,Protective-serv,Not-in-family,White,Male,0,0,60,United-States,<=50K
36,Private,160035,HS-grad,9,Married-civ-spouse,Craft-repair,Husband,White,Male,3908,0,55,United-States,<=50K
47,Private,151584,HS-grad,9,Divorced,Sales,Own-child,White,Male,0,1876,40,United-States,<=50K
34,Private,36069,HS-grad,9,Married-civ-spouse,Craft-repair,Husband,White,Male,3908,0,46,United-States,<=50K
22,Private,160120,10th,6,Never-married,Transport-moving,Own-child,Asian-Pac-Islander,Male,0,0,30,United-States,<=50K
32,Private,400535,HS-grad,9,Married-civ-spouse,Craft-repair,Husband,White,Male,3781,0,40,United-States,<=50K
60,Private,224644,10th,6,Married-civ-spouse,Sales,Husband,White,Male,0,0,40,United-States,<=50K
25,Private,160300,Bachelors,13,Never-married,Exec-managerial,Not-in-family,White,Male,0,0,35,United-States,<=50K
47,Private,145269,11th,7,Divorced,Craft-repair,Not-in-family,White,Female,0,0,45,United-States,<=50K
40,Private,223277,Bachelors,13,Married-civ-spouse,Adm-clerical,Husband,White,Male,0,0,50,United-States,>50K
36,State-gov,168894,Assoc-voc,11,Married-spouse-absent,Protective-serv,Own-child,White,Female,0,0,40,Germany,<=50K
36,Private,218490,Assoc-voc,11,Married-civ-spouse,Sales,Husband,White,Male,0,0,60,United-States,<=50K
57,Private,353881,HS-grad,9,Divorced,Transport-moving,Not-in-family,White,Male,0,0,45,United-States,<=50K
52,Private,160703,Doctorate,16,Married-civ-spouse,Prof-specialty,Husband,White,Male,0,0,65,United-States,>50K
79,,100881,Assoc-acdm,12,Married-civ-spouse,,Wife,White,Female,0,0,2,United-States,>50K
54,Private,185407,Some-college,10,Married-civ-spouse,Farming-fishing,Husband,White,Male,0,0,40,United-States,<=50K
42,Private,185602,HS-grad,9,Married-civ-spouse,Exec-managerial,Wife,White,Female,0,0,40,United-States,>50K
25,Private,63062,Some-college,10,Never-married,Farming-fishing,Own-child,White,Male,0,0,60,United-States,<=50K
30,Private,137606,HS-grad,9,Married-civ-spouse,Transport-moving,Husband,White,Male,5013,0,40,United-States,<=50K
36,Self-emp-not-inc,151322,Bachelors,13,Married-civ-spouse,Prof-specialty,Husband,White,Male,0,0,45,United-States,>50K
28,Private,191342,Some-college,10,Never-married,Sales,Not-in-family,Other,Male,0,0,40,India,<=50K
45,Private,189792,Masters,14,Married-civ-spouse,Sales,Husband,White,Male,0,0,40,United-States,>50K
31,Private,129761,HS-grad,9,Never-married,Exec-managerial,Unmarried,White,Female,0,0,40,United-States,<=50K
61,State-gov,124971,Doctorate,16,Married-civ-spouse,Prof-specialty,Husband,White,Male,0,0,40,,>50K
31,Private,181091,Bachelors,13,Married-civ-spouse,Sales,Husband,White,Male,0,0,40,United-States,>50K
31,State-gov,29152,12th,8,Married-civ-spouse,Other-service,Wife,White,Female,0,0,40,United-States,<=50K
61,Federal-gov,160155,Some-college,10,Married-civ-spouse,Exec-managerial,Husband,White,Male,0,0,40,United-States,>50K
43,Private,211128,Masters,14,Divorced,Exec-managerial,Not-in-family,White,Female,0,0,50,United-States,>50K
35,Private,62333,Bachelors,13,Never-married,Prof-specialty,Not-in-family,White,Female,0,0,40,United-States,<=50K
19,Private,207173,HS-grad,9,Separated,Adm-clerical,Unmarried,White,Female,0,0,30,United-States,<=50K
38,Private,162322,Assoc-voc,11,Never-married,Tech-support,Own-child,White,Female,0,0,40,United-States,<=50K
51,Private,96609,Some-college,10,Married-civ-spouse,Craft-repair,Husband,White,Male,0,0,40,United-States,<=50K
30,Private,108023,Some-college,10,Married-civ-spouse,Craft-repair,Husband,White,Male,0,0,40,United-States,<=50K
26,Private,357933,Some-college,10,Never-married,Adm-clerical,Own-child,White,Female,0,0,15,United-States,<=50K
24,Private,224716,HS-grad,9,Never-married,Craft-repair,Own-child,White,Male,0,0,40,United-States,<=50K
69,Private,228921,Bachelors,13,Widowed,Prof-specialty,Not-in-family,White,Male,0,2282,40,United-States,>50K
37,Private,186934,HS-grad,9,Married-civ-spouse,Sales,Husband,White,Male,15024,0,60,United-States,>50K
59,Federal-gov,115389,Some-college,10,Married-civ-spouse,Craft-repair,Husband,White,Male,0,0,36,United-States,<=50K
28,Private,319768,Masters,14,Married-civ-spouse,Sales,Husband,White,Male,0,0,45,France,>50K
32,Self-emp-not-inc,182926,Masters,14,Never-married,Prof-specialty,Not-in-family,White,Male,0,0,40,United-States,<=50K
41,Private,149102,Bachelors,13,Married-civ-spouse,Exec-managerial,Husband,White,Male,0,0,60,United-States,>50K
66,,314347,HS-grad,9,Married-civ-spouse,,Husband,Black,Male,0,0,40,United-States,<=50K
44,Private,182370,HS-grad,9,Married-civ-spouse,Craft-repair,Husband,White,Male,0,0,40,United-States,<=50K
47,Private,275095,Some-college,10,Divorced,Machine-op-inspct,Not-in-family,White,Female,0,0,40,United-States,<=50K
29,Private,144784,HS-grad,9,Never-married,Other-service,Not-in-family,Black,Female,0,0,40,United-States,<=50K
38,Local-gov,40955,Masters,14,Never-married,Prof-specialty,Not-in-family,White,Male,0,0,43,United-States,<=50K
45,Federal-gov,76008,Bachelors,13,Married-civ-spouse,Exec-managerial,Husband,White,Male,0,0,50,United-States,>50K
52,Self-emp-inc,561489,Masters,14,Divorced,Exec-managerial,Not-in-family,Black,Female,0,0,50,United-States,<=50K
23,,55492,Assoc-voc,11,Never-married,,Not-in-family,Amer-Indian-Eskimo,Female,0,0,30,United-States,<=50K
53,Private,95540,Some-college,10,Divorced,Adm-clerical,Unmarried,White,Female,1471,0,40,United-States,<=50K
38,Self-emp-not-inc,423616,HS-grad,9,Married-civ-spouse,Sales,Wife,White,Female,0,0,24,United-States,>50K
75,Private,200068,Some-college,10,Married-civ-spouse,Exec-managerial,Husband,White,Male,0,0,35,United-States,>50K
33,Self-emp-not-inc,125279,Some-college,10,Married-civ-spouse,Sales,Husband,White,Male,0,0,60,United-States,<=50K
44,Private,248249,7th-8th,4,Married-civ-spouse,Handlers-cleaners,Husband,White,Male,0,0,50,United-States,<=50K
58,Self-emp-not-inc,318106,HS-grad,9,Married-civ-spouse,Exec-managerial,Husband,White,Male,0,0,40,United-States,>50K
24,Private,88095,Some-college,10,Never-married,Machine-op-inspct,Not-in-family,White,Female,0,0,24,Mexico,<=50K
26,Private,166666,Some-college,10,Never-married,Other-service,Not-in-family,White,Female,0,0,35,United-States,<=50K
61,Private,29059,HS-grad,9,Divorced,Sales,Unmarried,White,Female,0,2754,25,United-States,<=50K
23,Private,99543,12th,8,Never-married,Transport-moving,Not-in-family,White,Male,0,0,46,United-States,<=50K
25,Private,374163,HS-grad,9,Married-spouse-absent,Farming-fishing,Not-in-family,Other,Male,0,0,40,Mexico,<=50K
26,Local-gov,177482,Assoc-acdm,12,Married-civ-spouse,Protective-serv,Husband,White,Male,0,0,45,United-States,>50K
49,Private,225124,HS-grad,9,Widowed,Machine-op-inspct,Unmarried,Black,Female,0,0,40,United-States,<=50K
26,Private,276624,Some-college,10,Married-civ-spouse,Protective-serv,Husband,White,Male,0,0,40,United-States,<=50K
52,Private,95128,Some-college,10,Divorced,Sales,Not-in-family,White,Male,0,0,50,United-States,<=50K
34,Private,61272,Bachelors,13,Never-married,Exec-managerial,Not-in-family,White,Female,0,0,40,United-States,<=50K
22,Private,233955,Bachelors,13,Never-married,Prof-specialty,Not-in-family,Amer-Indian-Eskimo,Female,14344,0,40,United-States,>50K
33,Private,217460,HS-grad,9,Married-civ-spouse,Sales,Husband,White,Male,0,0,60,United-States,>50K
26,Private,22328,Bachelors,13,Married-civ-spouse,Sales,Husband,White,Male,0,0,40,United-States,>50K
32,Private,156464,HS-grad,9,Married-civ-spouse,Sales,Husband,White,Male,0,1902,50,United-States,>50K
56,Self-emp-not-inc,357118,Bachelors,13,Never-married,Exec-managerial,Not-in-family,White,Female,0,0,60,United-States,<=50K
26,Local-gov,273399,Some-college,10,Never-married,Protective-serv,Not-in-family,White,Male,0,0,40,Peru,<=50K
47,Local-gov,36169,Masters,14,Married-civ-spouse,Prof-specialty,Husband,White,Male,0,0,60,United-States,>50K
43,Local-gov,115603,Some-college,10,Divorced,Adm-clerical,Unmarried,White,Female,0,0,40,United-States,<=50K
45,State-gov,103406,Bachelors,13,Married-civ-spouse,Exec-managerial,Husband,White,Male,0,1977,60,United-States,>50K
69,,323016,Bachelors,13,Married-civ-spouse,,Husband,White,Male,99999,0,40,United-States,>50K
47,Private,216096,Some-college,10,Married-spouse-absent,Exec-managerial,Unmarried,White,Female,0,0,35,Puerto-Rico,<=50K
35,Private,86648,Masters,14,Married-civ-spouse,Prof-specialty,Husband,White,Male,0,1977,45,United-States,>50K
33,Private,114691,Bachelors,13,Married-civ-spouse,Sales,Husband,White,Male,0,0,60,United-States,>50K
50,Self-emp-inc,219420,HS-grad,9,Married-civ-spouse,Sales,Husband,White,Male,0,0,50,United-States,>50K
25,Private,234263,Bachelors,13,Never-married,Sales,Not-in-family,White,Male,0,0,40,United-States,<=50K
54,Self-emp-not-inc,118365,10th,6,Divorced,Other-service,Not-in-family,Black,Female,0,0,10,United-States,<=50K
52,Local-gov,346668,Masters,14,Never-married,Prof-specialty,Own-child,White,Female,0,0,40,United-States,<=50K
26,Private,176756,Some-college,10,Married-civ-spouse,Sales,Husband,White,Male,0,0,40,United-States,<=50K
34,Private,156464,Bachelors,13,Divorced,Exec-managerial,Not-in-family,White,Male,0,0,85,England,>50K
20,Private,111697,Some-college,10,Never-married,Adm-clerical,Own-child,White,Female,0,1719,28,United-States,<=50K
25,Private,103358,Some-college,10,Never-married,Machine-op-inspct,Own-child,White,Male,0,0,40,India,<=50K
36,Private,101460,HS-grad,9,Never-married,Other-service,Not-in-family,White,Female,0,0,18,United-States,<=50K
22,Private,187052,11th,7,Never-married,Sales,Unmarried,White,Female,0,0,30,United-States,<=50K
40,Private,53506,Bachelors,13,Divorced,Craft-repair,Own-child,White,Female,0,0,40,United-States,<=50K
59,Federal-gov,293971,Some-college,10,Married-civ-spouse,Tech-support,Husband,White,Male,0,0,40,United-States,>50K
34,Self-emp-inc,353927,Some-college,10,Married-civ-spouse,Exec-managerial,Husband,White,Male,0,0,40,United-States,>50K
30,State-gov,119422,10th,6,Married-civ-spouse,Adm-clerical,Husband,White,Male,0,0,40,United-States,<=50K
52,Federal-gov,125796,HS-grad,9,Never-married,Adm-clerical,Not-in-family,Black,Male,0,0,40,United-States,<=50K
35,Federal-gov,103214,Doctorate,16,Never-married,Prof-specialty,Not-in-family,Amer-Indian-Eskimo,Female,0,0,60,United-States,>50K
28,Private,149652,10th,6,Never-married,Other-service,Own-child,Black,Female,0,0,30,United-States,<=50K
33,Private,341187,Bachelors,13,Married-civ-spouse,Exec-managerial,Husband,White,Male,0,0,50,United-States,>50K
55,,376058,9th,5,Never-married,,Own-child,White,Female,0,0,45,United-States,<=50K
57,Private,185072,Some-college,10,Never-married,Adm-clerical,Other-relative,Black,Female,0,0,40,Jamaica,<=50K
20,Private,218215,Some-college,10,Never-married,Sales,Own-child,White,Female,0,0,30,United-States,<=50K
42,Private,296982,Some-college,10,Divorced,Sales,Unmarried,White,Male,0,0,40,United-States,<=50K
65,Federal-gov,179985,HS-grad,9,Divorced,Adm-clerical,Not-in-family,White,Female,0,0,40,United-States,<=50K
43,Private,198203,Some-college,10,Married-spouse-absent,Other-service,Not-in-family,Black,Female,0,0,40,United-States,<=50K
20,,401690,HS-grad,9,Never-married,,Not-in-family,White,Female,0,0,30,United-States,<=50K
47,Federal-gov,119199,Some-college,10,Divorced,Adm-clerical,Unmarried,White,Female,0,0,40,United-States,<=50K
39,Private,191103,HS-grad,9,Never-married,Other-service,Not-in-family,White,Male,0,0,40,United-States,<=50K
75,,173064,Bachelors,13,Married-civ-spouse,,Husband,White,Male,0,0,6,United-States,<=50K
41,Private,202168,Some-college,10,Married-civ-spouse,Exec-managerial,Husband,White,Male,0,0,60,United-States,>50K
26,Private,138152,12th,8,Never-married,Craft-repair,Other-relative,Other,Male,0,0,48,Guatemala,<=50K
24,Private,178255,Some-college,10,Married-civ-spouse,Priv-house-serv,Wife,White,Female,0,0,40,,<=50K
49,Local-gov,276247,Some-college,10,Married-civ-spouse,Protective-serv,Husband,White,Male,0,0,40,United-States,<=50K
30,Private,147921,Assoc-voc,11,Divorced,Adm-clerical,Not-in-family,White,Female,0,0,46,United-States,<=50K
17,Private,136363,10th,6,Never-married,Other-service,Own-child,White,Male,0,0,20,United-States,<=50K
36,Private,185394,10th,6,Never-married,Handlers-cleaners,Not-in-family,White,Female,0,0,34,United-States,<=50K
37,State-gov,48211,HS-grad,9,Divorced,Adm-clerical,Unmarried,White,Female,0,0,35,United-States,<=50K
27,Private,168827,HS-grad,9,Married-civ-spouse,Machine-op-inspct,Husband,White,Male,0,0,40,United-States,<=50K
47,Local-gov,246891,Bachelors,13,Married-civ-spouse,Protective-serv,Husband,White,Male,0,0,40,United-States,<=50K
59,Private,205759,Doctorate,16,Never-married,Prof-specialty,Not-in-family,White,Male,0,0,50,United-States,<=50K
29,Private,144592,Prof-school,15,Married-civ-spouse,Prof-specialty,Husband,White,Male,0,0,50,United-States,>50K
48,Private,345831,HS-grad,9,Divorced,Machine-op-inspct,Not-in-family,White,Male,0,0,40,United-States,<=50K
67,Self-emp-not-inc,354405,HS-grad,9,Widowed,Other-service,Not-in-family,White,Female,0,0,20,United-States,<=50K
56,Private,225267,HS-grad,9,Married-civ-spouse,Prof-specialty,Husband,White,Male,0,0,40,United-States,<=50K
33,Self-emp-not-inc,62932,HS-grad,9,Married-civ-spouse,Craft-repair,Husband,White,Male,0,0,40,United-States,<=50K
46,Private,123598,Bachelors,13,Married-civ-spouse,Sales,Husband,White,Male,0,0,40,United-States,<=50K
38,Private,114591,Bachelors,13,Married-civ-spouse,Prof-specialty,Wife,White,Female,15024,0,40,United-States,>50K
35,Private,199753,HS-grad,9,Never-married,Machine-op-inspct,Own-child,White,Male,0,0,48,United-States,<=50K
59,Private,116442,Some-college,10,Married-civ-spouse,Machine-op-inspct,Husband,White,Male,0,0,50,United-States,<=50K
65,Self-emp-inc,210381,Bachelors,13,Married-civ-spouse,Exec-managerial,Husband,White,Male,99999,0,65,United-States,>50K
60,Private,43235,Bachelors,13,Married-civ-spouse,Prof-specialty,Husband,White,Male,0,0,50,United-States,>50K
24,State-gov,413345,Some-college,10,Married-civ-spouse,Prof-specialty,Wife,White,Female,0,0,50,United-States,<=50K
30,Private,30226,11th,7,Divorced,Sales,Own-child,White,Male,0,0,40,United-States,<=50K
27,Private,97490,Some-college,10,Divorced,Craft-repair,Unmarried,White,Female,0,0,40,United-States,<=50K
60,Private,173960,Bachelors,13,Divorced,Prof-specialty,Not-in-family,White,Female,0,0,42,United-States,<=50K
64,Federal-gov,341695,Some-college,10,Married-civ-spouse,Adm-clerical,Wife,White,Female,0,0,40,United-States,>50K
58,Local-gov,54947,Some-college,10,Never-married,Prof-specialty,Not-in-family,White,Female,0,0,55,United-States,<=50K
24,Private,162593,Bachelors,13,Never-married,Adm-clerical,Not-in-family,Asian-Pac-Islander,Female,0,0,40,United-States,<=50K
28,Private,175262,HS-grad,9,Married-civ-spouse,Machine-op-inspct,Own-child,White,Male,0,0,40,United-States,<=50K
24,Local-gov,162919,Some-college,10,Never-married,Adm-clerical,Not-in-family,White,Female,0,0,40,United-States,<=50K
24,Self-emp-inc,60668,HS-grad,9,Never-married,Craft-repair,Own-child,White,Male,0,0,40,United-States,<=50K
58,Private,201344,Bachelors,13,Divorced,Craft-repair,Own-child,White,Female,0,0,20,United-States,<=50K
21,State-gov,173324,Some-college,10,Never-married,Other-service,Own-child,Black,Male,0,0,20,United-States,<=50K
62,Federal-gov,125155,HS-grad,9,Married-civ-spouse,Adm-clerical,Husband,White,Male,0,0,38,United-States,<=50K
33,State-gov,163110,Bachelors,13,Never-married,Prof-specialty,Not-in-family,White,Male,0,0,20,United-States,<=50K
53,Private,22978,Masters,14,Married-civ-spouse,Exec-managerial,Wife,White,Female,0,0,50,United-States,>50K
34,Private,245378,Bachelors,13,Married-civ-spouse,Exec-managerial,Husband,White,Male,0,0,45,United-States,<=50K
46,Private,249686,Prof-school,15,Separated,Prof-specialty,Not-in-family,White,Male,0,0,50,United-States,>50K
23,State-gov,136075,Bachelors,13,Never-married,Prof-specialty,Not-in-family,White,Female,0,0,32,United-States,<=50K
35,Private,140915,Bachelors,13,Never-married,Sales,Own-child,Asian-Pac-Islander,Male,0,1590,40,South,<=50K
26,Private,245880,HS-grad,9,Never-married,Adm-clerical,Not-in-family,White,Male,0,0,60,United-States,<=50K
57,Private,35884,HS-grad,9,Divorced,Other-service,Not-in-family,White,Female,0,0,40,United-States,<=50K
23,Private,308498,Some-college,10,Never-married,Craft-repair,Own-child,White,Male,0,0,15,United-States,<=50K
41,Private,424478,Some-college,10,Married-civ-spouse,Craft-repair,Husband,Black,Male,0,0,45,United-States,>50K
43,Private,34007,HS-grad,9,Married-civ-spouse,Craft-repair,Husband,White,Male,0,0,40,United-States,>50K
60,Self-emp-not-inc,148492,HS-grad,9,Married-civ-spouse,Craft-repair,Husband,White,Male,0,1485,50,United-States,>50K
44,Private,133853,Some-college,10,Divorced,Exec-managerial,Not-in-family,White,Female,0,0,50,United-States,<=50K
38,Local-gov,177305,Bachelors,13,Married-civ-spouse,Prof-specialty,Husband,White,Male,0,0,38,United-States,<=50K
59,Private,145574,11th,7,Married-civ-spouse,Adm-clerical,Husband,White,Male,0,0,40,United-States,<=50K
22,,35448,HS-grad,9,Married-civ-spouse,,Wife,White,Female,0,0,22,United-States,<=50K
29,Private,198825,HS-grad,9,Never-married,Exec-managerial,Not-in-family,White,Female,0,0,38,United-States,<=50K
32,Local-gov,223267,Masters,14,Married-civ-spouse,Prof-specialty,Husband,White,Male,0,0,48,United-States,<=50K
23,Private,203924,Bachelors,13,Never-married,Prof-specialty,Not-in-family,White,Male,0,0,50,United-States,<=50K
35,Private,63921,HS-grad,9,Married-civ-spouse,Machine-op-inspct,Husband,White,Male,0,0,40,United-States,<=50K
30,Private,446358,HS-grad,9,Never-married,Adm-clerical,Unmarried,White,Male,0,0,41,United-States,<=50K
37,State-gov,354929,Assoc-acdm,12,Divorced,Protective-serv,Not-in-family,Black,Male,0,0,38,United-States,<=50K
30,Private,210851,Some-college,10,Married-civ-spouse,Craft-repair,Husband,White,Male,0,0,40,United-States,<=50K
18,Private,194561,Some-college,10,Never-married,Other-service,Own-child,White,Male,0,0,37,United-States,<=50K
17,Private,342752,11th,7,Never-married,Other-service,Own-child,White,Male,0,0,15,United-States,<=50K
38,Private,240467,Masters,14,Never-married,Exec-managerial,Unmarried,Black,Female,0,0,35,United-States,<=50K
40,Local-gov,289403,7th-8th,4,Married-civ-spouse,Craft-repair,Husband,Black,Male,0,1887,40,,>50K
18,Private,130389,11th,7,Never-married,Other-service,Own-child,White,Male,0,0,20,Scotland,<=50K
20,Private,107658,Some-college,10,Never-married,Tech-support,Not-in-family,White,Female,0,0,10,United-States,<=50K
50,Self-emp-not-inc,146603,Prof-school,15,Married-civ-spouse,Prof-specialty,Husband,White,Male,0,0,40,United-States,>50K
21,Private,131230,Some-college,10,Never-married,Sales,Own-child,White,Male,0,0,10,United-States,<=50K
81,Private,129338,7th-8th,4,Married-civ-spouse,Transport-moving,Husband,White,Male,0,0,10,United-States,<=50K
24,Private,86745,Bachelors,13,Married-civ-spouse,Prof-specialty,Other-relative,Asian-Pac-Islander,Female,0,0,40,Philippines,<=50K
30,Private,191777,Some-college,10,Never-married,Adm-clerical,Unmarried,Black,Female,0,0,40,,<=50K
82,,194590,Assoc-voc,11,Widowed,,Not-in-family,White,Female,0,0,8,United-States,<=50K
35,Private,73715,11th,7,Married-civ-spouse,Craft-repair,Husband,White,Male,0,0,40,United-States,<=50K
39,Private,106961,HS-grad,9,Married-civ-spouse,Sales,Husband,White,Male,0,0,40,United-States,>50K
19,Private,124486,12th,8,Never-married,Other-service,Own-child,White,Male,0,1602,20,United-States,<=50K
34,Self-emp-not-inc,226296,HS-grad,9,Married-civ-spouse,Prof-specialty,Husband,White,Male,0,0,51,United-States,<=50K
29,Private,144259,Bachelors,13,Married-civ-spouse,Handlers-cleaners,Husband,Black,Male,4386,0,80,,>50K
56,Private,111218,HS-grad,9,Married-civ-spouse,Transport-moving,Husband,White,Male,0,0,60,United-States,<=50K
38,Self-emp-not-inc,257250,HS-grad,9,Never-married,Farming-fishing,Not-in-family,White,Male,0,0,52,United-States,<=50K
37,Local-gov,89491,Masters,14,Divorced,Exec-managerial,Not-in-family,White,Female,0,0,40,United-States,<=50K
57,Local-gov,121111,HS-grad,9,Divorced,Adm-clerical,Unmarried,White,Female,0,0,40,United-States,<=50K
38,Private,187983,Prof-school,15,Married-civ-spouse,Sales,Wife,White,Female,0,0,40,United-States,<=50K
20,Private,164219,HS-grad,9,Never-married,Handlers-cleaners,Own-child,White,Male,0,0,45,United-States,<=50K
27,Private,106935,Bachelors,13,Married-civ-spouse,Exec-managerial,Husband,White,Male,0,0,45,United-States,<=50K
24,Private,322674,Assoc-acdm,12,Never-married,Handlers-cleaners,Not-in-family,White,Male,0,0,48,United-States,<=50K
27,Private,36440,Bachelors,13,Never-married,Sales,Not-in-family,White,Female,0,0,40,United-States,<=50K
54,Private,138026,HS-grad,9,Married-civ-spouse,Adm-clerical,Wife,White,Female,0,0,40,United-States,<=50K
52,Local-gov,100226,Bachelors,13,Married-civ-spouse,Adm-clerical,Wife,White,Female,0,0,40,United-States,>50K
39,Private,200153,Bachelors,13,Divorced,Adm-clerical,Not-in-family,White,Male,0,0,40,United-States,<=50K
39,Private,211154,Bachelors,13,Married-civ-spouse,Tech-support,Husband,White,Male,0,0,50,United-States,<=50K
17,Local-gov,32124,9th,5,Never-married,Other-service,Own-child,Black,Male,0,0,9,United-States,<=50K
26,Private,164737,Some-college,10,Never-married,Sales,Not-in-family,White,Female,0,0,40,United-States,<=50K
48,Private,401333,HS-grad,9,Divorced,Sales,Not-in-family,White,Male,0,0,40,United-States,<=50K
51,Private,306785,HS-grad,9,Divorced,Adm-clerical,Not-in-family,White,Female,0,0,40,United-States,<=50K
31,Private,109055,HS-grad,9,Married-civ-spouse,Farming-fishing,Husband,White,Male,3137,0,45,United-States,<=50K
33,Private,209317,9th,5,Never-married,Other-service,Not-in-family,White,Male,0,0,45,El-Salvador,<=50K
64,Private,316627,5th-6th,3,Divorced,Craft-repair,Not-in-family,White,Male,0,0,40,United-States,<=50K
22,Private,304602,HS-grad,9,Never-married,Handlers-cleaners,Own-child,White,Male,0,0,40,United-States,<=50K
30,Private,169104,Assoc-acdm,12,Never-married,Other-service,Other-relative,Asian-Pac-Islander,Male,0,0,40,Vietnam,<=50K
24,Private,240137,1st-4th,2,Never-married,Handlers-cleaners,Not-in-family,White,Male,0,0,55,Mexico,<=50K
40,Private,151365,HS-grad,9,Divorced,Craft-repair,Not-in-family,White,Female,0,0,40,United-States,<=50K
33,Private,232475,Some-college,10,Never-married,Sales,Own-child,White,Male,0,0,45,United-States,<=50K
48,Self-emp-inc,382242,Doctorate,16,Married-civ-spouse,Exec-managerial,Wife,White,Female,0,0,40,United-States,>50K
42,Private,125461,Bachelors,13,Never-married,Sales,Unmarried,White,Male,0,0,40,United-States,<=50K
46,Self-emp-not-inc,32825,HS-grad,9,Separated,Craft-repair,Unmarried,White,Male,0,0,40,United-States,<=50K
29,Federal-gov,208534,Prof-school,15,Married-civ-spouse,Prof-specialty,Husband,White,Male,0,0,80,United-States,<=50K
18,Private,165754,Some-college,10,Never-married,Other-service,Own-child,White,Female,0,0,30,United-States,<=50K
25,Private,209970,Bachelors,13,Never-married,Prof-specialty,Not-in-family,White,Female,0,0,40,United-States,<=50K
70,Self-emp-not-inc,143833,Some-college,10,Married-civ-spouse,Exec-managerial,Husband,White,Male,0,2246,40,United-States,>50K
49,Private,200949,10th,6,Never-married,Other-service,Unmarried,White,Female,0,0,38,Peru,<=50K
54,Private,146310,HS-grad,9,Married-civ-spouse,Transport-moving,Husband,White,Male,0,0,50,United-States,<=50K
33,Private,296538,HS-grad,9,Married-civ-spouse,Sales,Husband,White,Male,0,0,45,United-States,>50K
22,Private,390817,5th-6th,3,Married-civ-spouse,Craft-repair,Other-relative,White,Male,0,0,40,Mexico,<=50K
61,Private,98350,Preschool,1,Married-spouse-absent,Other-service,Not-in-family,Asian-Pac-Islander,Male,0,0,40,China,<=50K
57,Private,103403,5th-6th,3,Married-civ-spouse,Transport-moving,Husband,White,Male,0,0,40,United-States,<=50K
68,Private,185537,Some-college,10,Divorced,Sales,Not-in-family,White,Female,0,0,20,United-States,<=50K
33,Private,183845,HS-grad,9,Married-civ-spouse,Other-service,Wife,White,Female,0,0,38,El-Salvador,<=50K
39,Private,306646,Some-college,10,Married-civ-spouse,Sales,Husband,White,Male,3103,0,50,United-States,>50K
25,Private,278404,Bachelors,13,Never-married,Prof-specialty,Not-in-family,White,Male,0,0,40,United-States,<=50K
55,Federal-gov,169133,Bachelors,13,Divorced,Prof-specialty,Unmarried,White,Male,0,0,40,United-States,<=50K
50,Self-emp-inc,152810,Some-college,10,Married-civ-spouse,Machine-op-inspct,Husband,White,Male,0,0,70,Germany,<=50K
38,Private,177154,HS-grad,9,Married-civ-spouse,Other-service,Husband,White,Male,0,0,40,United-States,<=50K
23,State-gov,170091,Some-college,10,Never-married,Prof-specialty,Own-child,White,Female,0,0,6,United-States,<=50K
33,Private,199046,Bachelors,13,Never-married,Sales,Not-in-family,White,Female,0,0,40,United-States,<=50K
53,Private,215790,Some-college,10,Widowed,Adm-clerical,Other-relative,White,Female,0,0,22,United-States,<=50K
51,Private,224763,7th-8th,4,Married-civ-spouse,Transport-moving,Husband,White,Male,0,0,40,Cuba,<=50K
23,Private,135138,Bachelors,13,Never-married,Sales,Own-child,Asian-Pac-Islander,Male,0,0,40,United-States,<=50K
27,Private,217379,Some-college,10,Divorced,Prof-specialty,Own-child,White,Female,0,0,40,United-States,<=50K
20,Private,224640,Assoc-acdm,12,Never-married,Exec-managerial,Own-child,White,Female,0,0,40,United-States,<=50K
36,Self-emp-not-inc,344351,HS-grad,9,Never-married,Transport-moving,Own-child,White,Male,0,0,40,United-States,<=50K
54,Private,98535,Bachelors,13,Married-civ-spouse,Exec-managerial,Husband,White,Male,0,0,40,United-States,>50K
46,,177305,Assoc-voc,11,Married-civ-spouse,,Wife,Black,Female,0,0,35,United-States,>50K
78,,27979,HS-grad,9,Married-civ-spouse,,Husband,White,Male,2228,0,32,United-States,<=50K
32,Private,29933,Bachelors,13,Married-civ-spouse,Handlers-cleaners,Husband,White,Male,0,0,50,United-States,>50K
29,Private,126060,HS-grad,9,Married-civ-spouse,Sales,Wife,White,Female,0,0,40,United-States,>50K
31,Private,180551,HS-grad,9,Married-civ-spouse,Adm-clerical,Wife,White,Female,0,0,40,United-States,>50K
18,Private,210574,HS-grad,9,Never-married,Sales,Own-child,White,Female,0,0,20,United-States,<=50K
25,Private,182866,HS-grad,9,Never-married,Handlers-cleaners,Own-child,White,Male,0,0,40,United-States,<=50K
22,,34506,Some-college,10,Separated,,Unmarried,White,Female,0,0,25,United-States,<=50K
46,Local-gov,167159,Some-college,10,Married-civ-spouse,Protective-serv,Husband,White,Male,0,0,70,United-States,>50K
49,State-gov,206577,Some-college,10,Divorced,Adm-clerical,Own-child,White,Male,0,0,40,United-States,<=50K
33,State-gov,73296,HS-grad,9,Never-married,Other-service,Unmarried,Black,Female,1831,0,40,United-States,<=50K
47,State-gov,223944,Some-college,10,Married-civ-spouse,Adm-clerical,Wife,White,Female,0,0,30,United-States,<=50K
23,Private,167868,Assoc-voc,11,Never-married,Adm-clerical,Not-in-family,White,Female,0,0,40,United-States,<=50K
39,Private,184801,Bachelors,13,Married-civ-spouse,Prof-specialty,Husband,White,Male,0,0,40,United-States,>50K
27,Private,173611,Assoc-acdm,12,Never-married,Sales,Not-in-family,White,Female,0,0,40,United-States,<=50K
31,Private,47296,Some-college,10,Married-civ-spouse,Adm-clerical,Wife,White,Female,0,1740,20,United-States,<=50K
44,Self-emp-not-inc,120539,Bachelors,13,Never-married,Sales,Not-in-family,White,Male,0,0,50,United-States,>50K
49,Private,165953,HS-grad,9,Married-civ-spouse,Machine-op-inspct,Husband,White,Male,0,1902,40,United-States,<=50K
41,Private,45156,HS-grad,9,Never-married,Machine-op-inspct,Not-in-family,White,Male,2174,0,41,United-States,<=50K
73,,132737,10th,6,Never-married,,Not-in-family,White,Male,0,0,4,United-States,<=50K
39,Local-gov,301614,11th,7,Married-civ-spouse,Other-service,Husband,White,Male,0,0,40,United-States,<=50K
58,State-gov,109567,Doctorate,16,Married-civ-spouse,Prof-specialty,Husband,White,Male,0,0,1,United-States,>50K
18,Private,133055,HS-grad,9,Never-married,Other-service,Own-child,White,Female,0,0,30,United-States,<=50K
18,Private,127388,12th,8,Never-married,Other-service,Not-in-family,White,Female,0,0,25,United-States,<=50K
34,Local-gov,209213,Bachelors,13,Never-married,Prof-specialty,Other-relative,Black,Male,0,0,15,United-States,<=50K
23,Local-gov,197918,Some-college,10,Never-married,Protective-serv,Own-child,White,Male,0,0,40,United-States,>50K
27,Private,277760,HS-grad,9,Divorced,Exec-managerial,Unmarried,White,Female,0,0,40,United-States,<=50K
23,Private,380281,Assoc-acdm,12,Never-married,Other-service,Own-child,White,Male,0,0,25,Columbia,<=50K
48,Private,96359,Bachelors,13,Married-civ-spouse,Exec-managerial,Husband,White,Male,0,0,60,Greece,>50K
71,Self-emp-not-inc,322789,HS-grad,9,Married-civ-spouse,Farming-fishing,Husband,Amer-Indian-Eskimo,Male,0,0,35,United-States,<=50K
34,Private,187215,Bachelors,13,Married-civ-spouse,Prof-specialty,Wife,White,Female,15024,0,36,United-States,>50K
37,Local-gov,98725,Bachelors,13,Never-married,Tech-support,Own-child,White,Female,0,0,42,United-States,<=50K
18,Private,478380,11th,7,Never-married,Sales,Own-child,White,Female,0,0,25,United-States,<=50K
54,Private,219737,HS-grad,9,Widowed,Sales,Not-in-family,White,Female,0,0,37,United-States,<=50K
42,Private,103932,Assoc-voc,11,Divorced,Prof-specialty,Unmarried,White,Female,0,0,40,United-States,<=50K
50,Private,104501,HS-grad,9,Never-married,Adm-clerical,Not-in-family,White,Male,0,1980,40,United-States,<=50K
30,Private,609789,11th,7,Married-civ-spouse,Farming-fishing,Husband,White,Male,0,0,60,Mexico,<=50K
51,Self-emp-inc,194995,Some-college,10,Married-civ-spouse,Exec-managerial,Husband,White,Male,0,0,45,United-States,>50K
50,Private,164198,Assoc-acdm,12,Married-civ-spouse,Handlers-cleaners,Husband,Black,Male,15024,0,45,United-States,>50K
19,Private,418324,Some-college,10,Never-married,Sales,Own-child,White,Male,0,0,36,United-States,<=50K
23,Private,184255,HS-grad,9,Married-civ-spouse,Sales,Wife,White,Female,0,0,40,United-States,<=50K
40,Private,212760,HS-grad,9,Divorced,Craft-repair,Not-in-family,White,Male,0,0,40,United-States,<=50K
41,Self-emp-not-inc,203451,Some-college,10,Divorced,Prof-specialty,Not-in-family,White,Female,0,0,15,United-States,<=50K
39,Private,342642,HS-grad,9,Divorced,Sales,Not-in-family,White,Male,0,0,60,United-States,<=50K
28,Private,217200,HS-grad,9,Never-married,Machine-op-inspct,Not-in-family,White,Male,0,0,50,United-States,<=50K
33,Local-gov,251521,Bachelors,13,Never-married,Exec-managerial,Not-in-family,White,Female,0,0,50,United-States,<=50K
39,Private,99065,Bachelors,13,Married-civ-spouse,Handlers-cleaners,Wife,White,Female,0,0,40,Poland,>50K
36,Private,65624,Bachelors,13,Never-married,Prof-specialty,Not-in-family,White,Male,0,0,40,United-States,<=50K
41,Private,134130,Bachelors,13,Married-civ-spouse,Sales,Husband,White,Male,0,0,50,United-States,>50K
31,Private,305692,Some-college,10,Married-civ-spouse,Sales,Wife,Black,Female,0,0,40,United-States,<=50K
48,Self-emp-not-inc,200471,Some-college,10,Married-civ-spouse,Craft-repair,Husband,White,Male,0,0,40,United-States,<=50K
40,Self-emp-inc,111483,Bachelors,13,Never-married,Prof-specialty,Own-child,White,Male,0,0,40,United-States,<=50K
50,Local-gov,259377,Masters,14,Married-civ-spouse,Prof-specialty,Wife,White,Female,15024,0,40,United-States,>50K
49,Private,123584,11th,7,Married-civ-spouse,Transport-moving,Husband,White,Male,0,0,75,United-States,<=50K
31,Private,182237,Assoc-acdm,12,Married-civ-spouse,Sales,Husband,White,Male,4386,0,45,United-States,>50K
28,Private,176683,Assoc-voc,11,Married-civ-spouse,Tech-support,Husband,White,Male,0,0,70,United-States,>50K
52,Self-emp-not-inc,89028,HS-grad,9,Married-civ-spouse,Craft-repair,Husband,Asian-Pac-Islander,Male,0,0,40,United-States,<=50K
23,Self-emp-not-inc,121313,HS-grad,9,Never-married,Craft-repair,Own-child,White,Male,0,0,40,United-States,<=50K
58,Self-emp-inc,78104,HS-grad,9,Married-civ-spouse,Exec-managerial,Husband,White,Male,0,0,45,United-States,<=50K
84,Private,388384,7th-8th,4,Married-civ-spouse,Prof-specialty,Husband,Black,Male,0,0,10,United-States,<=50K
27,Private,159623,Some-college,10,Married-civ-spouse,Sales,Husband,White,Male,0,0,40,United-States,<=50K
24,Private,186314,Some-college,10,Separated,Prof-specialty,Own-child,White,Male,0,0,54,United-States,<=50K
27,Self-emp-not-inc,328518,Assoc-voc,11,Never-married,Prof-specialty,Other-relative,White,Male,0,0,30,United-States,<=50K
20,State-gov,178628,Some-college,10,Never-married,Adm-clerical,Own-child,White,Male,0,0,40,United-States,<=50K
29,Private,326330,Some-college,10,Divorced,Exec-managerial,Own-child,White,Female,1831,0,40,United-States,<=50K
25,Local-gov,58441,Bachelors,13,Never-married,Prof-specialty,Not-in-family,White,Female,0,0,40,United-States,<=50K
17,Private,240143,11th,7,Never-married,Craft-repair,Own-child,White,Male,0,0,30,United-States,<=50K
19,,35507,Some-college,10,Never-married,,Own-child,White,Female,0,0,45,United-States,<=50K
49,Private,250733,HS-grad,9,Married-civ-spouse,Craft-repair,Husband,White,Male,0,0,46,United-States,<=50K
43,Private,185832,Some-college,10,Married-civ-spouse,Machine-op-inspct,Husband,White,Male,0,0,48,United-States,>50K
47,Private,368561,Some-college,10,Married-civ-spouse,Craft-repair,Husband,White,Male,0,0,40,United-States,>50K
40,Private,105936,HS-grad,9,Married-spouse-absent,Adm-clerical,Own-child,White,Female,0,0,38,United-States,<=50K
32,Private,86808,Some-college,10,Never-married,Other-service,Own-child,White,Female,0,0,38,United-States,<=50K
41,Private,58880,Bachelors,13,Married-civ-spouse,Prof-specialty,Wife,White,Female,7688,0,10,United-States,>50K
19,Private,286435,Some-college,10,Never-married,Craft-repair,Own-child,White,Male,594,0,40,United-States,<=50K
31,Private,594187,HS-grad,9,Married-civ-spouse,Machine-op-inspct,Husband,White,Male,0,0,40,United-States,<=50K
59,Local-gov,296253,Masters,14,Divorced,Prof-specialty,Unmarried,White,Female,8614,0,60,United-States,>50K
31,Private,173858,Prof-school,15,Married-civ-spouse,Tech-support,Husband,Asian-Pac-Islander,Male,0,0,40,India,<=50K
19,Local-gov,202184,Some-college,10,Never-married,Adm-clerical,Own-child,White,Male,0,0,15,United-States,<=50K
64,State-gov,222966,7th-8th,4,Married-civ-spouse,Other-service,Wife,Black,Female,0,0,40,United-States,<=50K
56,Private,83196,HS-grad,9,Married-civ-spouse,Exec-managerial,Husband,White,Male,0,0,50,United-States,<=50K
76,,173542,Bachelors,13,Married-civ-spouse,,Husband,White,Male,0,0,10,United-States,<=50K
40,Private,195892,Some-college,10,Divorced,Transport-moving,Not-in-family,Black,Female,0,0,40,United-States,<=50K
43,Private,187702,Some-college,10,Never-married,Other-service,Not-in-family,White,Male,2174,0,45,United-States,<=50K
36,Self-emp-not-inc,138940,HS-grad,9,Married-civ-spouse,Farming-fishing,Husband,White,Male,0,0,70,United-States,<=50K
49,Private,193366,HS-grad,9,Married-civ-spouse,Craft-repair,Husband,White,Male,0,0,40,United-States,<=50K
48,Self-emp-not-inc,97883,HS-grad,9,Separated,Other-service,Other-relative,White,Female,0,0,25,United-States,<=50K
23,Private,249046,10th,6,Married-civ-spouse,Handlers-cleaners,Husband,White,Male,0,0,40,United-States,<=50K
50,Private,161438,HS-grad,9,Married-civ-spouse,Exec-managerial,Husband,White,Male,0,0,50,United-States,>50K
31,Private,199655,Masters,14,Divorced,Other-service,Not-in-family,Other,Female,0,0,30,United-States,<=50K
42,Private,32981,HS-grad,9,Divorced,Machine-op-inspct,Not-in-family,White,Male,0,0,40,United-States,<=50K
27,Private,194690,9th,5,Never-married,Other-service,Own-child,White,Male,0,0,50,Mexico,<=50K
40,Private,144928,Some-college,10,Divorced,Craft-repair,Not-in-family,White,Male,0,0,40,United-States,<=50K
21,Private,260254,HS-grad,9,Never-married,Craft-repair,Not-in-family,White,Male,0,0,40,United-States,<=50K
34,Private,483777,HS-grad,9,Never-married,Handlers-cleaners,Not-in-family,Black,Male,0,0,40,United-States,<=50K
27,Local-gov,172091,HS-grad,9,Never-married,Craft-repair,Unmarried,Black,Male,0,0,40,United-States,<=50K
35,Private,475324,Bachelors,13,Married-civ-spouse,Exec-managerial,Husband,White,Male,0,0,45,United-States,<=50K
33,Private,174789,Some-college,10,Never-married,Machine-op-inspct,Not-in-family,White,Male,0,0,40,United-States,<=50K
55,Private,110871,Bachelors,13,Married-civ-spouse,Sales,Husband,White,Male,0,0,40,United-States,<=50K
54,Private,178946,HS-grad,9,Married-civ-spouse,Craft-repair,Husband,White,Male,0,0,48,United-States,>50K
48,Private,431513,10th,6,Married-civ-spouse,Craft-repair,Husband,White,Male,0,0,65,United-States,>50K
35,Private,340018,10th,6,Never-married,Other-service,Unmarried,Black,Female,0,0,38,United-States,<=50K
20,Private,238917,HS-grad,9,Never-married,Craft-repair,Other-relative,White,Male,0,0,40,El-Salvador,<=50K
18,Private,92864,12th,8,Never-married,Other-service,Own-child,White,Female,0,0,20,United-States,<=50K
40,Self-emp-not-inc,27242,HS-grad,9,Married-civ-spouse,Farming-fishing,Husband,White,Male,0,0,84,United-States,<=50K
63,Private,86108,HS-grad,9,Widowed,Farming-fishing,Not-in-family,White,Male,0,0,6,United-States,<=50K
26,Self-emp-not-inc,93806,Some-college,10,Married-civ-spouse,Sales,Husband,White,Male,0,0,55,United-States,<=50K
46,Federal-gov,33794,Bachelors,13,Married-civ-spouse,Tech-support,Husband,White,Male,3103,0,40,United-States,>50K
28,Private,312372,HS-grad,9,Married-civ-spouse,Exec-managerial,Husband,Black,Male,15024,0,40,United-States,>50K
55,Private,226875,HS-grad,9,Married-civ-spouse,Sales,Husband,White,Male,4064,0,40,United-States,<=50K
57,Local-gov,198145,Masters,14,Married-civ-spouse,Protective-serv,Husband,White,Male,0,0,14,United-States,>50K
30,Private,159442,HS-grad,9,Separated,Adm-clerical,Not-in-family,White,Female,0,0,40,United-States,<=50K
26,Private,34803,HS-grad,9,Never-married,Exec-managerial,Not-in-family,White,Female,0,0,40,United-States,<=50K
52,Private,208302,HS-grad,9,Married-civ-spouse,Machine-op-inspct,Husband,White,Male,0,0,60,United-States,<=50K
42,Private,340885,HS-grad,9,Divorced,Farming-fishing,Not-in-family,White,Male,0,0,44,United-States,<=50K
56,Private,177271,Assoc-voc,11,Married-civ-spouse,Tech-support,Husband,White,Male,0,0,40,United-States,>50K
32,Private,203674,Assoc-acdm,12,Divorced,Prof-specialty,Unmarried,White,Female,0,880,36,United-States,<=50K
36,Private,213008,HS-grad,9,Divorced,Farming-fishing,Not-in-family,White,Male,0,0,40,United-States,<=50K
37,Private,80410,11th,7,Married-civ-spouse,Other-service,Husband,White,Male,0,0,40,United-States,<=50K
39,Federal-gov,65324,Prof-school,15,Never-married,Prof-specialty,Not-in-family,White,Male,0,0,55,United-States,>50K
20,Private,151780,Assoc-voc,11,Never-married,Sales,Not-in-family,Black,Female,0,0,35,United-States,<=50K
38,Private,180342,Bachelors,13,Married-civ-spouse,Adm-clerical,Husband,White,Male,0,0,40,United-States,<=50K
26,Private,195555,Bachelors,13,Never-married,Sales,Not-in-family,White,Female,0,0,40,United-States,<=50K
45,Self-emp-not-inc,91044,Masters,14,Divorced,Prof-specialty,Not-in-family,White,Female,0,0,15,United-States,<=50K
19,Private,265576,HS-grad,9,Never-married,Handlers-cleaners,Own-child,White,Male,0,0,50,United-States,<=50K
19,,113915,HS-grad,9,Never-married,,Own-child,Black,Male,0,0,10,United-States,<=50K
27,Private,359155,Bachelors,13,Married-civ-spouse,Prof-specialty,Wife,White,Female,0,0,40,United-States,>50K
90,Private,52386,Some-college,10,Never-married,Other-service,Not-in-family,Asian-Pac-Islander,Male,0,0,35,United-States,<=50K
61,Private,170262,HS-grad,9,Married-civ-spouse,Exec-managerial,Wife,White,Female,15024,0,38,United-States,>50K
51,Local-gov,96678,Masters,14,Married-civ-spouse,Prof-specialty,Husband,White,Male,0,0,60,United-States,<=50K
22,Private,117779,Bachelors,13,Never-married,Prof-specialty,Own-child,White,Male,0,0,40,United-States,<=50K
21,,355686,HS-grad,9,Never-married,,Own-child,White,Female,0,0,10,United-States,<=50K
45,Local-gov,195418,Masters,14,Divorced,Prof-specialty,Not-in-family,Black,Male,0,0,40,United-States,<=50K
46,Private,137547,HS-grad,9,Divorced,Craft-repair,Not-in-family,Amer-Indian-Eskimo,Male,0,0,40,United-States,<=50K
53,State-gov,144586,Some-college,10,Never-married,Protective-serv,Not-in-family,White,Female,0,0,40,United-States,<=50K
29,State-gov,188986,Assoc-voc,11,Never-married,Tech-support,Not-in-family,White,Female,0,1590,64,United-States,<=50K
29,Private,270421,Bachelors,13,Married-civ-spouse,Craft-repair,Husband,White,Male,0,0,50,United-States,>50K
35,Self-emp-not-inc,462890,10th,6,Married-civ-spouse,Transport-moving,Husband,Black,Male,0,0,50,United-States,<=50K
30,Self-emp-not-inc,33308,HS-grad,9,Never-married,Craft-repair,Not-in-family,White,Male,0,0,40,United-States,<=50K
26,Private,210714,HS-grad,9,Married-civ-spouse,Transport-moving,Husband,White,Male,0,0,52,United-States,>50K
28,,30237,Some-college,10,Never-married,,Unmarried,White,Female,0,0,40,United-States,<=50K
41,Private,206948,Bachelors,13,Married-civ-spouse,Sales,Husband,White,Male,0,0,40,United-States,>50K
81,,120478,Assoc-voc,11,Divorced,,Unmarried,White,Female,0,0,1,,<=50K
32,Private,249550,Some-college,10,Never-married,Prof-specialty,Not-in-family,White,Male,0,0,44,United-States,<=50K
26,Private,37202,Bachelors,13,Never-married,Prof-specialty,Not-in-family,White,Female,0,0,45,United-States,<=50K
42,Private,288154,Some-college,10,Married-civ-spouse,Craft-repair,Husband,White,Male,0,0,89,United-States,>50K
35,Private,174503,HS-grad,9,Divorced,Craft-repair,Not-in-family,White,Female,0,0,40,United-States,<=50K
25,Private,208591,Bachelors,13,Never-married,Prof-specialty,Own-child,White,Male,0,0,40,United-States,<=50K
31,Private,84154,Some-college,10,Married-civ-spouse,Sales,Husband,White,Male,0,0,38,,>50K
38,Private,461337,HS-grad,9,Never-married,Sales,Not-in-family,White,Female,0,0,33,United-States,<=50K
21,Private,56582,11th,7,Never-married,Other-service,Own-child,White,Male,0,0,50,United-States,<=50K
23,,87569,Some-college,10,Separated,,Not-in-family,White,Female,0,0,40,United-States,<=50K
20,Private,201799,Some-college,10,Never-married,Sales,Own-child,White,Female,0,0,13,United-States,<=50K
29,Private,210464,9th,5,Married-civ-spouse,Machine-op-inspct,Husband,White,Male,0,0,40,United-States,<=50K
40,Private,169031,HS-grad,9,Never-married,Farming-fishing,Not-in-family,White,Male,0,0,40,United-States,<=50K
35,Private,538583,11th,7,Separated,Transport-moving,Not-in-family,Black,Male,3674,0,40,United-States,<=50K
35,Private,119098,Masters,14,Married-civ-spouse,Exec-managerial,Husband,White,Male,0,0,40,United-States,<=50K
36,Private,186865,Doctorate,16,Married-civ-spouse,Prof-specialty,Husband,White,Male,0,0,60,United-States,>50K
59,Local-gov,102442,Bachelors,13,Married-civ-spouse,Prof-specialty,Wife,White,Female,0,0,45,United-States,>50K
53,Self-emp-not-inc,257126,12th,8,Married-civ-spouse,Craft-repair,Husband,White,Male,0,0,45,United-States,<=50K
19,Private,269991,HS-grad,9,Never-married,Other-service,Own-child,White,Male,0,0,40,Puerto-Rico,<=50K
32,Self-emp-not-inc,174789,Bachelors,13,Married-civ-spouse,Prof-specialty,Husband,White,Male,0,0,50,United-States,>50K
41,Private,198425,Some-college,10,Married-civ-spouse,Craft-repair,Husband,White,Male,0,0,45,United-States,<=50K
27,Private,205440,10th,6,Married-civ-spouse,Machine-op-inspct,Husband,White,Male,0,0,40,United-States,<=50K
39,Local-gov,43702,Assoc-voc,11,Married-civ-spouse,Adm-clerical,Wife,White,Female,0,0,37,United-States,<=50K
38,Private,99388,Assoc-acdm,12,Married-civ-spouse,Other-service,Husband,White,Male,0,0,40,El-Salvador,<=50K
49,Private,93639,Bachelors,13,Married-civ-spouse,Exec-managerial,Wife,White,Female,0,0,43,United-States,<=50K
45,Private,178319,Doctorate,16,Married-civ-spouse,Prof-specialty,Husband,White,Male,0,0,56,United-States,>50K
24,Self-emp-inc,165474,Bachelors,13,Never-married,Sales,Own-child,White,Male,0,0,40,United-States,<=50K
23,Self-emp-not-inc,191283,HS-grad,9,Never-married,Transport-moving,Own-child,White,Male,0,0,40,United-States,<=50K
47,Local-gov,193012,Masters,14,Divorced,Protective-serv,Not-in-family,Black,Male,0,0,50,United-States,>50K
55,Private,106498,10th,6,Widowed,Transport-moving,Not-in-family,Black,Female,0,0,35,United-States,<=50K
24,Private,118657,12th,8,Married-civ-spouse,Machine-op-inspct,Husband,White,Male,0,0,40,United-States,<=50K
30,Private,155343,HS-grad,9,Married-civ-spouse,Craft-repair,Husband,White,Male,5013,0,40,United-States,<=50K
78,,74795,Assoc-acdm,12,Widowed,,Not-in-family,White,Female,0,0,4,United-States,<=50K
40,Private,126701,Bachelors,13,Married-spouse-absent,Exec-managerial,Not-in-family,White,Male,0,0,40,United-States,>50K
24,Private,204653,Some-college,10,Never-married,Craft-repair,Own-child,White,Male,0,0,40,United-States,<=50K
28,Private,95725,Assoc-voc,11,Never-married,Handlers-cleaners,Not-in-family,White,Male,0,0,45,United-States,<=50K
23,Private,413345,Bachelors,13,Never-married,Adm-clerical,Not-in-family,White,Female,0,0,60,United-States,<=50K
37,Private,93717,Some-college,10,Married-civ-spouse,Adm-clerical,Wife,White,Female,7298,0,45,United-States,>50K
27,Private,135308,Bachelors,13,Never-married,Sales,Not-in-family,Black,Female,0,0,40,United-States,<=50K
19,Private,109928,11th,7,Never-married,Sales,Own-child,Black,Female,0,0,35,United-States,<=50K
70,Private,35494,HS-grad,9,Married-civ-spouse,Exec-managerial,Husband,White,Male,0,0,30,United-States,<=50K
25,Private,124111,HS-grad,9,Never-married,Other-service,Not-in-family,White,Female,0,0,38,United-States,<=50K
31,Private,103435,Bachelors,13,Married-civ-spouse,Sales,Husband,White,Male,0,0,50,United-States,>50K
46,Self-emp-inc,276934,Bachelors,13,Married-civ-spouse,Sales,Husband,White,Male,0,0,70,United-States,>50K
36,Private,231948,HS-grad,9,Married-civ-spouse,Craft-repair,Husband,White,Male,0,0,64,United-States,>50K
46,Private,114797,HS-grad,9,Married-civ-spouse,Machine-op-inspct,Wife,Black,Female,0,0,36,United-States,<=50K
52,Private,99736,Masters,14,Divorced,Prof-specialty,Unmarried,White,Male,15020,0,50,United-States,>50K
26,Private,142506,Bachelors,13,Never-married,Prof-specialty,Unmarried,Black,Female,0,0,35,United-States,<=50K
23,Private,235853,HS-grad,9,Married-civ-spouse,Sales,Husband,White,Male,0,0,45,United-States,<=50K
33,Private,178107,Bachelors,13,Never-married,Craft-repair,Own-child,White,Male,0,0,20,United-States,<=50K
76,,84755,Some-college,10,Widowed,,Unmarried,White,Female,0,0,40,United-States,<=50K
36,Private,180859,Assoc-voc,11,Married-civ-spouse,Handlers-cleaners,Husband,White,Male,0,0,38,United-States,<=50K
18,Private,178142,HS-grad,9,Never-married,Craft-repair,Own-child,White,Male,0,0,40,United-States,<=50K
30,Self-emp-inc,292465,Bachelors,13,Never-married,Exec-managerial,Not-in-family,White,Male,0,0,40,United-States,<=50K
57,Private,334224,Some-college,10,Married-civ-spouse,Craft-repair,Wife,White,Female,9386,0,40,United-States,>50K
31,Private,37546,Bachelors,13,Never-married,Prof-specialty,Not-in-family,White,Female,0,0,40,United-States,<=50K
23,Private,107578,Bachelors,13,Never-married,Adm-clerical,Own-child,White,Female,2174,0,40,United-States,<=50K
39,Private,258037,Masters,14,Never-married,Adm-clerical,Not-in-family,White,Male,0,0,40,,<=50K
32,Private,174215,Some-college,10,Divorced,Sales,Unmarried,White,Female,0,0,40,United-States,<=50K
34,Private,195860,HS-grad,9,Married-civ-spouse,Craft-repair,Husband,White,Male,0,0,40,United-States,<=50K
30,Private,269723,HS-grad,9,Never-married,Exec-managerial,Not-in-family,White,Female,0,0,40,United-States,<=50K
61,Private,159046,7th-8th,4,Married-civ-spouse,Transport-moving,Husband,White,Male,0,0,40,United-States,<=50K
33,Private,354573,Masters,14,Married-civ-spouse,Prof-specialty,Husband,White,Male,15024,0,44,United-States,>50K
24,Private,285457,HS-grad,9,Never-married,Other-service,Not-in-family,White,Male,0,0,40,United-States,<=50K
46,Private,176814,Prof-school,15,Married-civ-spouse,Prof-specialty,Husband,White,Male,99999,0,50,United-States,>50K
20,Self-emp-not-inc,211466,HS-grad,9,Never-married,Transport-moving,Own-child,White,Male,0,0,80,United-States,<=50K
49,Federal-gov,35406,HS-grad,9,Widowed,Exec-managerial,Not-in-family,White,Female,0,0,20,United-States,<=50K
48,Self-emp-not-inc,185385,HS-grad,9,Married-civ-spouse,Farming-fishing,Husband,White,Male,0,0,98,United-States,<=50K
34,Private,94413,HS-grad,9,Married-civ-spouse,Transport-moving,Husband,White,Male,0,0,40,United-States,>50K
24,Private,354351,HS-grad,9,Never-married,Craft-repair,Own-child,White,Male,0,0,40,United-States,<=50K
27,Private,386036,Some-college,10,Never-married,Transport-moving,Not-in-family,White,Male,0,0,48,United-States,<=50K
40,State-gov,390781,HS-grad,9,Divorced,Other-service,Not-in-family,Black,Female,0,0,48,United-States,<=50K
40,Self-emp-not-inc,48859,HS-grad,9,Married-civ-spouse,Craft-repair,Husband,White,Male,0,0,32,United-States,<=50K
35,Private,216473,Some-college,10,Married-civ-spouse,Adm-clerical,Husband,White,Male,0,0,50,United-States,>50K
51,Private,251487,7th-8th,4,Widowed,Machine-op-inspct,Not-in-family,Amer-Indian-Eskimo,Female,0,0,40,United-States,<=50K
34,Private,118551,Bachelors,13,Never-married,Tech-support,Not-in-family,White,Female,0,0,40,United-States,<=50K
21,Private,197182,Assoc-acdm,12,Never-married,Prof-specialty,Not-in-family,White,Female,0,0,40,United-States,<=50K
51,Private,224207,Some-college,10,Married-civ-spouse,Sales,Husband,White,Male,0,0,40,United-States,>50K
31,Private,193215,Some-college,10,Married-civ-spouse,Exec-managerial,Own-child,White,Male,0,0,50,United-States,<=50K
70,,230816,Assoc-voc,11,Never-married,,Not-in-family,White,Male,0,0,30,United-States,<=50K
30,Private,157778,Some-college,10,Married-civ-spouse,Prof-specialty,Husband,White,Male,0,0,25,United-States,>50K
34,Private,45114,Bachelors,13,Never-married,Sales,Own-child,Black,Female,0,0,40,United-States,<=50K
39,Private,680390,HS-grad,9,Separated,Machine-op-inspct,Unmarried,White,Female,0,0,24,United-States,<=50K
61,,161279,HS-grad,9,Widowed,,Not-in-family,White,Female,0,0,36,United-States,<=50K
38,Private,76878,11th,7,Married-civ-spouse,Craft-repair,Husband,White,Male,5178,0,40,United-States,>50K
50,Local-gov,24139,Masters,14,Divorced,Prof-specialty,Unmarried,White,Female,0,0,65,United-States,<=50K
66,,175891,9th,5,Married-civ-spouse,,Husband,White,Male,0,0,40,United-States,<=50K
45,Private,353012,HS-grad,9,Divorced,Transport-moving,Not-in-family,White,Male,0,0,40,United-States,<=50K
44,Private,268098,12th,8,Never-married,Transport-moving,Not-in-family,Black,Male,0,0,36,United-States,<=50K
22,Private,206974,Bachelors,13,Never-married,Sales,Not-in-family,White,Female,0,0,40,United-States,<=50K
52,Self-emp-not-inc,135716,HS-grad,9,Married-civ-spouse,Farming-fishing,Husband,White,Male,0,0,70,United-States,<=50K
37,Private,59313,Some-college,10,Separated,Other-service,Not-in-family,Black,Male,0,0,40,,<=50K
38,Private,108140,Bachelors,13,Never-married,Exec-managerial,Not-in-family,White,Male,2202,0,45,United-States,<=50K
42,Private,156580,Bachelors,13,Married-civ-spouse,Sales,Wife,White,Female,0,0,40,Puerto-Rico,<=50K
21,Private,210355,11th,7,Never-married,Prof-specialty,Not-in-family,White,Female,0,0,24,United-States,<=50K
42,Private,231813,11th,7,Married-civ-spouse,Transport-moving,Husband,White,Male,0,0,40,United-States,<=50K
30,Private,97723,HS-grad,9,Never-married,Machine-op-inspct,Own-child,White,Male,0,0,45,United-States,<=50K
23,Private,155919,9th,5,Married-spouse-absent,Craft-repair,Not-in-family,White,Male,0,0,40,Mexico,<=50K
28,Private,192384,Bachelors,13,Married-civ-spouse,Sales,Husband,White,Male,0,0,40,United-States,>50K
43,Federal-gov,77370,HS-grad,9,Married-civ-spouse,Transport-moving,Husband,White,Male,0,0,40,United-States,<=50K
27,Private,203776,Assoc-acdm,12,Married-civ-spouse,Exec-managerial,Husband,White,Male,0,0,55,United-States,<=50K
53,Private,346253,HS-grad,9,Divorced,Sales,Own-child,White,Female,0,0,35,United-States,<=50K
62,Self-emp-not-inc,215944,5th-6th,3,Married-civ-spouse,Farming-fishing,Husband,White,Male,0,0,30,United-States,<=50K
62,,191188,HS-grad,9,Married-civ-spouse,,Husband,White,Male,0,0,40,United-States,<=50K
40,Private,121956,Bachelors,13,Married-spouse-absent,Prof-specialty,Not-in-family,Asian-Pac-Islander,Male,13550,0,40,Cambodia,>50K
29,Private,130620,Some-college,10,Married-spouse-absent,Sales,Own-child,Asian-Pac-Islander,Female,0,0,26,India,<=50K
47,Private,185866,Prof-school,15,Married-civ-spouse,Prof-specialty,Husband,White,Male,0,0,60,,>50K
32,Federal-gov,191385,Assoc-acdm,12,Divorced,Protective-serv,Not-in-family,White,Male,2174,0,40,United-States,<=50K
29,Private,90934,Bachelors,13,Never-married,Prof-specialty,Own-child,Asian-Pac-Islander,Male,0,0,64,Philippines,>50K
28,Private,130856,Bachelors,13,Married-civ-spouse,Prof-specialty,Husband,White,Male,0,0,40,United-States,>50K
21,Private,206891,7th-8th,4,Never-married,Farming-fishing,Own-child,White,Female,0,0,38,United-States,<=50K
19,Private,176570,11th,7,Never-married,Machine-op-inspct,Own-child,White,Male,0,0,60,United-States,<=50K
54,Self-emp-not-inc,269068,Prof-school,15,Married-civ-spouse,Prof-specialty,Husband,Asian-Pac-Islander,Male,99999,0,50,Philippines,>50K
37,Private,202683,Some-college,10,Married-civ-spouse,Sales,Husband,White,Male,0,0,48,United-States,>50K
23,Private,268145,Bachelors,13,Never-married,Exec-managerial,Not-in-family,White,Female,0,0,45,United-States,<=50K
56,Local-gov,268213,Masters,14,Married-civ-spouse,Prof-specialty,Husband,White,Male,0,0,35,,>50K
26,Private,120238,Bachelors,13,Never-married,Sales,Other-relative,White,Male,0,0,40,United-States,<=50K
40,Private,116632,Bachelors,13,Divorced,Sales,Own-child,White,Male,0,0,80,United-States,<=50K
44,Private,288433,Some-college,10,Never-married,Adm-clerical,Own-child,Black,Female,0,0,40,United-States,<=50K
38,Private,91857,Some-college,10,Married-civ-spouse,Craft-repair,Husband,White,Male,0,0,41,United-States,<=50K
